,DATETIME,Body of Water Name,DataContact,LAT,LONG,Secchi Depth (m),Total Nitrogen (ug/L),Total Phosphorus (ug/L),Total Chlorophyll a (ug/L),Microcystin (ug/L)
0,2006-01-04 00:00:00,Alto,Dana Stephens,29.7787,-82.143467,1.1176,773.333333,11.0,7.66666667,0.0772239
1,2006-03-06 00:00:00,Alto,Dana Stephens,29.7787,-82.143467,1.016,653.333333,19.0,8.66666667,0.05965698
2,2006-05-04 00:00:00,Alto,Dana Stephens,29.7787,-82.143467,0.8128,806.666667,18.0,8.0,0.00373996
3,2006-07-05 00:00:00,Alto,Dana Stephens,29.7787,-82.143467,1.1684,820.0,22.3333333,19.6666667,0.04154836
4,2006-09-06 00:00:00,Alto,Dana Stephens,29.7787,-82.143467,1.17856,873.333333,24.0,28.0,0.0374404
5,2006-11-08 00:00:00,Alto,Dana Stephens,29.7787,-82.143467,1.524,666.666667,15.0,6.0,0.02789103
6,2006-01-17 00:00:00,Bivans Arm,Dana Stephens,29.6241167,-82.343867,0.21336,3390.0,194.666667,197.666667,0.05890192
7,2006-03-19 00:00:00,Bivans Arm,Dana Stephens,29.6241167,-82.343867,0.3048,2446.66667,253.0,116.0,0.09454987
8,2006-05-18 00:00:00,Bivans Arm,Dana Stephens,29.6241167,-82.343867,0.24384,4313.33333,342.333333,280.0,0.1148911
9,2006-08-21 00:00:00,Bivans Arm,Dana Stephens,29.6241167,-82.343867,0.3048,2600.0,179.666667,98.6666667,0.1006728
10,2006-09-23 00:00:00,Bivans Arm,Dana Stephens,29.6241167,-82.343867,0.3048,2690.0,206.333333,107.666667,0.07979847
11,2006-11-30 00:00:00,Bivans Arm,Dana Stephens,29.6241167,-82.343867,0.24384,2836.66667,223.666667,111.333333,0.06939975
12,2006-01-22 00:00:00,Little Orange,Dana Stephens,29.5772222,-82.056944,0.87376,996.666667,143.666667,4.0,0.06089009
13,2006-03-18 00:00:00,Little Orange,Dana Stephens,29.5772222,-82.056944,0.9144,1020.0,127.333333,4.33333333,0.06861921
14,2006-05-21 00:00:00,Little Orange,Dana Stephens,29.5772222,-82.056944,0.6096,1030.0,132.333333,7.33333333,0.00244496
15,2006-07-30 00:00:00,Little Orange,Dana Stephens,29.5772222,-82.056944,0.94488,910.0,131.333333,9.0,0.05957109
16,2006-09-17 00:00:00,Little Orange,Dana Stephens,29.5772222,-82.056944,1.09728,906.666667,111.666667,10.3333333,0.03817592
17,2006-02-28 00:00:00,Little Santa Fe,Dana Stephens,29.7708056,-82.092722,1.15824,920.0,20.3333333,2.0,0.10591314
18,2006-04-26 00:00:00,Little Santa Fe,Dana Stephens,29.7708056,-82.092722,1.04648,753.333333,14.6666667,4.0,0.03186768
19,2006-05-23 00:00:00,Little Santa Fe,Dana Stephens,29.7708056,-82.092722,1.04648,793.333333,16.3333333,11.0,0.02919949
20,2006-07-24 00:00:00,Little Santa Fe,Dana Stephens,29.7708056,-82.092722,1.31064,686.666667,20.0,15.3333333,0.03316062
21,2006-09-20 00:00:00,Little Santa Fe,Dana Stephens,29.7708056,-82.092722,1.61544,616.666667,13.3333333,10.3333333,0.05749267
22,2006-12-10 00:00:00,Little Santa Fe,Dana Stephens,29.7708056,-82.092722,1.6764,606.666667,14.6666667,6.0,0.07128131
23,2006-01-24 00:00:00,Lochloosa,Dana Stephens,29.5173889,-82.122917,0.6477,1317.5,87.25,17.0,0.09685339
24,2006-03-20 00:00:00,Lochloosa,Dana Stephens,29.5173889,-82.122917,0.54102,1270.0,117.75,22.25,0.29229229
25,2006-05-18 00:00:00,Lochloosa,Dana Stephens,29.5173889,-82.122917,0.63246,1422.5,148.5,26.25,1.63002744
26,2006-06-27 00:00:00,Lochloosa,Dana Stephens,29.5173889,-82.122917,0.89916,1307.5,149.75,62.5,0.41114296
27,2006-07-26 00:00:00,Lochloosa,Dana Stephens,29.5173889,-82.122917,0.96012,957.5,149.0,26.25,0.05859949
28,2006-09-27 00:00:00,Lochloosa,Dana Stephens,29.5173889,-82.122917,0.76962,1382.5,92.75,54.25,0.19637134
29,2006-11-28 00:00:00,Lochloosa,Dana Stephens,29.5173889,-82.122917,0.86106,1192.5,60.25,37.5,0.08770188
30,2006-02-28 00:00:00,Melrose Bay,Dana Stephens,29.7160833,-82.053083,1.3716,693.333333,16.6666667,8.66666667,0.07199451
31,2006-04-26 00:00:00,Melrose Bay,Dana Stephens,29.7160833,-82.053083,1.3716,686.666667,19.0,4.66666667,0.06801209
32,2006-05-23 00:00:00,Melrose Bay,Dana Stephens,29.7160833,-82.053083,1.2192,690.0,17.0,11.0,0.05734148
33,2006-07-24 00:00:00,Melrose Bay,Dana Stephens,29.7160833,-82.053083,1.8288,610.0,16.6666667,18.0,0.06406451
34,2006-09-20 00:00:00,Melrose Bay,Dana Stephens,29.7160833,-82.053083,1.81864,603.333333,13.6666667,12.6666667,0.03859646
35,2006-12-10 00:00:00,Melrose Bay,Dana Stephens,29.7160833,-82.053083,1.8288,560.0,12.6666667,6.33333333,0.05614189
36,2006-03-14 00:00:00,Mize,Dana Stephens,29.73275,-82.219983,0.90424,643.333333,19.3333333,6.33333333,0.02604455
37,2006-08-16 00:00:00,Mize,Dana Stephens,29.73275,-82.219983,2.32664,396.666667,10.0,4.0,0.03325292
38,2006-01-31 00:00:00,Newnan,Dana Stephens,29.6321944,-82.222278,0.41656,1556.66667,98.0,46.3333333,0.23181303
39,2006-04-14 00:00:00,Newnan,Dana Stephens,29.6321944,-82.222278,0.39624,2506.66667,158.0,153.0,1.65964091
40,2006-06-22 00:00:00,Newnan,Dana Stephens,29.6321944,-82.222278,0.58928,1786.66667,114.333333,37.3333333,0.0953663
41,2006-07-15 00:00:00,Newnan,Dana Stephens,29.6321944,-82.222278,0.4572,2146.66667,151.0,89.6666667,0.40549344
42,2006-09-19 00:00:00,Newnan,Dana Stephens,29.6321944,-82.222278,0.4572,2540.0,154.0,97.0,0.50665011
43,2006-11-27 00:00:00,Newnan,Dana Stephens,29.6321944,-82.222278,0.24384,4110.0,230.333333,190.666667,1.98309754
44,2006-01-24 00:00:00,Orange,Dana Stephens,29.4638611,-82.181111,0.6858,1632.5,159.75,17.25,0.16185661
45,2006-03-20 00:00:00,Orange,Dana Stephens,29.4638611,-82.181111,0.64008,1520.0,199.5,22.25,0.10549212
46,2006-05-18 00:00:00,Orange,Dana Stephens,29.4638611,-82.181111,0.6096,1772.5,209.25,16.75,0.23598086
47,2006-06-27 00:00:00,Orange,Dana Stephens,29.4638611,-82.181111,0.9144,1612.5,206.5,36.5,0.3428104
48,2006-07-26 00:00:00,Orange,Dana Stephens,29.4638611,-82.181111,0.98298,1410.0,153.75,30.75,0.97745295
49,2006-09-27 00:00:00,Orange,Dana Stephens,29.4638611,-82.181111,0.67056,1910.0,94.75,68.25,2.3945014
50,2006-11-28 00:00:00,Orange,Dana Stephens,29.4638611,-82.181111,0.85344,1507.5,54.75,26.0,0.44902135
51,2006-04-26 00:00:00,Santa Fe,Dana Stephens,29.7386667,-82.07225,1.4732,660.0,15.3333333,6.0,0.08604672
52,2006-05-23 00:00:00,Santa Fe,Dana Stephens,29.7386667,-82.07225,1.28016,660.0,15.0,9.33333333,0.01884411
53,2006-07-24 00:00:00,Santa Fe,Dana Stephens,29.7386667,-82.07225,1.6764,626.666667,14.6666667,9.66666667,0.03580522
54,2006-09-20 00:00:00,Santa Fe,Dana Stephens,29.7386667,-82.07225,1.9812,613.333333,13.6666667,10.3333333,0.03782595
55,2006-12-10 00:00:00,Santa Fe,Dana Stephens,29.7386667,-82.07225,1.8288,570.0,12.3333333,5.0,0.02519556
56,2006-05-26 00:00:00,Wauberg,Dana Stephens,29.5301111,-82.300483,0.39624,3180.0,238.0,229.666667,4.53069665
57,2006-10-25 00:00:00,Wauberg,Dana Stephens,29.5301111,-82.300483,0.39624,2846.66667,141.0,161.333333,3.4225063
58,2006-12-27 00:00:00,Wauberg,Dana Stephens,29.5301111,-82.300483,0.4572,3036.66667,169.333333,123.666667,3.12971642
59,2006-02-25 00:00:00,Sampson,Dana Stephens,29.9256389,-82.190278,0.762,903.333333,36.0,13.3333333,0.11151458
60,2006-03-28 00:00:00,Sampson,Dana Stephens,29.9256389,-82.190278,0.5588,940.0,41.0,7.33333333,0.03672305
61,2006-05-21 00:00:00,Sampson,Dana Stephens,29.9256389,-82.190278,0.8636,883.333333,40.3333333,6.66666667,0.01207134
62,2006-07-29 00:00:00,Sampson,Dana Stephens,29.9256389,-82.190278,1.27,706.666667,25.0,9.0,0.04672569
63,2006-09-24 00:00:00,Sampson,Dana Stephens,29.9256389,-82.190278,1.6256,680.0,20.0,7.0,0.02666329
64,2006-11-28 00:00:00,Sampson,Dana Stephens,29.9256389,-82.190278,1.7272,533.333333,19.0,3.0,0.04732763
65,2006-06-01 00:00:00,Cliff,Dana Stephens,26.1059444,-80.131167,1.9304,610.0,22.6666667,6.0,0.02734769
66,2006-07-01 00:00:00,Cliff,Dana Stephens,26.1059444,-80.131167,0.9144,796.666667,42.0,37.0,0.03112571
67,2006-09-01 00:00:00,Cliff,Dana Stephens,26.1059444,-80.131167,1.778,873.333333,37.3333333,11.6666667,0.04912657
68,2006-11-06 00:00:00,Cliff,Dana Stephens,26.1059444,-80.131167,2.2352,760.0,29.6666667,2.66666667,0.04971993
69,2006-07-12 00:00:00,Delevoe,Dana Stephens,26.1255556,-80.174639,1.6764,553.333333,17.6666667,6.33333333,0.03231884
70,2006-05-31 00:00:00,Helen,Dana Stephens,26.1396944,-80.104028,,525.0,15.5,6.0,0.01634865
71,2006-08-31 00:00:00,Helen,Dana Stephens,26.1396944,-80.104028,,575.0,22.5,6.5,0.02346214
72,2006-07-23 00:00:00,Markham,Dana Stephens,26.13375,-80.354633,1.2192,1210.0,6.33333333,8.33333333,0.06511158
73,2006-05-31 00:00:00,North,Dana Stephens,26.1404,-80.103983,,630.0,25.5,10.0,0.0394841
74,2006-08-31 00:00:00,North,Dana Stephens,26.1404,-80.103983,,600.0,20.0,8.0,0.02407481
75,2006-07-30 00:00:00,Royal Palm,Dana Stephens,26.1080278,-80.243528,2.4384,966.666667,10.0,7.33333333,0.03268011
76,2006-05-28 00:00:00,Windermere,Dana Stephens,26.0516667,-80.174167,3.7592,303.333333,5.66666667,1.33333333,0.03246225
77,2006-01-14 00:00:00,Floral City,Dana Stephens,28.7590667,-82.282483,1.7272,920.0,20.0,10.3333333,0.06231247
78,2006-04-14 00:00:00,Floral City,Dana Stephens,28.7590667,-82.282483,1.68656,926.666667,25.6666667,10.0,0.12110694
79,2006-06-14 00:00:00,Floral City,Dana Stephens,28.7590667,-82.282483,1.3716,1040.0,29.6666667,18.0,0.1124039
80,2006-07-14 00:00:00,Floral City,Dana Stephens,28.7590667,-82.282483,1.70688,906.666667,26.0,13.6666667,0.05674144
81,2006-02-23 00:00:00,Fort Cooper,Dana Stephens,28.8044833,-82.303867,2.9464,576.666667,7.33333333,1.0,0.07348444
82,2006-04-20 00:00:00,Fort Cooper,Dana Stephens,28.8044833,-82.303867,2.8956,686.666667,7.33333333,1.33333333,0.05282435
83,2006-06-19 00:00:00,Fort Cooper,Dana Stephens,28.8044833,-82.303867,2.4384,660.0,8.33333333,1.66666667,0.05644514
84,2006-07-24 00:00:00,Fort Cooper,Dana Stephens,28.8044833,-82.303867,2.5908,733.333333,7.66666667,2.0,0.08080994
85,2006-10-20 00:00:00,Fort Cooper,Dana Stephens,28.8044833,-82.303867,,766.666667,5.66666667,3.66666667,0.04905311
86,2006-11-28 00:00:00,Fort Cooper,Dana Stephens,28.8044833,-82.303867,,713.333333,4.66666667,1.33333333,0.06001872
87,2006-01-04 00:00:00,Henderson,Dana Stephens,28.8399167,-82.316467,2.97688,683.333333,14.0,6.0,0.13203621
88,2006-03-28 00:00:00,Henderson,Dana Stephens,28.8399167,-82.316467,2.7432,646.666667,16.6666667,4.0,0.11639959
89,2006-05-19 00:00:00,Henderson,Dana Stephens,28.8399167,-82.316467,1.6256,916.666667,19.0,11.3333333,0.1463457
90,2006-07-19 00:00:00,Henderson,Dana Stephens,28.8399167,-82.316467,1.73736,880.0,17.3333333,14.6666667,0.07414355
91,2006-10-27 00:00:00,Henderson,Dana Stephens,28.8399167,-82.316467,1.524,740.0,24.5,13.3333333,0.05199639
92,2006-11-13 00:00:00,Henderson,Dana Stephens,28.8399167,-82.316467,1.6764,736.666667,20.6666667,10.3333333,0.05294469
93,2006-02-23 00:00:00,Small,Dana Stephens,28.8585,-82.288433,1.26492,980.0,26.5,2.0,0.17459603
94,2006-07-22 00:00:00,Small,Dana Stephens,28.8585,-82.288433,0.762,1215.0,31.0,15.0,0.06483442
95,2006-01-03 00:00:00,Tsala Apopka,Dana Stephens,28.8545833,-82.293217,2.21488,803.333333,10.6666667,4.33333333,0.08729986
96,2006-04-04 00:00:00,Tsala Apopka,Dana Stephens,28.8545833,-82.293217,2.1844,930.0,19.6666667,6.33333333,0.09602177
97,2006-05-04 00:00:00,Tsala Apopka,Dana Stephens,28.8545833,-82.293217,1.9304,950.0,17.3333333,5.33333333,0.01246826
98,2006-07-06 00:00:00,Tsala Apopka,Dana Stephens,28.8545833,-82.293217,1.60528,1006.66667,20.3333333,11.0,0.03987485
99,2006-09-09 00:00:00,Tsala Apopka,Dana Stephens,28.8545833,-82.293217,1.70688,1020.0,21.3333333,21.0,0.04903059
100,2006-12-03 00:00:00,Tsala Apopka,Dana Stephens,28.8545833,-82.293217,,1033.33333,16.0,4.66666667,0.09207344
101,2006-01-12 00:00:00,Brooklyn,Dana Stephens,29.8025,-82.031111,2.8956,220.0,10.5,2.0,0.06178295
102,2006-05-05 00:00:00,Brooklyn,Dana Stephens,29.8025,-82.031111,4.14528,236.666667,9.33333333,1.33333333,0.01862666
103,2006-07-07 00:00:00,Brooklyn,Dana Stephens,29.8025,-82.031111,3.93192,340.0,8.5,4.0,0.04913719
104,2006-09-08 00:00:00,Brooklyn,Dana Stephens,29.8025,-82.031111,2.4384,250.0,10.5,3.5,0.04503105
105,2006-11-10 00:00:00,Brooklyn,Dana Stephens,29.8025,-82.031111,2.7432,320.0,18.0,5.0,0.05564176
106,2006-02-22 00:00:00,Hall,Dana Stephens,29.8008611,-81.923028,2.7432,343.333333,5.33333333,1.33333333,0.10005648
107,2006-03-29 00:00:00,Hall,Dana Stephens,29.8008611,-81.923028,2.9718,343.333333,9.66666667,1.0,0.02458061
108,2006-05-01 00:00:00,Hall,Dana Stephens,29.8008611,-81.923028,2.286,493.333333,13.6666667,3.0,0.00968529
109,2006-01-01 00:00:00,Hutchinson,Dana Stephens,29.7479722,-82.017722,4.3688,186.666667,10.0,2.33333333,0.04285977
110,2006-03-02 00:00:00,Hutchinson,Dana Stephens,29.7479722,-82.017722,3.9116,210.0,10.3333333,2.0,0.0484571
111,2006-06-04 00:00:00,Hutchinson,Dana Stephens,29.7479722,-82.017722,2.794,310.0,9.0,15.3333333,0.04580142
112,2006-11-11 00:00:00,Hutchinson,Dana Stephens,29.7479722,-82.017722,2.6416,253.33333299999998,11.0,2.0,0.06562035
113,2006-01-24 00:00:00,Twin,Dana Stephens,29.7678889,-81.997694,4.4704,333.333333,7.33333333,1.66666667,0.06095845
114,2006-03-24 00:00:00,Twin,Dana Stephens,29.7678889,-81.997694,3.78968,346.666667,7.33333333,2.0,0.12714999
115,2006-05-21 00:00:00,Twin,Dana Stephens,29.7678889,-81.997694,2.9972,403.333333,9.33333333,,0.02871123
116,2006-01-30 00:00:00,Jeffery,Dana Stephens,30.2080833,-82.689944,1.04648,660.0,15.666666700000002,5.66666667,0.09912041
117,2006-05-20 00:00:00,Jeffery,Dana Stephens,30.2080833,-82.689944,1.25984,620.0,16.6666667,11.3333333,0.06347023
118,2006-07-08 00:00:00,Jeffery,Dana Stephens,30.2080833,-82.689944,1.1684,623.333333,16.6666667,8.33333333,0.02627535
119,2006-09-17 00:00:00,Jeffery,Dana Stephens,30.2080833,-82.689944,0.94488,773.333333,17.0,15.6666667,0.05254803
120,2006-11-30 00:00:00,Jeffery,Dana Stephens,30.2080833,-82.689944,0.79248,750.0,16.3333333,8.66666667,0.04851828
121,2006-10-01 00:00:00,Willow,Dana Stephens,30.1426944,-81.571639,0.33528,2186.66667,40.0,108.333333,0.15490395
122,2006-02-06 00:00:00,Stone,Dana Stephens,30.9644667,-87.288033,1.0668,563.333333,36.3333333,16.6666667,0.06734517
123,2006-04-04 00:00:00,Stone,Dana Stephens,30.9644667,-87.288033,0.82296,860.0,25.0,32.6666667,0.05521656
124,2006-06-01 00:00:00,Stone,Dana Stephens,30.9644667,-87.288033,1.46304,573.333333,25.0,13.6666667,0.10609119
125,2006-07-06 00:00:00,Stone,Dana Stephens,30.9644667,-87.288033,0.85344,1130.0,38.3333333,38.3333333,0.07458056
126,2006-09-07 00:00:00,Stone,Dana Stephens,30.9644667,-87.288033,1.12776,776.666667,45.3333333,61.0,0.15360555
127,2006-12-01 00:00:00,Stone,Dana Stephens,30.9644667,-87.288033,0.67056,1563.33333,54.0,163.333333,0.17822929
128,2006-01-04 00:00:00,Disston,Dana Stephens,29.287,-81.388667,0.36576,1156.66667,32.3333333,1.0,0.11
129,2006-04-06 00:00:00,Disston,Dana Stephens,29.287,-81.388667,0.4572,786.666667,32.6666667,7.0,0.01018725
130,2006-06-06 00:00:00,Disston,Dana Stephens,29.287,-81.388667,0.4572,1043.33333,31.666666699999997,8.0,0.00951837
131,2006-07-07 00:00:00,Disston,Dana Stephens,29.287,-81.388667,0.54864,1383.33333,29.6666667,3.0,0.04165455
132,2006-09-04 00:00:00,Disston,Dana Stephens,29.287,-81.388667,0.4572,980.0,32.6666667,7.33333333,0.04692885
133,2006-11-05 00:00:00,Disston,Dana Stephens,29.287,-81.388667,0.6096,1060.0,30.6666667,4.0,0.02361709
134,2006-01-20 00:00:00,Pine Grove,Dana Stephens,29.5086111,-81.206111,1.22936,1030.0,65.0,12.3333333,0.06504301
135,2006-03-16 00:00:00,Pine Grove,Dana Stephens,29.5086111,-81.206111,1.33096,1060.0,100.333333,9.66666667,0.05417688
136,2006-05-17 00:00:00,Pine Grove,Dana Stephens,29.5086111,-81.206111,1.24968,946.666667,142.0,3.66666667,0.02995009
137,2006-07-12 00:00:00,Pine Grove,Dana Stephens,29.5086111,-81.206111,0.79248,986.666667,193.0,12.6666667,0.06522944
138,2006-09-14 00:00:00,Pine Grove,Dana Stephens,29.5086111,-81.206111,1.04648,1253.33333,344.0,8.0,0.07132058
139,2006-11-15 00:00:00,Pine Grove,Dana Stephens,29.5086111,-81.206111,1.33096,1006.66667,132.333333,5.0,0.08128671
140,2006-01-31 00:00:00,Ribbon North,Dana Stephens,29.5591667,-81.219167,1.30048,743.333333,22.6666667,9.66666667,0.08586153
141,2006-03-31 00:00:00,Ribbon North,Dana Stephens,29.5591667,-81.219167,1.2192,720.0,22.0,6.0,0.18143112
142,2006-05-24 00:00:00,Ribbon North,Dana Stephens,29.5591667,-81.219167,2.0828,530.0,17.6666667,4.0,0.01635491
143,2006-08-24 00:00:00,Ribbon North,Dana Stephens,29.5591667,-81.219167,1.7272,693.333333,16.3333333,7.66666667,0.06672526
144,2006-09-25 00:00:00,Ribbon North,Dana Stephens,29.5591667,-81.219167,1.2192,703.333333,16.0,9.33333333,0.08328922
145,2006-11-24 00:00:00,Ribbon North,Dana Stephens,29.5591667,-81.219167,1.09728,766.666667,18.6666667,10.6666667,0.08434858
146,2006-01-03 00:00:00,Wynnfield,Dana Stephens,29.5361111,-81.253333,0.89408,956.666667,84.3333333,5.0,0.09266582
147,2006-03-06 00:00:00,Wynnfield,Dana Stephens,29.5361111,-81.253333,,666.666667,44.6666667,5.0,0.06806348
148,2006-04-06 00:00:00,Wynnfield,Dana Stephens,29.5361111,-81.253333,,980.0,56.6666667,10.6666667,0.06520889
149,2006-05-31 00:00:00,Wynnfield,Dana Stephens,29.5361111,-81.253333,0.9144,886.666667,63.0,11.0,0.01385787
150,2006-08-03 00:00:00,Wynnfield,Dana Stephens,29.5361111,-81.253333,0.4572,1043.33333,32.0,8.33333333,0.04338136
151,2006-09-05 00:00:00,Wynnfield,Dana Stephens,29.5361111,-81.253333,,530.0,29.3333333,11.0,0.05551225
152,2006-11-27 00:00:00,Wynnfield,Dana Stephens,29.5361111,-81.253333,1.0668,576.666667,21.6666667,2.66666667,0.06201775
153,2006-04-15 00:00:00,Tallavana,Dana Stephens,30.5963889,-84.468333,0.432816,1348.0,147.8,70.0,0.04651433
154,2006-06-17 00:00:00,Tallavana,Dana Stephens,30.5963889,-84.468333,0.4572,1566.0,164.6,105.2,0.08302096
155,2006-07-15 00:00:00,Tallavana,Dana Stephens,30.5963889,-84.468333,0.542544,1622.0,163.2,71.2,0.04306737
156,2006-09-23 00:00:00,Tallavana,Dana Stephens,30.5963889,-84.468333,0.292608,2040.0,310.4,160.2,0.0936485
157,2006-12-16 00:00:00,Tallavana,Dana Stephens,30.5963889,-84.468333,0.530352,1425.0,105.0,106.5,0.06668862
158,2006-01-17 00:00:00,Yvette,Dana Stephens,30.5314083,-84.466203,0.6096,673.333333,64.3333333,50.3333333,0.02976696
159,2006-04-15 00:00:00,Yvette,Dana Stephens,30.5314083,-84.466203,0.94488,726.666667,37.0,27.0,0.02631972
160,2006-06-16 00:00:00,Yvette,Dana Stephens,30.5314083,-84.466203,1.26492,510.0,30.6666667,13.3333333,0.04527768
161,2006-07-18 00:00:00,Yvette,Dana Stephens,30.5314083,-84.466203,1.09728,580.0,40.6666667,21.3333333,0.06928416
162,2006-09-15 00:00:00,Yvette,Dana Stephens,30.5314083,-84.466203,1.18872,633.333333,32.3333333,23.0,0.05263529
163,2006-11-16 00:00:00,Yvette,Dana Stephens,30.5314083,-84.466203,1.18872,366.666667,27.6666667,15.3333333,0.04162252
164,2006-01-16 00:00:00,Timber,Dana Stephens,30.5448889,-83.109194,0.508,1800.0,116.666667,66.6666667,3.2103252
165,2006-04-23 00:00:00,Timber,Dana Stephens,30.5448889,-83.109194,0.9144,2513.33333,135.666667,39.0,0.44636777
166,2006-06-20 00:00:00,Timber,Dana Stephens,30.5448889,-83.109194,0.79248,1290.0,68.6666667,20.3333333,0.29094774
167,2006-12-12 00:00:00,Timber,Dana Stephens,30.5448889,-83.109194,0.87376,2236.66667,90.6666667,32.0,2.10459138
168,2006-09-20 00:00:00,May Prairie,Dana Stephens,28.62285,-82.354083,0.47244,2536.66667,36.3333333,97.0,0.07837601
169,2006-11-20 00:00:00,May Prairie,Dana Stephens,28.62285,-82.354083,0.39624,2736.66667,36.6666667,59.6666667,0.08171786
170,2006-06-25 00:00:00,Byrd,Dana Stephens,27.6214333,-81.516683,6.2484,2426.66667,5.0,1.33333333,0.02966347
171,2006-07-30 00:00:00,Byrd,Dana Stephens,27.6214333,-81.516683,5.6896,1876.66667,4.33333333,2.0,0.03260302
172,2006-01-30 00:00:00,Glenada,Dana Stephens,27.56475,-81.507833,0.762,1086.66667,103.0,53.3333333,1.61089249
173,2006-03-21 00:00:00,Glenada,Dana Stephens,27.56475,-81.507833,0.762,1790.0,111.0,114.333333,6.0359118
174,2006-10-10 00:00:00,Glenada,Dana Stephens,27.56475,-81.507833,0.6096,2093.33333,80.0,112.333333,0.444438
175,2006-01-09 00:00:00,Huckleberry,Dana Stephens,27.4515,-81.464033,1.70688,1606.66667,233.666667,19.0,1.72511995
176,2006-05-17 00:00:00,Huckleberry,Dana Stephens,27.4515,-81.464033,0.6096,1790.0,157.666667,72.3333333,2.4510338
177,2006-07-10 00:00:00,Huckleberry,Dana Stephens,27.4515,-81.464033,1.3208,1173.33333,59.0,21.3333333,3.29915988
178,2006-09-06 00:00:00,Huckleberry,Dana Stephens,27.4515,-81.464033,1.8288,883.333333,50.3333333,20.6666667,0.48086525
179,2006-03-23 00:00:00,Istokpoga,Dana Stephens,27.3401833,-81.269983,0.6096,1533.33333,72.0,55.3333333,0.55983279
180,2006-01-20 00:00:00,Letta,Dana Stephens,27.5615556,-81.460958,1.48336,486.666667,23.0,7.66666667,0.06385494
181,2006-03-20 00:00:00,Letta,Dana Stephens,27.5615556,-81.460958,1.40208,456.666667,24.0,4.33333333,0.0650756
182,2006-05-20 00:00:00,Letta,Dana Stephens,27.5615556,-81.460958,0.9652,546.666667,27.6666667,4.33333333,0.03068505
183,2006-07-18 00:00:00,Letta,Dana Stephens,27.5615556,-81.460958,1.60528,473.333333,21.0,4.66666667,0.06597398
184,2006-10-19 00:00:00,Letta,Dana Stephens,27.5615556,-81.460958,1.70688,443.333333,18.0,5.66666667,0.03965478
185,2006-11-17 00:00:00,Letta,Dana Stephens,27.5615556,-81.460958,1.2192,493.333333,25.6666667,7.0,0.03330154
186,2006-01-21 00:00:00,Lotela,Dana Stephens,27.5772006,-81.481067,3.8608,426.666667,10.0,2.0,0.20524546
187,2006-03-20 00:00:00,Lotela,Dana Stephens,27.5772006,-81.481067,4.1656,483.333333,9.66666667,2.0,0.10659027
188,2006-05-05 00:00:00,Lotela,Dana Stephens,27.5772006,-81.481067,3.51536,443.333333,10.3333333,3.0,0.07454812
189,2006-07-27 00:00:00,Lotela,Dana Stephens,27.5772006,-81.481067,3.46456,393.333333,10.3333333,2.66666667,0.06708955
190,2006-10-10 00:00:00,Lotela,Dana Stephens,27.5772006,-81.481067,2.794,363.333333,11.6666667,3.66666667,0.033745
191,2006-11-09 00:00:00,Lotela,Dana Stephens,27.5772006,-81.481067,2.286,443.333333,14.0,3.0,0.03072592
192,2006-01-17 00:00:00,Lynn,Dana Stephens,27.39535,-81.396583,4.90728,2116.66667,4.33333333,4.0,0.10199702
193,2006-03-17 00:00:00,Lynn,Dana Stephens,27.39535,-81.396583,7.39648,2340.0,4.66666667,1.0,0.04886409
194,2006-05-17 00:00:00,Lynn,Dana Stephens,27.39535,-81.396583,5.6896,2190.0,5.0,3.0,0.04555705
195,2006-07-17 00:00:00,Lynn,Dana Stephens,27.39535,-81.396583,4.53136,1893.33333,5.0,4.66666667,0.07620913
196,2006-10-18 00:00:00,Lynn,Dana Stephens,27.39535,-81.396583,2.6416,1663.33333,5.33333333,11.0,0.04457855
197,2006-11-17 00:00:00,Lynn,Dana Stephens,27.39535,-81.396583,2.21488,1746.66667,5.66666667,13.6666667,0.03207235
198,2006-01-19 00:00:00,Persimmon,Dana Stephens,27.3549722,-81.40675,0.39624,2356.66667,38.3333333,62.6666667,0.21163347
199,2006-03-16 00:00:00,Persimmon,Dana Stephens,27.3549722,-81.40675,0.38608,2003.3333299999997,31.333333300000003,58.6666667,0.24134132
200,2006-05-17 00:00:00,Persimmon,Dana Stephens,27.3549722,-81.40675,0.3048,2816.66667,34.0,91.0,0.193952
201,2006-07-18 00:00:00,Persimmon,Dana Stephens,27.3549722,-81.40675,0.24384,2986.66667,36.3333333,102.333333,0.1836972
202,2006-10-16 00:00:00,Persimmon,Dana Stephens,27.3549722,-81.40675,0.3048,2790.0,30.6666667,94.3333333,0.31012361
203,2006-11-17 00:00:00,Persimmon,Dana Stephens,27.3549722,-81.40675,0.3048,3146.66667,35.3333333,96.6666667,0.24808765
204,2006-01-13 00:00:00,Red Beach,Dana Stephens,27.4326167,-81.402967,0.9144,1250.0,16.3333333,6.33333333,0.06941106
205,2006-02-28 00:00:00,Brant,Dana Stephens,28.1258167,-82.46995,1.2192,946.666667,34.0,6.0,0.1271869
206,2006-04-30 00:00:00,Brant,Dana Stephens,28.1258167,-82.46995,1.2192,1133.33333,44.6666667,28.0,0.1479979
207,2006-05-25 00:00:00,Brant,Dana Stephens,28.1258167,-82.46995,0.9144,1296.66667,50.0,56.3333333,0.08538383
208,2006-07-28 00:00:00,Brant,Dana Stephens,28.1258167,-82.46995,0.9144,1290.0,37.6666667,34.0,0.57112242
209,2006-09-27 00:00:00,Brant,Dana Stephens,28.1258167,-82.46995,1.0668,1060.0,38.6666667,28.6666667,1.53020694
210,2006-11-21 00:00:00,Brant,Dana Stephens,28.1258167,-82.46995,1.0668,923.333333,30.3333333,23.3333333,4.71134755
211,2006-04-16 00:00:00,Dead Lady,Dana Stephens,28.1553,-82.57085,2.24536,923.333333,53.6666667,7.0,0.13879905
212,2006-05-20 00:00:00,Dead Lady,Dana Stephens,28.1553,-82.57085,2.04216,896.666667,46.6666667,10.0,0.00859417
213,2006-07-15 00:00:00,Dead Lady,Dana Stephens,28.1553,-82.57085,1.9304,1083.33333,71.3333333,34.0,0.07246602
214,2006-09-13 00:00:00,Dead Lady,Dana Stephens,28.1553,-82.57085,1.0668,1173.33333,71.3333333,44.0,0.07599282
215,2006-11-13 00:00:00,Dead Lady,Dana Stephens,28.1553,-82.57085,1.1684,1206.66667,77.6666667,44.6666667,0.08038785
216,2006-05-23 00:00:00,Flynn,Dana Stephens,28.09685,-82.438717,1.3716,1306.66667,11.6666667,5.33333333,0.01030282
217,2006-07-31 00:00:00,Flynn,Dana Stephens,28.09685,-82.438717,1.46304,1543.33333,9.33333333,5.66666667,0.08788419
218,2006-09-29 00:00:00,Flynn,Dana Stephens,28.09685,-82.438717,2.07264,906.666667,9.0,5.66666667,0.04445819
219,2006-11-30 00:00:00,Flynn,Dana Stephens,28.09685,-82.438717,1.53924,846.666667,7.33333333,6.33333333,0.03316339
220,2006-02-20 00:00:00,Noreast,Dana Stephens,28.0630556,-82.468889,2.41808,806.666667,32.3333333,20.3333333,0.15400602
221,2006-03-21 00:00:00,Noreast,Dana Stephens,28.0630556,-82.468889,2.06248,713.333333,28.6666667,9.33333333,0.04916578
222,2006-05-23 00:00:00,Noreast,Dana Stephens,28.0630556,-82.468889,2.1336,760.0,24.0,7.66666667,0.01230512
223,2006-08-23 00:00:00,Noreast,Dana Stephens,28.0630556,-82.468889,2.6416,666.666667,24.0,8.0,0.05387463
224,2006-09-28 00:00:00,Noreast,Dana Stephens,28.0630556,-82.468889,2.4384,570.0,20.0,6.0,0.06051545
225,2006-11-24 00:00:00,Noreast,Dana Stephens,28.0630556,-82.468889,2.4384,626.666667,18.3333333,5.0,0.05998387
226,2006-04-18 00:00:00,Osceola,Dana Stephens,28.1711667,-82.587306,2.31648,716.666667,13.6666667,3.0,0.12210918
227,2006-05-23 00:00:00,Osceola,Dana Stephens,28.1711667,-82.587306,1.8796,763.333333,15.666666700000002,5.0,0.04693747
228,2006-07-13 00:00:00,Osceola,Dana Stephens,28.1711667,-82.587306,2.8448,710.0,12.0,3.33333333,0.12594148
229,2006-10-14 00:00:00,Osceola,Dana Stephens,28.1711667,-82.587306,2.44856,703.333333,13.0,5.0,0.20228031
230,2006-11-16 00:00:00,Osceola,Dana Stephens,28.1711667,-82.587306,2.9464,653.333333,11.6666667,4.0,0.35129591
231,2006-04-13 00:00:00,Rock,Dana Stephens,28.11375,-82.556611,1.00584,1033.33333,31.333333300000003,20.6666667,0.10429304
232,2006-05-06 00:00:00,Rock,Dana Stephens,28.11375,-82.556611,1.19888,1006.66667,31.333333300000003,13.6666667,0.01957252
233,2006-07-04 00:00:00,Rock,Dana Stephens,28.11375,-82.556611,1.40208,900.0,27.3333333,22.6666667,0.10659056
234,2006-10-10 00:00:00,Rock,Dana Stephens,28.11375,-82.556611,0.6096,1220.0,57.6666667,56.6666667,0.06247065
235,2006-11-12 00:00:00,Rock,Dana Stephens,28.11375,-82.556611,0.67056,1116.66667,32.6666667,28.0,0.05226533
236,2006-02-01 00:00:00,Sunset,Dana Stephens,28.1358333,-82.625278,1.00584,1040.0,30.0,27.0,0.27499007
237,2006-05-01 00:00:00,Sunset,Dana Stephens,28.1358333,-82.625278,1.00584,1016.66667,25.3333333,20.6666667,0.15275635
238,2006-07-04 00:00:00,Sunset,Dana Stephens,28.1358333,-82.625278,1.15824,660.0,18.0,13.0,0.11192089
239,2006-09-29 00:00:00,Sunset,Dana Stephens,28.1358333,-82.625278,1.15824,830.0,19.3333333,11.6666667,0.06509392
240,2006-11-01 00:00:00,Sunset,Dana Stephens,28.1358333,-82.625278,1.0668,1083.33333,94.0,13.0,0.07175423
241,2006-01-02 00:00:00,Valrico,Dana Stephens,27.9548611,-82.258444,2.1336,903.333333,40.3333333,5.66666667,0.0749117
242,2006-03-06 00:00:00,Valrico,Dana Stephens,27.9548611,-82.258444,1.9812,826.666667,55.6666667,5.33333333,0.05664491
243,2006-05-01 00:00:00,Valrico,Dana Stephens,27.9548611,-82.258444,1.4478,790.0,52.6666667,5.0,0.00242214
244,2006-07-05 00:00:00,Valrico,Dana Stephens,27.9548611,-82.258444,,780.0,41.6666667,9.33333333,0.09981345
245,2006-09-04 00:00:00,Valrico,Dana Stephens,27.9548611,-82.258444,,813.333333,41.3333333,,0.06915774
246,2006-12-04 00:00:00,Valrico,Dana Stephens,27.9548611,-82.258444,,630.0,21.6666667,5.0,0.0546371
247,2006-01-02 00:00:00,Blue Cypress,Dana Stephens,27.7241,-80.760883,0.53848,1166.66667,98.3333333,4.0,0.03040523
248,2006-06-06 00:00:00,Blue Cypress,Dana Stephens,27.7241,-80.760883,0.58928,1106.66667,74.6666667,12.6666667,0.0936718
249,2006-07-09 00:00:00,Blue Cypress,Dana Stephens,27.7241,-80.760883,0.75184,1013.33333,87.6666667,9.66666667,0.07073102
250,2006-10-04 00:00:00,Blue Cypress,Dana Stephens,27.7241,-80.760883,0.75184,1163.33333,131.0,6.33333333,0.05598944
251,2006-11-01 00:00:00,Blue Cypress,Dana Stephens,27.7241,-80.760883,0.6604,1183.33333,129.0,12.3333333,0.03148233
252,2006-01-09 00:00:00,Farm 13,Dana Stephens,27.789,-80.721017,0.82296,1563.33333,169.0,20.0,0.0491368
253,2006-03-14 00:00:00,Farm 13,Dana Stephens,27.789,-80.721017,0.46736,1836.66667,134.666667,27.3333333,0.0512285
254,2006-05-18 00:00:00,Farm 13,Dana Stephens,27.789,-80.721017,0.8128,1426.66667,136.666667,17.3333333,0.02594452
255,2006-10-26 00:00:00,Farm 13,Dana Stephens,27.789,-80.721017,0.77216,1700.0,167.666667,40.0,0.11631189
256,2006-11-17 00:00:00,Farm 13,Dana Stephens,27.789,-80.721017,0.64008,1766.66667,129.333333,36.0,0.15708648
257,2006-01-09 00:00:00,Stick Marsh,Dana Stephens,27.7990333,-80.70905,0.6604,1436.66667,167.666667,37.6666667,0.10189927
258,2006-03-14 00:00:00,Stick Marsh,Dana Stephens,27.7990333,-80.70905,0.508,1530.0,114.0,33.3333333,0.06037553
259,2006-05-18 00:00:00,Stick Marsh,Dana Stephens,27.7990333,-80.70905,0.72136,1690.0,171.0,19.3333333,0.00908152
260,2006-07-26 00:00:00,Stick Marsh,Dana Stephens,27.7990333,-80.70905,0.89408,1630.0,182.666667,33.6666667,0.80090745
261,2006-10-26 00:00:00,Stick Marsh,Dana Stephens,27.7990333,-80.70905,0.64008,1773.33333,192.0,42.0,0.09104396
262,2006-11-17 00:00:00,Stick Marsh,Dana Stephens,27.7990333,-80.70905,0.51816,2033.3333300000002,162.0,37.3333333,0.08613753
263,2006-01-15 00:00:00,Silver,Dana Stephens,30.5770167,-85.312833,3.8608,83.3333333,2.0,1.66666667,0.07882498
264,2006-06-11 00:00:00,Silver,Dana Stephens,30.5770167,-85.312833,7.112,33.3333333,3.0,0.66666667,0.01293147
265,2006-07-04 00:00:00,Silver,Dana Stephens,30.5770167,-85.312833,7.7724,133.333333,2.33333333,1.0,0.06118043
266,2006-11-09 00:00:00,Silver,Dana Stephens,30.5770167,-85.312833,4.0132,46.6666667,3.5,1.66666667,0.03623059
267,2006-01-23 00:00:00,Beauclaire,Dana Stephens,28.7728778,-81.660472,0.39624,2910.0,97.3333333,131.333333,0.3098758
268,2006-03-21 00:00:00,Beauclaire,Dana Stephens,28.7728778,-81.660472,0.3048,3320.0,104.0,152.333333,0.39207001
269,2006-05-24 00:00:00,Beauclaire,Dana Stephens,28.7728778,-81.660472,0.43688,2800.0,71.6666667,74.0,1.94911721
270,2006-07-19 00:00:00,Beauclaire,Dana Stephens,28.7728778,-81.660472,0.3048,3100.0,61.3333333,130.333333,1.15945806
271,2006-10-23 00:00:00,Beauclaire,Dana Stephens,28.7728778,-81.660472,0.3048,4610.0,98.0,222.0,1.91822232
272,2006-11-27 00:00:00,Beauclaire,Dana Stephens,28.7728778,-81.660472,0.26416,3963.33333,94.6666667,171.333333,1.46747831
273,2006-01-13 00:00:00,Bugg Springs,Dana Stephens,28.7525472,-81.901336,9.7536,505.0,75.5,2.5,0.09019122
274,2006-03-12 00:00:00,Bugg Springs,Dana Stephens,28.7525472,-81.901336,7.9248,490.0,73.5,3.5,0.08156439
275,2006-05-14 00:00:00,Bugg Springs,Dana Stephens,28.7525472,-81.901336,9.7536,415.0,80.0,6.0,0.02028213
276,2006-07-15 00:00:00,Bugg Springs,Dana Stephens,28.7525472,-81.901336,2.7432,270.0,68.0,25.5,0.05506938
277,2006-10-15 00:00:00,Bugg Springs,Dana Stephens,28.7525472,-81.901336,9.144,515.0,81.0,7.5,0.05377271
278,2006-11-18 00:00:00,Bugg Springs,Dana Stephens,28.7525472,-81.901336,7.3152,545.0,75.5,7.0,0.03629771
279,2006-03-27 00:00:00,Clear,Dana Stephens,28.875,-81.654167,3.07848,620.0,18.6666667,8.0,0.03717443
280,2006-05-21 00:00:00,Clear,Dana Stephens,28.875,-81.654167,3.7338,533.333333,12.6666667,2.0,0.00312706
281,2006-07-25 00:00:00,Clear,Dana Stephens,28.875,-81.654167,4.1148,460.0,13.6666667,2.66666667,0.08441016
282,2006-09-30 00:00:00,Clear,Dana Stephens,28.875,-81.654167,3.93192,546.666667,13.0,3.33333333,0.06997679
283,2006-11-20 00:00:00,Clear,Dana Stephens,28.875,-81.654167,2.97688,520.0,15.3333333,4.0,0.08957033
284,2006-01-23 00:00:00,Dora East,Dana Stephens,28.7967778,-81.661897,0.4572,2453.33333,46.3333333,98.3333333,0.32551527
285,2006-03-21 00:00:00,Dora East,Dana Stephens,28.7967778,-81.661897,0.39624,2833.33333,62.0,124.333333,0.4436259
286,2006-05-24 00:00:00,Dora East,Dana Stephens,28.7967778,-81.661897,0.39624,2946.66667,47.0,98.6666667,0.26579895
287,2006-10-23 00:00:00,Dora East,Dana Stephens,28.7967778,-81.661897,0.3048,3820.0,53.6666667,151.333333,2.09777473
288,2006-11-27 00:00:00,Dora East,Dana Stephens,28.7967778,-81.661897,0.3048,3493.33333,58.6666667,121.666667,1.5175247
289,2006-01-23 00:00:00,Dora West,Dana Stephens,28.790475,-81.713753,0.4572,2563.33333,48.3333333,93.6666667,0.54656676
290,2006-03-21 00:00:00,Dora West,Dana Stephens,28.790475,-81.713753,0.39624,2846.66667,63.3333333,128.0,0.45750399
291,2006-05-24 00:00:00,Dora West,Dana Stephens,28.790475,-81.713753,0.39624,3066.66667,45.6666667,131.333333,0.2518457
292,2006-07-19 00:00:00,Dora West,Dana Stephens,28.790475,-81.713753,0.39624,2620.0,33.0,131.333333,1.25911602
293,2006-09-19 00:00:00,Dora West,Dana Stephens,28.790475,-81.713753,0.43688,3266.66667,38.3333333,107.333333,1.82510641
294,2006-11-27 00:00:00,Dora West,Dana Stephens,28.790475,-81.713753,0.3048,3383.33333,51.0,101.666667,0.96065586
295,2006-01-13 00:00:00,Dorr,Dana Stephens,29.0033833,-81.612367,,613.333333,17.0,4.66666667,0.02761943
296,2006-03-29 00:00:00,Dorr,Dana Stephens,29.0033833,-81.612367,0.9144,633.333333,22.6666667,4.66666667,0.1051441
297,2006-06-14 00:00:00,Dorr,Dana Stephens,29.0033833,-81.612367,0.762,546.666667,17.0,6.33333333,0.04091479
298,2006-07-19 00:00:00,Dorr,Dana Stephens,29.0033833,-81.612367,1.27,456.666667,12.3333333,3.66666667,0.02975007
299,2006-12-21 00:00:00,Dorr,Dana Stephens,29.0033833,-81.612367,1.4224,390.0,12.6666667,5.66666667,0.03287589
300,2006-01-11 00:00:00,East Crooked,Dana Stephens,28.8328056,-81.665028,,,,,0.20258464
301,2006-03-26 00:00:00,East Crooked,Dana Stephens,28.8328056,-81.665028,3.78968,793.333333,7.33333333,4.0,0.168977
302,2006-06-10 00:00:00,East Crooked,Dana Stephens,28.8328056,-81.665028,2.51968,503.3333329999999,8.33333333,4.66666667,0.04596772
303,2006-07-14 00:00:00,East Crooked,Dana Stephens,28.8328056,-81.665028,3.18008,486.666667,8.0,4.33333333,0.06720173
304,2006-10-29 00:00:00,East Crooked,Dana Stephens,28.8328056,-81.665028,4.04368,660.0,8.33333333,3.66666667,0.04991176
305,2006-03-30 00:00:00,Emeralda,Dana Stephens,28.9102333,-81.836967,0.4064,2353.33333,50.3333333,74.0,0.1954722
306,2006-05-01 00:00:00,Emeralda,Dana Stephens,28.9102333,-81.836967,0.43688,2050.0,39.3333333,43.0,0.18899012
307,2006-07-30 00:00:00,Emeralda,Dana Stephens,28.9102333,-81.836967,0.43688,1820.0,29.6666667,42.0,0.62311086
308,2006-10-06 00:00:00,Emeralda,Dana Stephens,28.9102333,-81.836967,0.4572,2213.33333,37.6666667,52.3333333,0.9044878
309,2006-12-11 00:00:00,Emeralda,Dana Stephens,28.9102333,-81.836967,0.36576,2740.0,60.3333333,54.6666667,1.31620381
310,2006-01-22 00:00:00,Emma,Dana Stephens,28.6138167,-81.851633,0.79248,1273.33333,14.6666667,2.66666667,0.06341161
311,2006-03-05 00:00:00,Emma,Dana Stephens,28.6138167,-81.851633,1.04648,1260.0,15.666666700000002,3.0,0.03368466
312,2006-06-18 00:00:00,Emma,Dana Stephens,28.6138167,-81.851633,0.82296,1290.0,14.3333333,4.33333333,0.05711608
313,2006-07-16 00:00:00,Emma,Dana Stephens,28.6138167,-81.851633,0.762,1250.0,17.5,17.6666667,0.18487565
314,2006-10-09 00:00:00,Emma,Dana Stephens,28.6138167,-81.851633,1.02616,1210.0,15.666666700000002,5.0,0.07820794
315,2006-11-19 00:00:00,Emma,Dana Stephens,28.6138167,-81.851633,1.17856,1246.66667,14.3333333,3.0,0.03783488
316,2006-01-31 00:00:00,Erie,Dana Stephens,28.4778694,-81.8485,0.39624,1283.33333,48.0,4.0,0.08585082
317,2006-04-15 00:00:00,Erie,Dana Stephens,28.4778694,-81.8485,0.48768,1190.0,42.6666667,4.66666667,0.04445995
318,2006-05-24 00:00:00,Erie,Dana Stephens,28.4778694,-81.8485,0.54864,1100.0,42.3333333,7.66666667,0.00216997
319,2006-07-18 00:00:00,Erie,Dana Stephens,28.4778694,-81.8485,0.6096,1000.0,45.6666667,11.6666667,0.05391198
320,2006-10-29 00:00:00,Erie,Dana Stephens,28.4778694,-81.8485,0.56896,1190.0,50.6666667,7.0,0.05327318
321,2006-11-27 00:00:00,Erie,Dana Stephens,28.4778694,-81.8485,0.6096,1123.33333,39.3333333,10.0,0.02059583
322,2006-12-06 00:00:00,Erie,Dana Stephens,28.4778694,-81.8485,,,,,0.48290913
323,2006-01-24 00:00:00,Eustis,Dana Stephens,28.8460667,-81.7282,1.016,1720.0,43.3333333,27.6666667,0.19093375
324,2006-03-08 00:00:00,Eustis,Dana Stephens,28.8460667,-81.7282,1.35128,1583.33333,33.0,33.6666667,0.0511528
325,2006-06-20 00:00:00,Eustis,Dana Stephens,28.8460667,-81.7282,0.79248,1396.66667,35.6666667,36.3333333,0.03160367
326,2006-07-06 00:00:00,Eustis,Dana Stephens,28.8460667,-81.7282,1.016,1920.0,49.0,55.0,0.14074094
327,2006-10-13 00:00:00,Eustis,Dana Stephens,28.8460667,-81.7282,0.762,2266.66667,33.6666667,64.6666667,0.40930654
328,2006-01-01 00:00:00,Florence,Dana Stephens,28.5966667,-81.699889,1.016,1186.66667,34.6666667,50.0,0.44569345
329,2006-04-01 00:00:00,Florence,Dana Stephens,28.5966667,-81.699889,1.6256,1043.33333,28.0,12.6666667,0.13696513
330,2006-07-04 00:00:00,Florence,Dana Stephens,28.5966667,-81.699889,1.96088,943.333333,16.3333333,7.66666667,0.12037709
331,2006-10-07 00:00:00,Florence,Dana Stephens,28.5966667,-81.699889,1.12776,1130.0,19.6666667,33.3333333,0.17126015
332,2006-11-05 00:00:00,Florence,Dana Stephens,28.5966667,-81.699889,1.04648,1236.66667,23.6666667,45.0,0.14949836
333,2006-02-23 00:00:00,Gertrude,Dana Stephens,28.8176833,-81.659517,4.00304,593.333333,11.0,1.0,0.5011542
334,2006-04-17 00:00:00,Gertrude,Dana Stephens,28.8176833,-81.659517,3.73888,496.666667,12.6666667,4.0,0.33675531
335,2006-05-22 00:00:00,Gertrude,Dana Stephens,28.8176833,-81.659517,3.9624,526.666667,9.66666667,1.0,0.00996035
336,2006-07-31 00:00:00,Gertrude,Dana Stephens,28.8176833,-81.659517,3.82016,546.666667,7.66666667,2.66666667,0.03548608
337,2006-10-31 00:00:00,Gertrude,Dana Stephens,28.8176833,-81.659517,8.2804,466.666667,8.66666667,4.0,0.06112108
338,2006-12-31 00:00:00,Gertrude,Dana Stephens,28.8176833,-81.659517,3.9624,443.333333,7.5,1.0,0.05124261
339,2006-01-10 00:00:00,Grasshopper,Dana Stephens,29.1332667,-81.61695,,480.0,8.66666667,4.33333333,0.04468768
340,2006-03-29 00:00:00,Grasshopper,Dana Stephens,29.1332667,-81.61695,1.9812,400.0,8.0,3.66666667,0.11707182
341,2006-06-14 00:00:00,Grasshopper,Dana Stephens,29.1332667,-81.61695,2.7432,376.666667,10.0,3.0,0.02246635
342,2006-07-19 00:00:00,Grasshopper,Dana Stephens,29.1332667,-81.61695,2.9464,263.333333,6.33333333,2.33333333,0.06083681
343,2006-12-29 00:00:00,Grasshopper,Dana Stephens,29.1332667,-81.61695,3.3528,250.0,8.0,3.33333333,0.03286096
344,2006-01-25 00:00:00,Griffin,Dana Stephens,28.8421167,-81.851417,0.39624,2543.33333,54.3333333,87.3333333,0.36540094
345,2006-03-20 00:00:00,Griffin,Dana Stephens,28.8421167,-81.851417,0.4572,2636.66667,55.3333333,103.666667,0.28086428
346,2006-05-23 00:00:00,Griffin,Dana Stephens,28.8421167,-81.851417,0.6096,1710.0,30.0,39.3333333,0.16623558
347,2006-07-18 00:00:00,Griffin,Dana Stephens,28.8421167,-81.851417,0.5334,1716.66667,27.0,42.3333333,0.58314671
348,2006-11-28 00:00:00,Griffin,Dana Stephens,28.8421167,-81.851417,0.41656,2473.33333,49.0,68.0,1.2254474
349,2006-03-30 00:00:00,Griffin North,Dana Stephens,28.8837,-81.840833,0.5588,5716.66667,48.6666667,80.0,0.41579052
350,2006-05-01 00:00:00,Griffin North,Dana Stephens,28.8837,-81.840833,0.46736,2096.66667,43.6666667,49.3333333,0.05482376
351,2006-07-30 00:00:00,Griffin North,Dana Stephens,28.8837,-81.840833,0.54864,1803.33333,25.6666667,36.0,0.78022628
352,2006-09-18 00:00:00,Griffin North,Dana Stephens,28.8837,-81.840833,0.48768,2013.33333,39.0,40.3333333,1.15544082
353,2006-12-11 00:00:00,Griffin North,Dana Stephens,28.8837,-81.840833,0.38608,2526.66667,55.3333333,72.0,1.24554208
354,2006-01-21 00:00:00,Griffin West,Dana Stephens,28.8623611,-81.890111,0.6604,1653.33333,66.3333333,66.0,0.09917162
355,2006-04-14 00:00:00,Griffin West,Dana Stephens,28.8623611,-81.890111,0.762,1733.33333,65.3333333,54.6666667,0.66067969
356,2006-05-28 00:00:00,Griffin West,Dana Stephens,28.8623611,-81.890111,0.56896,1780.0,75.3333333,65.0,0.35678034
357,2006-07-29 00:00:00,Griffin West,Dana Stephens,28.8623611,-81.890111,0.74168,1456.66667,58.0,45.6666667,0.10299754
358,2006-09-24 00:00:00,Griffin West,Dana Stephens,28.8623611,-81.890111,0.6096,1636.66667,54.3333333,48.3333333,1.67668023
359,2006-10-23 00:00:00,Griffin West,Dana Stephens,28.8623611,-81.890111,0.54864,1946.66667,63.3333333,63.6666667,1.11596393
360,2006-11-27 00:00:00,Griffin West,Dana Stephens,28.8623611,-81.890111,0.70104,1693.33333,56.6666667,61.6666667,0.58544906
361,2006-01-13 00:00:00,Harris,Dana Stephens,28.8103333,-81.786972,0.9144,1220.0,26.6666667,34.6666667,0.1
362,2006-03-22 00:00:00,Harris,Dana Stephens,28.8103333,-81.786972,1.4224,1233.33333,29.6666667,35.6666667,0.07479702
363,2006-04-17 00:00:00,Harris,Dana Stephens,28.8103333,-81.786972,0.9144,1406.66667,36.0,29.6666667,0.16013055
364,2006-07-25 00:00:00,Harris,Dana Stephens,28.8103333,-81.786972,0.9144,1210.0,34.6666667,36.6666667,0.04822385
365,2006-10-24 00:00:00,Harris,Dana Stephens,28.8103333,-81.786972,0.48768,1616.66667,34.6666667,62.6666667,0.1156827
366,2006-12-16 00:00:00,Harris,Dana Stephens,28.8103333,-81.786972,0.4064,1910.0,40.3333333,67.3333333,0.17477267
367,2006-01-04 00:00:00,Harris Middle,Dana Stephens,28.7418333,-81.77855,0.79248,1260.0,30.6666667,42.6666667,0.10440576
368,2006-04-10 00:00:00,Harris Middle,Dana Stephens,28.7418333,-81.77855,0.9144,1290.0,33.3333333,40.3333333,0.3186079
369,2006-07-06 00:00:00,Harris Middle,Dana Stephens,28.7418333,-81.77855,0.85344,1220.0,40.6666667,36.6666667,0.09002528
370,2006-09-06 00:00:00,Harris Middle,Dana Stephens,28.7418333,-81.77855,0.56896,1656.66667,34.6666667,63.6666667,0.3830961
371,2006-12-10 00:00:00,Harris Middle,Dana Stephens,28.7418333,-81.77855,0.4572,1880.0,45.6666667,74.0,0.19410609
372,2006-04-17 00:00:00,Harris West,Dana Stephens,28.8103333,-81.787167,1.2192,1243.33333,27.3333333,41.3333333,0.11037074
373,2006-05-22 00:00:00,Harris West,Dana Stephens,28.8103333,-81.787167,1.016,1146.66667,31.333333300000003,28.6666667,0.13118705
374,2006-11-15 00:00:00,Harris West,Dana Stephens,28.8103333,-81.787167,0.8128,1900.0,36.6666667,64.6666667,0.18954238
375,2006-01-21 00:00:00,Hermosa,Dana Stephens,28.8341944,-81.703278,1.0668,1333.33333,28.0,25.0,0.11222144
376,2006-03-23 00:00:00,Hermosa,Dana Stephens,28.8341944,-81.703278,0.70104,1163.33333,34.6666667,26.0,0.07653654
377,2006-05-20 00:00:00,Hermosa,Dana Stephens,28.8341944,-81.703278,0.85344,1033.33333,25.3333333,22.0,0.04329766
378,2006-07-15 00:00:00,Hermosa,Dana Stephens,28.8341944,-81.703278,0.94488,950.0,17.6666667,16.6666667,0.02541625
379,2006-09-16 00:00:00,Hermosa,Dana Stephens,28.8341944,-81.703278,1.19888,955.0,15.5,17.0,0.05302804
380,2006-11-26 00:00:00,Hermosa,Dana Stephens,28.8341944,-81.703278,0.9144,1486.66667,24.3333333,34.6666667,0.17954464
381,2006-04-03 00:00:00,Idamere,Dana Stephens,28.76655,-81.746133,2.8956,370.0,7.0,2.0,0.01042096
382,2006-05-03 00:00:00,Idamere,Dana Stephens,28.76655,-81.746133,2.7432,446.666667,10.6666667,3.0,0.02476008
383,2006-07-06 00:00:00,Idamere,Dana Stephens,28.76655,-81.746133,3.8608,376.666667,9.0,3.0,0.03991478
384,2006-10-20 00:00:00,Idamere,Dana Stephens,28.76655,-81.746133,3.2512,373.333333,11.6666667,3.0,0.04095017
385,2006-11-25 00:00:00,Idamere,Dana Stephens,28.76655,-81.746133,3.048,356.666667,12.0,3.0,0.04932031
386,2006-01-14 00:00:00,Jem,Dana Stephens,28.74645,-81.66515,2.7432,566.666667,13.6666667,6.0,0.21714794
387,2006-03-25 00:00:00,Jem,Dana Stephens,28.74645,-81.66515,3.2004,533.333333,12.3333333,10.6666667,0.34116852
388,2006-05-14 00:00:00,Jem,Dana Stephens,28.74645,-81.66515,2.80416,466.666667,10.6666667,5.33333333,0.05563737
389,2006-06-24 00:00:00,Jem,Dana Stephens,28.74645,-81.66515,3.3528,416.666667,10.0,3.0,0.04302085
390,2006-08-13 00:00:00,Jem,Dana Stephens,28.74645,-81.66515,2.57048,463.333333,14.0,5.33333333,0.02786941
391,2006-11-12 00:00:00,Jem,Dana Stephens,28.74645,-81.66515,1.88976,656.666667,15.3333333,9.0,0.15302919
392,2006-01-21 00:00:00,Joanna,Dana Stephens,28.8378333,-81.645833,6.2484,486.666667,4.66666667,1.0,0.14441021
393,2006-03-28 00:00:00,Joanna,Dana Stephens,28.8378333,-81.645833,5.9436,496.666667,5.33333333,1.33333333,0.10471648
394,2006-05-16 00:00:00,Joanna,Dana Stephens,28.8378333,-81.645833,5.334,573.333333,7.0,2.33333333,0.03319275
395,2006-07-01 00:00:00,Joanna,Dana Stephens,28.8378333,-81.645833,5.4864,536.666667,5.66666667,2.0,0.09369589
396,2006-09-26 00:00:00,Joanna,Dana Stephens,28.8378333,-81.645833,4.4196,606.666667,7.66666667,3.0,0.13046276
397,2006-12-06 00:00:00,Joanna,Dana Stephens,28.8378333,-81.645833,4.8768,610.0,9.0,2.0,0.07173055
398,2006-01-21 00:00:00,Little Harris,Dana Stephens,28.7195,-81.758528,0.67056,1380.0,36.6666667,43.0,0.31123461
399,2006-03-19 00:00:00,Little Harris,Dana Stephens,28.7195,-81.758528,0.9144,1360.0,35.0,49.3333333,0.16254852
400,2006-05-20 00:00:00,Little Harris,Dana Stephens,28.7195,-81.758528,0.9144,1396.66667,47.3333333,51.3333333,0.05073786
401,2006-07-30 00:00:00,Little Harris,Dana Stephens,28.7195,-81.758528,0.762,1336.66667,39.6666667,38.0,0.07746242
402,2006-09-17 00:00:00,Little Harris,Dana Stephens,28.7195,-81.758528,0.54864,1800.0,38.0,56.0,0.11458419
403,2006-12-24 00:00:00,Little Harris,Dana Stephens,28.7195,-81.758528,0.4572,2000.0,39.0,79.6666667,0.12078438
404,2006-01-26 00:00:00,Lorraine,Dana Stephens,28.8267667,-81.8821,0.85344,1776.66667,29.3333333,13.3333333,0.07159261
405,2006-04-26 00:00:00,Lorraine,Dana Stephens,28.8267667,-81.8821,,1653.33333,29.0,18.0,0.05457441
406,2006-07-22 00:00:00,Lorraine,Dana Stephens,28.8267667,-81.8821,,1723.33333,26.0,12.6666667,0.16219453
407,2006-10-23 00:00:00,Lorraine,Dana Stephens,28.8267667,-81.8821,,1706.66667,31.333333300000003,5.33333333,0.04583842
408,2006-01-31 00:00:00,Louisa,Dana Stephens,28.4832333,-81.741767,0.43688,1650.0,30.6666667,1.0,0.07920587
409,2006-03-28 00:00:00,Louisa,Dana Stephens,28.4832333,-81.741767,0.41656,1703.33333,33.6666667,6.66666667,0.13499331
410,2006-05-02 00:00:00,Louisa,Dana Stephens,28.4832333,-81.741767,0.3048,1670.0,32.3333333,6.0,0.01932604
411,2006-08-01 00:00:00,Louisa,Dana Stephens,28.4832333,-81.741767,0.43688,1530.0,30.6666667,17.6666667,0.03896591
412,2006-09-05 00:00:00,Louisa,Dana Stephens,28.4832333,-81.741767,0.38608,1253.33333,29.0,5.33333333,0.02903382
413,2006-12-05 00:00:00,Louisa,Dana Stephens,28.4832333,-81.741767,0.39624,1510.0,31.333333300000003,5.33333333,0.02913294
414,2006-02-17 00:00:00,May,Dana Stephens,28.8736833,-81.6358,3.3528,943.333333,30.3333333,26.3333333,0.14501712
415,2006-03-17 00:00:00,May,Dana Stephens,28.8736833,-81.6358,3.048,703.333333,13.6666667,2.66666667,0.0903253
416,2006-05-09 00:00:00,May,Dana Stephens,28.8736833,-81.6358,2.7432,773.333333,14.0,3.66666667,0.03412964
417,2006-07-15 00:00:00,May,Dana Stephens,28.8736833,-81.6358,2.7432,800.0,15.0,4.66666667,0.11614439
418,2006-10-14 00:00:00,May,Dana Stephens,28.8736833,-81.6358,2.3622,833.333333,18.6666667,7.0,0.21647631
419,2006-11-24 00:00:00,May,Dana Stephens,28.8736833,-81.6358,2.1336,826.666667,19.0,6.33333333,0.07255408
420,2006-09-04 00:00:00,Minnehaha,Dana Stephens,28.5316333,-81.763617,,,,,0.03084055
421,2006-01-11 00:00:00,Mirror,Dana Stephens,28.8912,-81.6725,1.524,880.0,34.6666667,20.3333333,0.06153076
422,2006-04-16 00:00:00,Mirror,Dana Stephens,28.8912,-81.6725,1.7272,993.333333,28.3333333,12.0,0.05243913
423,2006-06-20 00:00:00,Mirror,Dana Stephens,28.8912,-81.6725,1.4224,890.0,22.6666667,7.0,0.06921232
424,2006-08-19 00:00:00,Mirror,Dana Stephens,28.8912,-81.6725,1.2192,956.666667,28.3333333,7.33333333,2.30416427
425,2006-10-28 00:00:00,Mirror,Dana Stephens,28.8912,-81.6725,1.60528,880.0,20.3333333,5.66666667,0.24643968
426,2006-01-13 00:00:00,Peanut Pond,Dana Stephens,28.9276,-81.645583,2.7432,530.0,23.0,7.66666667,0.60298314
427,2006-03-10 00:00:00,Peanut Pond,Dana Stephens,28.9276,-81.645583,3.07848,446.666667,17.6666667,3.66666667,0.09995447
428,2006-05-04 00:00:00,Peanut Pond,Dana Stephens,28.9276,-81.645583,3.02768,506.6666670000001,15.666666700000002,2.66666667,0.0176343
429,2006-07-07 00:00:00,Peanut Pond,Dana Stephens,28.9276,-81.645583,2.5908,430.0,14.0,5.66666667,0.05332474
430,2006-09-05 00:00:00,Peanut Pond,Dana Stephens,28.9276,-81.645583,2.87528,423.333333,14.3333333,6.0,0.10020483
431,2006-11-07 00:00:00,Peanut Pond,Dana Stephens,28.9276,-81.645583,2.5908,530.0,20.3333333,7.0,0.05232587
432,2006-01-25 00:00:00,Picciola,Dana Stephens,28.8425833,-81.877667,0.43688,2793.33333,62.3333333,92.6666667,0.34373774
433,2006-05-23 00:00:00,Picciola,Dana Stephens,28.8425833,-81.877667,0.53848,1786.66667,33.6666667,42.3333333,0.23590738
434,2006-07-18 00:00:00,Picciola,Dana Stephens,28.8425833,-81.877667,0.54864,1653.33333,30.0,38.0,0.90274941
435,2006-09-20 00:00:00,Picciola,Dana Stephens,28.8425833,-81.877667,0.58928,2040.0,40.6666667,62.0,1.25543227
436,2006-11-28 00:00:00,Picciola,Dana Stephens,28.8425833,-81.877667,0.4572,2313.33333,48.6666667,65.3333333,1.4113063
437,2006-01-24 00:00:00,Sawmill,Dana Stephens,28.4931167,-81.779111,1.63576,960.0,22.6666667,12.6666667,3.68512941
438,2006-05-23 00:00:00,Sawmill,Dana Stephens,28.4931167,-81.779111,2.37744,646.666667,16.0,4.0,0.09731577
439,2006-08-24 00:00:00,Sawmill,Dana Stephens,28.4931167,-81.779111,1.85928,716.666667,13.0,7.0,0.08250353
440,2006-10-28 00:00:00,Sawmill,Dana Stephens,28.4931167,-81.779111,1.92024,723.333333,16.0,12.3333333,0.19427748
441,2006-11-27 00:00:00,Sawmill,Dana Stephens,28.4931167,-81.779111,2.34696,770.0,14.3333333,10.6666667,0.50532376
442,2006-01-10 00:00:00,Sellers,Dana Stephens,29.1123833,-81.63385,,236.666667,8.0,4.66666667,0.09441113
443,2006-03-29 00:00:00,Sellers,Dana Stephens,29.1123833,-81.63385,7.5184,173.333333,4.0,1.33333333,0.08425372
444,2006-06-14 00:00:00,Sellers,Dana Stephens,29.1123833,-81.63385,,143.333333,5.66666667,6.0,0.00721114
445,2006-07-19 00:00:00,Sellers,Dana Stephens,29.1123833,-81.63385,6.096,83.3333333,3.0,2.0,0.04742349
446,2006-12-21 00:00:00,Sellers,Dana Stephens,29.1123833,-81.63385,,96.6666667,4.33333333,1.33333333,0.02845772
447,2006-01-28 00:00:00,Silver,Dana Stephens,28.83705,-81.804217,2.1336,1180.0,22.0,1.66666667,0.11303644
448,2006-03-31 00:00:00,Silver,Dana Stephens,28.83705,-81.804217,1.8288,1180.0,13.3333333,3.0,0.05804414
449,2006-05-31 00:00:00,Silver,Dana Stephens,28.83705,-81.804217,1.8288,1310.0,12.0,5.66666667,0.04225335
450,2006-08-23 00:00:00,Silver,Dana Stephens,28.83705,-81.804217,1.2192,1460.0,14.0,7.66666667,0.0325285
451,2006-10-30 00:00:00,Silver,Dana Stephens,28.83705,-81.804217,1.524,1363.33333,15.0,4.33333333,0.0992817
452,2006-01-25 00:00:00,Trout,Dana Stephens,28.8662667,-81.6835,0.6096,3400.0,189.0,68.6666667,0.07456939
453,2006-03-15 00:00:00,Trout,Dana Stephens,28.8662667,-81.6835,0.89408,3943.33333,301.0,44.6666667,0.22365023
454,2006-05-24 00:00:00,Trout,Dana Stephens,28.8662667,-81.6835,0.4572,1630.0,322.666667,63.3333333,1.356104
455,2006-07-14 00:00:00,Trout,Dana Stephens,28.8662667,-81.6835,0.3048,2813.33333,426.666667,217.666667,4.48451141
456,2006-09-13 00:00:00,Trout,Dana Stephens,28.8662667,-81.6835,0.43688,1886.66667,217.333333,113.666667,3.10990859
457,2006-11-15 00:00:00,Trout,Dana Stephens,28.8662667,-81.6835,0.3048,2040.0,136.666667,114.333333,2.00543563
458,2006-01-04 00:00:00,Unity,Dana Stephens,28.87675,-81.87905,0.6096,1226.66667,49.3333333,7.0,0.19571576
459,2006-04-15 00:00:00,Unity,Dana Stephens,28.87675,-81.87905,0.49784,1556.66667,38.0,80.0,0.16061068
460,2006-07-25 00:00:00,Unity,Dana Stephens,28.87675,-81.87905,0.6096,853.333333,39.0,22.3333333,0.02910863
461,2006-10-06 00:00:00,Unity,Dana Stephens,28.87675,-81.87905,0.6096,800.0,31.666666699999997,27.0,0.13970497
462,2006-03-29 00:00:00,Wildcat,Dana Stephens,29.15975,-81.6277,1.778,350.0,6.66666667,2.33333333,0.07663987
463,2006-06-14 00:00:00,Wildcat,Dana Stephens,29.15975,-81.6277,1.6256,366.666667,8.66666667,12.6666667,0.0235245
464,2006-07-20 00:00:00,Wildcat,Dana Stephens,29.15975,-81.6277,2.1336,340.0,8.66666667,7.0,0.02130624
465,2006-11-28 00:00:00,Wildcat,Dana Stephens,29.15975,-81.6277,1.8288,323.333333,7.66666667,7.66666667,0.03084634
466,2006-05-18 00:00:00,Little Murex,Dana Stephens,26.4330139,-82.099981,1.0668,1610.0,20.0,10.3333333,0.03972397
467,2006-01-19 00:00:00,Diane,Dana Stephens,30.5935,-84.236667,1.58496,510.0,30.0,6.33333333,0.07293879
468,2006-04-27 00:00:00,Diane,Dana Stephens,30.5935,-84.236667,1.2192,370.0,16.0,5.0,0.05911196
469,2006-05-25 00:00:00,Diane,Dana Stephens,30.5935,-84.236667,2.2352,416.666667,19.0,,0.0149152
470,2006-07-26 00:00:00,Diane,Dana Stephens,30.5935,-84.236667,2.3368,500.0,17.0,5.33333333,0.04169222
471,2006-10-26 00:00:00,Diane,Dana Stephens,30.5935,-84.236667,2.8956,436.666667,18.0,3.0,0.04713095
472,2006-11-22 00:00:00,Diane,Dana Stephens,30.5935,-84.236667,,416.666667,15.3333333,2.0,0.03630479
473,2006-01-31 00:00:00,Minniehaha,Dana Stephens,30.4157333,-84.348717,0.9144,595.0,16.5,5.5,0.04299251
474,2006-03-11 00:00:00,Minniehaha,Dana Stephens,30.4157333,-84.348717,0.85344,670.0,17.0,16.0,0.07254231
475,2006-05-20 00:00:00,Minniehaha,Dana Stephens,30.4157333,-84.348717,1.2192,580.0,14.5,8.5,0.00454889
476,2006-07-17 00:00:00,Minniehaha,Dana Stephens,30.4157333,-84.348717,0.9144,450.0,10.5,4.5,0.04678387
477,2006-10-17 00:00:00,Minniehaha,Dana Stephens,30.4157333,-84.348717,,490.0,8.5,2.5,0.0454809
478,2006-02-03 00:00:00,Silver,Dana Stephens,30.4030667,-84.405717,,270.0,9.33333333,2.33333333,0.13577028
479,2006-03-10 00:00:00,Silver,Dana Stephens,30.4030667,-84.405717,3.2004,280.0,6.33333333,2.5,0.03971392
480,2006-06-02 00:00:00,Silver,Dana Stephens,30.4030667,-84.405717,,220.0,8.0,2.33333333,0.03041964
481,2006-07-05 00:00:00,Silver,Dana Stephens,30.4030667,-84.405717,,256.666667,7.0,2.66666667,0.07983006
482,2006-09-05 00:00:00,Silver,Dana Stephens,30.4030667,-84.405717,,276.666667,7.66666667,3.66666667,0.06506811
483,2006-11-02 00:00:00,Silver,Dana Stephens,30.4030667,-84.405717,,385.0,10.0,4.66666667,0.06798478
484,2006-01-02 00:00:00,Summerset,Dana Stephens,30.5737778,-84.263306,0.33528,1950.0,66.0,160.666667,0.11213696
485,2006-04-23 00:00:00,Summerset,Dana Stephens,30.5737778,-84.263306,2.2098,656.666667,34.3333333,5.33333333,0.03975293
486,2006-05-19 00:00:00,Summerset,Dana Stephens,30.5737778,-84.263306,1.2192,683.333333,35.0,10.6666667,0.0226645
487,2006-07-01 00:00:00,Summerset,Dana Stephens,30.5737778,-84.263306,0.79248,840.0,57.6666667,30.6666667,0.05774671
488,2006-09-02 00:00:00,Summerset,Dana Stephens,30.5737778,-84.263306,0.762,1033.33333,70.6666667,43.6666667,0.06087614
489,2006-11-10 00:00:00,Summerset,Dana Stephens,30.5737778,-84.263306,1.6764,653.333333,41.0,14.0,0.0822053
490,2006-01-19 00:00:00,Susan,Dana Stephens,30.4873167,-84.329261,0.8128,736.666667,80.6666667,12.6666667,3.56824204
491,2006-04-17 00:00:00,Susan,Dana Stephens,30.4873167,-84.329261,1.2192,800.0,135.666667,5.33333333,0.56375419
492,2006-06-24 00:00:00,Susan,Dana Stephens,30.4873167,-84.329261,0.3048,2686.66667,203.666667,174.0,0.14034759
493,2006-07-27 00:00:00,Susan,Dana Stephens,30.4873167,-84.329261,0.6604,1166.66667,158.666667,31.0,0.28384017
494,2006-09-25 00:00:00,Susan,Dana Stephens,30.4873167,-84.329261,0.6096,1506.66667,110.333333,82.3333333,6.64974855
495,2006-01-10 00:00:00,Charles,Dana Stephens,29.2294833,-81.9072,0.3048,1750.0,106.0,3.0,0.11029798
496,2006-03-13 00:00:00,Charles,Dana Stephens,29.2294833,-81.9072,0.3048,1606.66667,66.6666667,3.0,0.04853448
497,2006-06-04 00:00:00,Charles,Dana Stephens,29.2294833,-81.9072,0.3048,1553.33333,73.0,3.33333333,0.01516325
498,2006-07-05 00:00:00,Charles,Dana Stephens,29.2294833,-81.9072,0.6096,1516.66667,66.6666667,5.33333333,0.04162898
499,2006-03-01 00:00:00,DeLancy,Dana Stephens,29.4271389,-81.766944,2.92608,556.666667,12.6666667,4.0,0.05008182
500,2006-01-10 00:00:00,Eaton,Dana Stephens,29.2576333,-81.868117,0.3048,1266.66667,69.6666667,1.66666667,0.10101613
501,2006-03-13 00:00:00,Eaton,Dana Stephens,29.2576333,-81.868117,0.4572,1343.33333,50.0,2.33333333,0.04071856
502,2006-05-04 00:00:00,Eaton,Dana Stephens,29.2576333,-81.868117,0.6096,1153.33333,45.6666667,6.66666667,0.02790063
503,2006-07-05 00:00:00,Eaton,Dana Stephens,29.2576333,-81.868117,0.9144,850.0,36.0,12.3333333,0.05956158
504,2006-01-10 00:00:00,Halfmoon,Dana Stephens,29.1530667,-81.83015,1.524,970.0,9.66666667,3.0,0.09155094
505,2006-03-13 00:00:00,Halfmoon,Dana Stephens,29.1530667,-81.83015,1.8288,890.0,10.0,4.66666667,0.08597318
506,2006-05-04 00:00:00,Halfmoon,Dana Stephens,29.1530667,-81.83015,1.524,950.0,12.3333333,5.66666667,0.11411272
507,2006-07-05 00:00:00,Halfmoon,Dana Stephens,29.1530667,-81.83015,1.8288,863.333333,11.0,7.66666667,0.25589432
508,2006-01-16 00:00:00,Tiger,Dana Stephens,29.1317778,-82.519056,1.2192,760.0,18.6666667,19.6666667,0.07482071
509,2006-03-05 00:00:00,Tiger,Dana Stephens,29.1317778,-82.519056,1.28016,770.0,18.3333333,8.0,0.05771948
510,2006-07-16 00:00:00,Tiger,Dana Stephens,29.1317778,-82.519056,1.53416,660.0,14.3333333,5.66666667,0.07809596
511,2006-10-15 00:00:00,Tiger,Dana Stephens,29.1317778,-82.519056,1.02616,736.666667,19.6666667,9.33333333,0.04357832
512,2006-11-12 00:00:00,Tiger,Dana Stephens,29.1317778,-82.519056,1.45288,646.666667,19.6666667,9.33333333,0.04931242
513,2006-03-11 00:00:00,Colonial,Dana Stephens,25.6165556,-80.370833,3.6576,246.666667,7.66666667,2.0,0.1639617
514,2006-05-14 00:00:00,Colonial,Dana Stephens,25.6165556,-80.370833,3.3528,276.666667,5.66666667,2.0,0.0376225
515,2006-02-20 00:00:00,Highland,Dana Stephens,25.9716389,-80.158833,3.302,470.0,12.3333333,2.66666667,0.0453075
516,2006-04-01 00:00:00,Highland,Dana Stephens,25.9716389,-80.158833,2.794,630.0,12.6666667,1.0,0.01334276
517,2006-05-30 00:00:00,Highland,Dana Stephens,25.9716389,-80.158833,2.6416,433.333333,10.6666667,2.0,0.00527499
518,2006-07-23 00:00:00,Highland,Dana Stephens,25.9716389,-80.158833,2.9972,383.333333,10.3333333,2.66666667,0.08892722
519,2006-10-14 00:00:00,Highland,Dana Stephens,25.9716389,-80.158833,2.4892,610.0,12.3333333,3.66666667,0.0791948
520,2006-11-26 00:00:00,Highland,Dana Stephens,25.9716389,-80.158833,1.8288,713.333333,14.6666667,9.33333333,0.07279832
521,2006-01-11 00:00:00,Persch,Dana Stephens,25.8183833,-80.299983,1.2192,1050.0,21.6666667,13.0,0.07546124
522,2006-04-14 00:00:00,Persch,Dana Stephens,25.8183833,-80.299983,1.31064,1026.66667,25.6666667,5.33333333,0.10424785
523,2006-05-13 00:00:00,Persch,Dana Stephens,25.8183833,-80.299983,1.3716,1126.66667,26.3333333,9.33333333,0.00522053
524,2006-07-07 00:00:00,Persch,Dana Stephens,25.8183833,-80.299983,1.2192,800.0,21.6666667,10.0,0.0718432
525,2006-10-18 00:00:00,Persch,Dana Stephens,25.8183833,-80.299983,1.2192,933.333333,22.3333333,9.0,0.06978665
526,2006-03-07 00:00:00,Pineland,Dana Stephens,25.67725,-80.378167,,210.0,9.66666667,1.0,0.03895053
527,2006-07-05 00:00:00,Pineland,Dana Stephens,25.67725,-80.378167,,456.666667,7.33333333,2.0,0.0496348
528,2006-10-05 00:00:00,Pineland,Dana Stephens,25.67725,-80.378167,,296.666667,7.0,2.66666667,0.04785966
529,2006-11-22 00:00:00,Pineland,Dana Stephens,25.67725,-80.378167,,283.333333,4.66666667,1.0,0.05377076
530,2006-11-10 00:00:00,Key West Pond,Dana Stephens,24.5495333,-81.783667,,2065.0,108.5,122.0,0.08440303
531,2006-01-05 00:00:00,Hurricane,Dana Stephens,30.9405,-86.757033,2.9718,375.0,19.25,6.0,0.47100099
532,2006-04-05 00:00:00,Hurricane,Dana Stephens,30.9405,-86.757033,2.15646,375.0,24.75,12.5,0.10324044
533,2006-06-05 00:00:00,Hurricane,Dana Stephens,30.9405,-86.757033,1.2192,572.5,22.25,16.0,0.25154484
534,2006-07-06 00:00:00,Hurricane,Dana Stephens,30.9405,-86.757033,0.85344,895.0,26.5,30.0,0.89219797
535,2006-10-03 00:00:00,Hurricane,Dana Stephens,30.9405,-86.757033,1.05156,782.5,31.75,30.5,2.89645132
536,2006-11-06 00:00:00,Hurricane,Dana Stephens,30.9405,-86.757033,1.82118,685.0,30.5,16.75,1.51612056
537,2006-01-05 00:00:00,Karick,Dana Stephens,30.8954167,-86.643217,1.3716,376.666667,23.3333333,6.0,0.05992821
538,2006-04-05 00:00:00,Karick,Dana Stephens,30.8954167,-86.643217,2.90576,396.666667,48.3333333,7.66666667,0.04358041
539,2006-06-02 00:00:00,Karick,Dana Stephens,30.8954167,-86.643217,1.09728,513.333333,26.0,25.0,0.06014676
540,2006-07-10 00:00:00,Karick,Dana Stephens,30.8954167,-86.643217,1.24968,683.333333,38.3333333,17.6666667,0.12137763
541,2006-10-03 00:00:00,Karick,Dana Stephens,30.8954167,-86.643217,0.89408,750.0,42.3333333,15.6666667,0.08931023
542,2006-11-06 00:00:00,Karick,Dana Stephens,30.8954167,-86.643217,0.94488,650.0,31.0,21.0,0.10082705
543,2006-01-09 00:00:00,Carlton,Dana Stephens,28.7595667,-81.6599,0.43688,2600.0,58.3333333,107.0,0.767898
544,2006-04-05 00:00:00,Carlton,Dana Stephens,28.7595667,-81.6599,0.33528,3000.0,55.3333333,130.0,0.17421211
545,2006-05-09 00:00:00,Carlton,Dana Stephens,28.7595667,-81.6599,0.36576,3406.66667,56.3333333,143.333333,0.25490097
546,2006-07-12 00:00:00,Carlton,Dana Stephens,28.7595667,-81.6599,0.33528,3290.0,45.3333333,130.0,0.98642155
547,2006-10-12 00:00:00,Carlton,Dana Stephens,28.7595667,-81.6599,0.26416,3906.66667,63.0,202.0,1.17551977
548,2006-12-02 00:00:00,Carlton,Dana Stephens,28.7595667,-81.6599,0.28448,4056.66667,86.3333333,219.333333,1.53475382
549,2006-02-19 00:00:00,Giles,Dana Stephens,28.5310833,-81.333233,,693.333333,41.6666667,15.3333333,0.18173365
550,2006-04-22 00:00:00,Giles,Dana Stephens,28.5310833,-81.333233,1.8288,493.333333,28.6666667,10.3333333,0.07352127
551,2006-05-20 00:00:00,Giles,Dana Stephens,28.5310833,-81.333233,0.9144,610.0,27.6666667,21.3333333,0.00576337
552,2006-07-08 00:00:00,Giles,Dana Stephens,28.5310833,-81.333233,0.70104,980.0,32.0,46.0,0.09363055
553,2006-10-08 00:00:00,Giles,Dana Stephens,28.5310833,-81.333233,1.27,670.0,24.3333333,26.3333333,0.08876351
554,2006-11-11 00:00:00,Giles,Dana Stephens,28.5310833,-81.333233,1.20904,876.666667,25.0,27.6666667,15.5509932
555,2006-04-14 00:00:00,Holden,Dana Stephens,28.50385,-81.38735,2.5146,700.0,17.0,10.0,0.05074239
556,2006-05-19 00:00:00,Holden,Dana Stephens,28.50385,-81.38735,1.76784,623.333333,15.3333333,7.33333333,0.00595353
557,2006-07-20 00:00:00,Holden,Dana Stephens,28.50385,-81.38735,1.15824,740.0,25.3333333,24.0,0.02851763
558,2006-09-11 00:00:00,Holden,Dana Stephens,28.50385,-81.38735,1.09728,793.333333,19.0,22.6666667,0.05863988
559,2006-11-11 00:00:00,Holden,Dana Stephens,28.50385,-81.38735,1.40208,733.333333,15.666666700000002,18.3333333,0.06565405
560,2006-04-18 00:00:00,Ivanhoe East,Dana Stephens,28.5635833,-81.375233,3.68808,493.333333,18.0,3.66666667,0.08609674
561,2006-08-04 00:00:00,Ivanhoe East,Dana Stephens,28.5635833,-81.375233,2.06248,553.333333,19.3333333,7.0,0.05743232
562,2006-04-18 00:00:00,Ivanhoe Middle,Dana Stephens,28.5621167,-81.380667,4.2672,470.0,19.3333333,3.0,0.03499896
563,2006-08-04 00:00:00,Ivanhoe Middle,Dana Stephens,28.5621167,-81.380667,0.58928,1260.0,29.6666667,47.3333333,0.08200837
564,2006-04-18 00:00:00,Ivanhoe West,Dana Stephens,28.5651333,-81.38305,5.11048,473.333333,16.6666667,3.0,0.06451716
565,2006-08-04 00:00:00,Ivanhoe West,Dana Stephens,28.5651333,-81.38305,1.27,743.333333,23.3333333,14.6666667,0.13980668
566,2006-10-13 00:00:00,Johio,Dana Stephens,28.5774806,-81.511342,5.11048,406.666667,5.66666667,2.0,0.07443354
567,2006-11-14 00:00:00,Johio,Dana Stephens,28.5774806,-81.511342,7.0104,380.0,5.0,2.0,0.06169885
568,2006-01-11 00:00:00,Little Fairview,Dana Stephens,28.58985,-81.389022,3.048,546.666667,22.6666667,10.0,0.15947303
569,2006-04-04 00:00:00,Little Fairview,Dana Stephens,28.58985,-81.389022,3.048,470.0,19.3333333,3.33333333,0.06121668
570,2006-05-03 00:00:00,Little Fairview,Dana Stephens,28.58985,-81.389022,3.6576,410.0,14.6666667,2.66666667,0.04536201
571,2006-07-06 00:00:00,Little Fairview,Dana Stephens,28.58985,-81.389022,3.3528,500.0,14.3333333,4.0,0.03898625
572,2006-09-07 00:00:00,Little Fairview,Dana Stephens,28.58985,-81.389022,2.7432,513.333333,13.3333333,8.0,0.03599947
573,2006-11-15 00:00:00,Little Fairview,Dana Stephens,28.58985,-81.389022,2.7432,506.6666670000001,16.6666667,4.33333333,0.05694385
574,2006-01-13 00:00:00,Lurna,Dana Stephens,28.5225806,-81.374369,0.87376,1020.0,72.6666667,56.0,0.28159986
575,2006-04-16 00:00:00,Lurna,Dana Stephens,28.5225806,-81.374369,0.84328,1033.33333,77.0,38.0,0.16126556
576,2006-05-06 00:00:00,Lurna,Dana Stephens,28.5225806,-81.374369,0.762,946.666667,57.3333333,38.0,0.15997506
577,2006-07-20 00:00:00,Lurna,Dana Stephens,28.5225806,-81.374369,0.94488,676.666667,55.0,40.6666667,0.35417699
578,2006-10-12 00:00:00,Lurna,Dana Stephens,28.5225806,-81.374369,0.94488,690.0,50.3333333,38.3333333,1.32111384
579,2006-11-26 00:00:00,Lurna,Dana Stephens,28.5225806,-81.374369,1.12776,670.0,47.3333333,28.6666667,0.2334628
580,2006-01-29 00:00:00,Susannah,Dana Stephens,28.5623611,-81.323167,4.1148,660.0,12.3333333,6.0,0.14451465
581,2006-04-21 00:00:00,Susannah,Dana Stephens,28.5623611,-81.323167,4.4196,406.666667,14.6666667,2.33333333,0.18639192
582,2006-05-21 00:00:00,Susannah,Dana Stephens,28.5623611,-81.323167,4.8768,426.666667,14.6666667,5.66666667,0.01941629
583,2006-07-25 00:00:00,Susannah,Dana Stephens,28.5623611,-81.323167,3.048,483.333333,17.0,6.0,0.08955201
584,2006-09-16 00:00:00,Susannah,Dana Stephens,28.5623611,-81.323167,2.8956,500.0,17.6666667,7.33333333,0.04815703
585,2006-11-14 00:00:00,Susannah,Dana Stephens,28.5623611,-81.323167,3.29184,590.0,19.0,8.0,0.06474405
586,2006-01-07 00:00:00,Waumpi,Dana Stephens,28.6319722,-81.330417,0.73152,810.0,42.6666667,22.0,0.08381414
587,2006-03-12 00:00:00,Waumpi,Dana Stephens,28.6319722,-81.330417,0.54864,1066.66667,88.3333333,25.6666667,0.04834051
588,2006-05-14 00:00:00,Waumpi,Dana Stephens,28.6319722,-81.330417,0.50292,1073.33333,92.0,42.3333333,0.04629584
589,2006-07-16 00:00:00,Waumpi,Dana Stephens,28.6319722,-81.330417,0.54864,1200.0,45.3333333,38.6666667,0.04870562
590,2006-09-10 00:00:00,Waumpi,Dana Stephens,28.6319722,-81.330417,0.85344,820.0,41.0,19.3333333,0.13242987
591,2006-11-15 00:00:00,Waumpi,Dana Stephens,28.6319722,-81.330417,0.38608,1440.0,97.0,69.6666667,0.08567912
592,2006-01-26 00:00:00,Alligator,Dana Stephens,28.2305,-81.198833,0.9144,994.0,19.4,3.8,0.07578877
593,2006-04-20 00:00:00,Alligator,Dana Stephens,28.2305,-81.198833,1.2192,984.0,20.0,3.0,0.03091969
594,2006-06-24 00:00:00,Alligator,Dana Stephens,28.2305,-81.198833,1.524,982.0,18.0,4.0,0.03524164
595,2006-02-22 00:00:00,Brick,Dana Stephens,28.1673333,-81.191183,0.64008,940.0,26.6666667,5.0,0.04713062
596,2006-05-14 00:00:00,Cypress,Dana Stephens,28.0757333,-81.32305,0.508,1756.66667,102.0,73.6666667,2.57360124
597,2006-07-13 00:00:00,Cypress,Dana Stephens,28.0757333,-81.32305,0.4572,1963.33333,124.0,84.3333333,1.86113013
598,2006-04-15 00:00:00,Tohopekaliga East,Dana Stephens,28.2925,-81.285667,2.032,663.333333,18.3333333,4.33333333,0.044335
599,2006-05-18 00:00:00,Tohopekaliga East,Dana Stephens,28.2925,-81.285667,1.9812,630.0,17.0,4.33333333,0.02514022
600,2006-10-19 00:00:00,Tohopekaliga East,Dana Stephens,28.2925,-81.285667,2.7432,576.666667,13.3333333,3.33333333,0.04116542
601,2006-11-17 00:00:00,Tohopekaliga East,Dana Stephens,28.2925,-81.285667,2.54,570.0,15.3333333,4.0,0.09719923
602,2006-01-05 00:00:00,Tohopekaliga Middle,Dana Stephens,28.2207333,-81.394633,0.8636,850.0,32.0,18.6666667,0.08978594
603,2006-03-19 00:00:00,Tohopekaliga Middle,Dana Stephens,28.2207333,-81.394633,0.7112,1226.66667,50.3333333,38.6666667,0.12886003
604,2006-05-27 00:00:00,Tohopekaliga Middle,Dana Stephens,28.2207333,-81.394633,0.53848,1553.33333,69.0,46.0,0.74290021
605,2006-01-05 00:00:00,Tohopekaliga North,Dana Stephens,28.2809333,-81.400767,0.80772,800.0,44.6666667,9.0,0.10088971
606,2006-03-19 00:00:00,Tohopekaliga North,Dana Stephens,28.2809333,-81.400767,0.8636,903.333333,60.3333333,26.0,0.04319845
607,2006-05-27 00:00:00,Tohopekaliga North,Dana Stephens,28.2809333,-81.400767,0.50292,1450.0,97.6666667,53.6666667,0.15162636
608,2006-07-27 00:00:00,Tohopekaliga North,Dana Stephens,28.2809333,-81.400767,0.6096,1450.0,93.0,57.6666667,0.57546069
609,2006-10-06 00:00:00,Tohopekaliga North,Dana Stephens,28.2809333,-81.400767,0.56896,1336.66667,72.0,47.6666667,0.34277715
610,2006-11-03 00:00:00,Tohopekaliga North,Dana Stephens,28.2809333,-81.400767,0.64008,1206.66667,62.0,35.3333333,0.3053598
611,2006-01-15 00:00:00,Trout,Dana Stephens,28.2589,-81.168083,0.72136,1080.0,13.3333333,4.0,0.10191116
612,2006-03-17 00:00:00,Trout,Dana Stephens,28.2589,-81.168083,0.59944,1233.33333,17.6666667,4.33333333,0.08956456
613,2006-01-29 00:00:00,Charleston West,Dana Stephens,26.5682,-80.17125,2.0828,560.0,23.0,8.0,0.17217468
614,2006-03-18 00:00:00,Charleston West,Dana Stephens,26.5682,-80.17125,2.794,503.3333329999999,13.3333333,4.66666667,0.06764732
615,2006-05-27 00:00:00,Charleston West,Dana Stephens,26.5682,-80.17125,3.81,466.666667,13.0,3.33333333,0.01432867
616,2006-10-07 00:00:00,Charleston West,Dana Stephens,26.5682,-80.17125,2.4384,296.666667,19.6666667,10.3333333,0.07201577
617,2006-11-12 00:00:00,Charleston West,Dana Stephens,26.5682,-80.17125,2.3368,633.333333,23.3333333,11.0,0.05437359
618,2006-01-27 00:00:00,Bird,Dana Stephens,28.1802278,-82.453461,2.7432,1003.33333,20.6666667,4.33333333,0.07273417
619,2006-03-17 00:00:00,Bird,Dana Stephens,28.1802278,-82.453461,2.4384,796.666667,24.3333333,8.33333333,0.0545027
620,2006-06-01 00:00:00,Bird,Dana Stephens,28.1802278,-82.453461,1.524,906.666667,28.3333333,15.6666667,0.01302097
621,2006-10-04 00:00:00,Bird,Dana Stephens,28.1802278,-82.453461,,926.666667,23.0,7.5,0.04985495
622,2006-11-26 00:00:00,Bird,Dana Stephens,28.1802278,-82.453461,,900.0,19.3333333,5.33333333,0.06661432
623,2006-01-16 00:00:00,Crews,Dana Stephens,28.3829833,-82.516383,,1100.0,13.3333333,3.33333333,0.10844406
624,2006-03-08 00:00:00,Crews,Dana Stephens,28.3829833,-82.516383,,1350.0,21.6666667,6.33333333,0.25464233
625,2006-05-14 00:00:00,Crews,Dana Stephens,28.3829833,-82.516383,,2313.33333,44.3333333,41.6666667,0.55235688
626,2006-02-18 00:00:00,Jovita,Dana Stephens,28.3415194,-82.263458,3.2004,560.0,28.0,4.0,0.06717941
627,2006-04-14 00:00:00,Jovita,Dana Stephens,28.3415194,-82.263458,1.778,693.333333,31.333333300000003,11.3333333,0.0815292
628,2006-06-18 00:00:00,Jovita,Dana Stephens,28.3415194,-82.263458,1.9304,593.333333,20.6666667,6.0,0.12640396
629,2006-07-15 00:00:00,Jovita,Dana Stephens,28.3415194,-82.263458,1.6764,600.0,22.0,6.0,0.10643628
630,2006-10-15 00:00:00,Jovita,Dana Stephens,28.3415194,-82.263458,1.7272,480.0,11.3333333,6.66666667,0.09162565
631,2006-11-17 00:00:00,Jovita,Dana Stephens,28.3415194,-82.263458,1.2192,563.333333,22.0,9.33333333,0.0479439
632,2006-01-08 00:00:00,Karney,Dana Stephens,28.3188333,-82.26715,1.2192,1200.0,33.0,9.66666667,0.06995578
633,2006-04-04 00:00:00,Karney,Dana Stephens,28.3188333,-82.26715,1.24968,1136.66667,31.666666699999997,11.6666667,0.12502439
634,2006-07-06 00:00:00,Karney,Dana Stephens,28.3188333,-82.26715,1.1176,1150.0,35.6666667,11.6666667,0.06002886
635,2006-10-03 00:00:00,Karney,Dana Stephens,28.3188333,-82.26715,0.94488,1016.66667,16.0,10.0,0.05786423
636,2006-11-09 00:00:00,Karney,Dana Stephens,28.3188333,-82.26715,1.3208,966.666667,15.666666700000002,8.0,0.03542862
637,2006-01-13 00:00:00,Little Black,Dana Stephens,28.2361167,-82.456133,1.65608,956.666667,32.3333333,13.3333333,0.0468428
638,2006-03-15 00:00:00,Little Black,Dana Stephens,28.2361167,-82.456133,1.28016,946.666667,31.333333300000003,14.3333333,0.05016456
639,2006-05-19 00:00:00,Little Black,Dana Stephens,28.2361167,-82.456133,1.91008,830.0,29.0,8.33333333,0.00492926
640,2006-07-15 00:00:00,Little Black,Dana Stephens,28.2361167,-82.456133,1.09728,970.0,30.3333333,12.0,0.07568469
641,2006-09-15 00:00:00,Little Black,Dana Stephens,28.2361167,-82.456133,1.53416,853.333333,25.6666667,9.33333333,0.06360757
642,2006-11-15 00:00:00,Little Black,Dana Stephens,28.2361167,-82.456133,1.65608,960.0,24.3333333,14.6666667,0.08376002
643,2006-01-31 00:00:00,Saxon North,Dana Stephens,28.2003667,-82.454133,2.85496,643.333333,17.0,2.66666667,0.09168466
644,2006-03-28 00:00:00,Saxon North,Dana Stephens,28.2003667,-82.454133,3.62712,633.333333,18.0,2.0,0.07789892
645,2006-01-31 00:00:00,Saxon South,Dana Stephens,28.1979,-82.447333,2.3876,640.0,16.0,5.66666667,0.07591628
646,2006-03-28 00:00:00,Saxon South,Dana Stephens,28.1979,-82.447333,2.70256,723.333333,18.6666667,3.0,0.0431451
647,2006-10-23 00:00:00,Alligator,Dana Stephens,27.9812,-82.697933,1.11252,870.0,133.333333,30.0,0.04671975
648,2006-01-26 00:00:00,Maggiore,Dana Stephens,27.7486667,-82.651517,0.24384,3490.0,125.666667,145.0,0.26365136
649,2006-04-20 00:00:00,Maggiore,Dana Stephens,27.7486667,-82.651517,0.21336,4083.3333300000004,167.0,104.0,0.18980674
650,2006-06-27 00:00:00,Maggiore,Dana Stephens,27.7486667,-82.651517,0.39624,2446.66667,78.6666667,90.6666667,0.0449392
651,2006-07-20 00:00:00,Maggiore,Dana Stephens,27.7486667,-82.651517,0.3048,2660.0,69.3333333,109.666667,0.02853575
652,2006-01-12 00:00:00,Placid,Dana Stephens,27.9246833,-82.794169,0.6096,1830.0,51.6666667,15.6666667,0.172797
653,2006-04-14 00:00:00,Placid,Dana Stephens,27.9246833,-82.794169,0.56896,1506.66667,61.0,47.3333333,0.40718079
654,2006-10-14 00:00:00,Placid,Dana Stephens,27.9246833,-82.794169,0.77216,1733.33333,32.0,40.6666667,2.565474
655,2006-11-14 00:00:00,Placid,Dana Stephens,27.9246833,-82.794169,0.69088,1520.0,52.0,36.0,2.00987854
656,2006-01-28 00:00:00,Belle East,Dana Stephens,27.88295,-81.58315,2.4892,1020.0,40.0,13.0,0.12798762
657,2006-04-01 00:00:00,Belle East,Dana Stephens,27.88295,-81.58315,1.3208,843.333333,54.3333333,26.0,0.11836838
658,2006-05-01 00:00:00,Belle East,Dana Stephens,27.88295,-81.58315,1.40208,923.333333,46.0,25.6666667,0.01576906
659,2006-07-29 00:00:00,Belle East,Dana Stephens,27.88295,-81.58315,2.82448,713.333333,20.3333333,9.33333333,0.0775154
660,2006-12-23 00:00:00,Belle East,Dana Stephens,27.88295,-81.58315,3.0988,1020.0,40.0,24.6666667,0.03195728
661,2006-01-28 00:00:00,Belle West,Dana Stephens,27.8809,-81.587017,2.51968,1060.0,38.6666667,17.3333333,0.08607183
662,2006-04-01 00:00:00,Belle West,Dana Stephens,27.8809,-81.587017,1.55448,826.666667,50.0,25.6666667,0.07876145
663,2006-05-01 00:00:00,Belle West,Dana Stephens,27.8809,-81.587017,1.40208,920.0,46.6666667,24.0,0.06070201
664,2006-07-29 00:00:00,Belle West,Dana Stephens,27.8809,-81.587017,2.7432,676.666667,19.3333333,9.0,0.04452331
665,2006-09-30 00:00:00,Belle West,Dana Stephens,27.8809,-81.587017,2.9972,680.0,23.3333333,10.6666667,0.05041913
666,2006-12-23 00:00:00,Belle West,Dana Stephens,27.8809,-81.587017,2.62128,1066.66667,45.3333333,39.3333333,0.02661941
667,2006-03-14 00:00:00,Dexter,Dana Stephens,27.99065,-81.68225,5.1816,400.0,10.0,1.0,0.18706939
668,2006-05-21 00:00:00,Dexter,Dana Stephens,27.99065,-81.68225,4.2672,413.333333,10.0,1.0,0.03313123
669,2006-07-29 00:00:00,Dexter,Dana Stephens,27.99065,-81.68225,,393.333333,8.33333333,1.66666667,0.11744238
670,2006-09-24 00:00:00,Dexter,Dana Stephens,27.99065,-81.68225,,460.0,11.3333333,1.66666667,0.07233162
671,2006-11-19 00:00:00,Dexter,Dana Stephens,27.99065,-81.68225,4.35864,440.0,11.0,1.66666667,0.05811116
672,2006-01-24 00:00:00,Gaskin's Cut,Dana Stephens,27.8736,-81.854183,0.762,1663.33333,182.0,34.0,1.36569549
673,2006-03-27 00:00:00,Gaskin's Cut,Dana Stephens,27.8736,-81.854183,0.3048,3016.66667,375.666667,234.333333,4.07669397
674,2006-07-19 00:00:00,Gaskin's Cut,Dana Stephens,27.8736,-81.854183,0.4572,2023.33333,277.333333,89.0,3.76443238
675,2006-10-18 00:00:00,Gaskin's Cut,Dana Stephens,27.8736,-81.854183,0.3048,2253.33333,285.0,122.333333,5.27709579
676,2006-11-15 00:00:00,Gaskin's Cut,Dana Stephens,27.8736,-81.854183,0.4572,2300.0,297.0,77.6666667,2.74415229
677,2006-03-30 00:00:00,Hunter,Dana Stephens,28.03255,-81.967017,0.39624,2346.66667,172.0,106.0,3.44732925
678,2006-09-06 00:00:00,Hunter,Dana Stephens,28.03255,-81.967017,,2140.0,127.66666700000002,,21.2853873
679,2006-01-10 00:00:00,Wales,Dana Stephens,27.9012333,-81.5712,1.50368,590.0,30.0,24.0,0.61553339
680,2006-05-10 00:00:00,Wales,Dana Stephens,27.9012333,-81.5712,1.9304,666.666667,25.0,5.33333333,0.03510459
681,2006-07-10 00:00:00,Wales,Dana Stephens,27.9012333,-81.5712,2.286,510.0,16.0,7.0,0.09371963
682,2006-10-09 00:00:00,Wales,Dana Stephens,27.9012333,-81.5712,1.2192,560.0,21.0,21.0,0.07634863
683,2006-11-08 00:00:00,Wales,Dana Stephens,27.9012333,-81.5712,1.09728,680.0,25.3333333,26.3333333,0.10984593
684,2006-01-23 00:00:00,Weohyakapka,Dana Stephens,27.81545,-81.4305,0.9144,630.0,19.6666667,10.3333333,0.10807673
685,2006-03-27 00:00:00,Weohyakapka,Dana Stephens,27.81545,-81.4305,0.762,786.666667,31.0,13.3333333,0.12468812
686,2006-02-17 00:00:00,Annie,Dana Stephens,29.6021667,-82.015667,4.572,413.333333,7.33333333,1.33333333,0.18541898
687,2006-03-19 00:00:00,Annie,Dana Stephens,29.6021667,-82.015667,3.7084,410.0,7.33333333,3.0,0.25303502
688,2006-05-20 00:00:00,Annie,Dana Stephens,29.6021667,-82.015667,3.302,376.666667,5.0,2.0,0.52933781
689,2006-07-18 00:00:00,Annie,Dana Stephens,29.6021667,-82.015667,3.5052,370.0,4.0,2.0,0.0329668
690,2006-09-16 00:00:00,Annie,Dana Stephens,29.6021667,-82.015667,2.5908,453.333333,7.33333333,5.0,0.08089972
691,2006-11-19 00:00:00,Annie,Dana Stephens,29.6021667,-82.015667,2.1336,430.0,8.66666667,7.0,0.05287527
692,2006-01-30 00:00:00,Ashley,Dana Stephens,29.7052778,-82.024472,0.9144,343.333333,18.0,6.66666667,0.05926701
693,2006-03-27 00:00:00,Ashley,Dana Stephens,29.7052778,-82.024472,0.762,423.333333,22.3333333,10.0,0.04728525
694,2006-05-30 00:00:00,Ashley,Dana Stephens,29.7052778,-82.024472,1.09728,320.0,15.0,7.0,0.02122745
695,2006-07-23 00:00:00,Ashley,Dana Stephens,29.7052778,-82.024472,1.17856,293.333333,17.3333333,5.33333333,0.07965003
696,2006-09-16 00:00:00,Ashley,Dana Stephens,29.7052778,-82.024472,0.9144,366.666667,19.3333333,7.0,0.0779084
697,2006-11-29 00:00:00,Ashley,Dana Stephens,29.7052778,-82.024472,0.72136,413.333333,15.3333333,4.66666667,0.05324157
698,2006-01-12 00:00:00,Barco,Dana Stephens,29.6758889,-82.008278,,146.666667,2.66666667,1.33333333,0.06640193
699,2006-05-16 00:00:00,Barco,Dana Stephens,29.6758889,-82.008278,,83.3333333,3.66666667,1.0,0.02297615
700,2006-07-24 00:00:00,Barco,Dana Stephens,29.6758889,-82.008278,4.9276,116.666667,4.0,2.0,0.03246867
701,2006-09-22 00:00:00,Barco,Dana Stephens,29.6758889,-82.008278,3.92176,250.0,6.66666667,2.0,0.02906009
702,2006-11-22 00:00:00,Barco,Dana Stephens,29.6758889,-82.008278,,136.666667,3.33333333,2.0,0.0750427
703,2006-01-31 00:00:00,Broward,Dana Stephens,29.5083333,-81.591722,4.4704,356.666667,5.33333333,1.33333333,0.11076589
704,2006-04-30 00:00:00,Broward,Dana Stephens,29.5083333,-81.591722,3.9624,270.0,7.33333333,2.66666667,0.28024404
705,2006-05-30 00:00:00,Broward,Dana Stephens,29.5083333,-81.591722,4.4196,270.0,6.66666667,2.0,0.08339442
706,2006-07-14 00:00:00,Broward,Dana Stephens,29.5083333,-81.591722,3.2004,220.0,3.0,2.66666667,0.04419569
707,2006-09-28 00:00:00,Broward,Dana Stephens,29.5083333,-81.591722,3.9624,330.0,8.0,4.66666667,0.07931953
708,2006-11-29 00:00:00,Broward,Dana Stephens,29.5083333,-81.591722,3.81,273.333333,4.33333333,1.66666667,0.11221911
709,2006-04-25 00:00:00,George South,Dana Stephens,29.2393889,-81.583444,,936.666667,40.0,23.3333333,0.08643404
710,2006-05-24 00:00:00,George South,Dana Stephens,29.2393889,-81.583444,,450.0,25.6666667,19.6666667,0.0838561
711,2006-07-26 00:00:00,George South,Dana Stephens,29.2393889,-81.583444,,870.0,32.3333333,21.6666667,0.30824059
712,2006-01-17 00:00:00,McCloud,Dana Stephens,29.6951944,-81.996972,,466.666667,4.33333333,3.0,0.07309937
713,2006-04-17 00:00:00,McCloud,Dana Stephens,29.6951944,-81.996972,,433.333333,4.33333333,1.0,0.07269144
714,2006-06-23 00:00:00,McCloud,Dana Stephens,29.6951944,-81.996972,3.9624,433.333333,6.0,1.66666667,0.0249301
715,2006-07-25 00:00:00,McCloud,Dana Stephens,29.6951944,-81.996972,3.9624,430.0,6.66666667,3.0,0.02417249
716,2006-09-16 00:00:00,McCloud,Dana Stephens,29.6951944,-81.996972,3.7338,380.0,6.66666667,3.0,0.03452551
717,2006-11-25 00:00:00,McCloud,Dana Stephens,29.6951944,-81.996972,,433.333333,9.66666667,1.33333333,0.04401749
718,2006-02-09 00:00:00,Punchbowl,Dana Stephens,29.7167222,-82.0485,0.762,806.666667,17.3333333,4.0,0.04841184
719,2006-04-05 00:00:00,Punchbowl,Dana Stephens,29.7167222,-82.0485,0.762,676.666667,19.3333333,6.33333333,0.09119634
720,2006-05-05 00:00:00,Punchbowl,Dana Stephens,29.7167222,-82.0485,0.9144,726.666667,15.3333333,3.66666667,0.0409732
721,2006-11-13 00:00:00,Punchbowl,Dana Stephens,29.7167222,-82.0485,1.0668,630.0,17.0,7.0,0.03886617
722,2006-01-05 00:00:00,Suggs,Dana Stephens,29.6879722,-82.016917,0.3048,1363.33333,133.333333,1.66666667,0.06913457
723,2006-04-04 00:00:00,Suggs,Dana Stephens,29.6879722,-82.016917,0.39624,1266.66667,79.6666667,3.0,0.03747238
724,2006-05-02 00:00:00,Suggs,Dana Stephens,29.6879722,-82.016917,0.39624,1313.33333,69.3333333,4.66666667,0.03313241
725,2006-07-23 00:00:00,Suggs,Dana Stephens,29.6879722,-82.016917,0.6096,1183.33333,59.6666667,10.6666667,0.02228844
726,2006-09-23 00:00:00,Suggs,Dana Stephens,29.6879722,-82.016917,0.762,1156.66667,76.0,11.6666667,0.03182502
727,2006-11-22 00:00:00,Suggs,Dana Stephens,29.6879722,-82.016917,0.67056,1073.33333,71.3333333,7.0,0.04091945
728,2006-02-18 00:00:00,Winnott,Dana Stephens,29.6470556,-82.048278,1.19888,763.333333,21.6666667,5.0,0.10697402
729,2006-03-11 00:00:00,Winnott,Dana Stephens,29.6470556,-82.048278,1.14808,826.666667,22.0,11.3333333,1.76435328
730,2006-05-16 00:00:00,Winnott,Dana Stephens,29.6470556,-82.048278,1.1684,803.333333,23.0,8.0,0.08262504
731,2006-09-06 00:00:00,Winnott,Dana Stephens,29.6470556,-82.048278,1.15824,773.333333,23.3333333,12.3333333,0.06066577
732,2006-11-13 00:00:00,Winnott,Dana Stephens,29.6470556,-82.048278,1.50368,680.0,11.0,5.0,0.10308087
733,2006-01-04 00:00:00,Bear,Dana Stephens,30.8639167,-86.831583,1.4224,346.666667,20.6666667,12.3333333,0.07681628
734,2006-04-04 00:00:00,Bear,Dana Stephens,30.8639167,-86.831583,2.60096,280.0,24.3333333,6.33333333,0.08226781
735,2006-06-07 00:00:00,Bear,Dana Stephens,30.8639167,-86.831583,1.50368,330.0,25.3333333,14.6666667,0.01649727
736,2006-07-06 00:00:00,Bear,Dana Stephens,30.8639167,-86.831583,1.43256,676.666667,31.666666699999997,18.6666667,0.15266883
737,2006-10-02 00:00:00,Bear,Dana Stephens,30.8639167,-86.831583,1.27,553.333333,41.3333333,21.6666667,0.06135489
738,2006-11-03 00:00:00,Bear,Dana Stephens,30.8639167,-86.831583,1.8288,470.0,44.3333333,23.0,0.07653667
739,2006-01-15 00:00:00,Ski Watch,Dana Stephens,30.5673333,-87.0441,,56.0,4.2,1.6,0.07912475
740,2006-03-18 00:00:00,Ski Watch,Dana Stephens,30.5673333,-87.0441,,96.0,6.8,2.8,0.10024817
741,2006-05-16 00:00:00,Ski Watch,Dana Stephens,30.5673333,-87.0441,,144.0,9.2,4.2,0.00353764
742,2006-07-19 00:00:00,Ski Watch,Dana Stephens,30.5673333,-87.0441,,76.0,8.2,4.0,0.0654509
743,2006-10-15 00:00:00,Ski Watch,Dana Stephens,30.5673333,-87.0441,,70.0,5.5,4.2,0.03877182
744,2006-11-16 00:00:00,Ski Watch,Dana Stephens,30.5673333,-87.0441,,117.5,7.2,3.4,0.04686254
745,2006-01-31 00:00:00,Concord,Dana Stephens,28.6755361,-81.335814,0.9144,810.0,50.3333333,31.0,0.05464981
746,2006-02-28 00:00:00,Island Pond,Dana Stephens,28.7243333,-81.134611,2.1336,546.666667,6.33333333,0.66666667,0.09360093
747,2006-03-31 00:00:00,Island Pond,Dana Stephens,28.7243333,-81.134611,2.5908,500.0,5.66666667,1.0,0.14554517
748,2006-05-31 00:00:00,Island Pond,Dana Stephens,28.7243333,-81.134611,,446.666667,4.66666667,1.0,0.00317379
749,2006-01-15 00:00:00,Jesup North,Dana Stephens,28.76345,-81.1789,0.41656,2146.66667,144.0,91.3333333,0.70370698
750,2006-04-15 00:00:00,Jesup North,Dana Stephens,28.76345,-81.1789,0.39624,2166.66667,86.6666667,67.3333333,2.57152201
751,2006-05-14 00:00:00,Jesup North,Dana Stephens,28.76345,-81.1789,0.43688,2143.33333,122.0,67.0,0.32372897
752,2006-07-16 00:00:00,Jesup North,Dana Stephens,28.76345,-81.1789,0.21336,4463.33333,153.666667,215.0,3.00532136
753,2006-10-09 00:00:00,Jesup North,Dana Stephens,28.76345,-81.1789,0.26416,3950.0,163.666667,216.666667,23.7685071
754,2006-11-11 00:00:00,Jesup North,Dana Stephens,28.76345,-81.1789,0.24384,3883.33333,157.0,211.333333,31.9915652
755,2006-02-28 00:00:00,Little Bear,Dana Stephens,28.6443333,-81.444381,3.6576,536.666667,13.3333333,2.0,0.12050355
756,2006-03-19 00:00:00,Little Bear,Dana Stephens,28.6443333,-81.444381,3.6576,540.0,15.3333333,2.0,0.13934241
757,2006-05-21 00:00:00,Little Bear,Dana Stephens,28.6443333,-81.444381,1.8288,626.666667,19.0,6.0,0.01994726
758,2006-07-09 00:00:00,Little Bear,Dana Stephens,28.6443333,-81.444381,1.8288,590.0,17.6666667,7.0,0.07430599
759,2006-10-21 00:00:00,Little Bear,Dana Stephens,28.6443333,-81.444381,1.5748,673.333333,16.0,8.66666667,0.07984355
760,2006-12-31 00:00:00,Little Bear,Dana Stephens,28.6443333,-81.444381,2.3876,666.666667,21.0,5.66666667,0.10017157
761,2006-03-04 00:00:00,Monroe West,Dana Stephens,28.8422,-81.296267,0.4572,1340.0,48.3333333,1.33333333,0.12373193
762,2006-06-10 00:00:00,Monroe West,Dana Stephens,28.8422,-81.296267,0.6096,1333.33333,68.6666667,40.0,0.20808995
763,2006-01-30 00:00:00,Orienta East,Dana Stephens,28.6589583,-81.369967,0.9144,926.666667,36.0,36.0,0.35844881
764,2006-04-30 00:00:00,Orienta East,Dana Stephens,28.6589583,-81.369967,0.6096,1596.66667,38.6666667,61.6666667,0.09491279
765,2006-05-31 00:00:00,Orienta East,Dana Stephens,28.6589583,-81.369967,0.70104,1056.66667,28.6666667,36.3333333,0.08721621
766,2006-07-31 00:00:00,Orienta East,Dana Stephens,28.6589583,-81.369967,0.6604,986.666667,29.3333333,30.0,0.04422131
767,2006-10-30 00:00:00,Orienta East,Dana Stephens,28.6589583,-81.369967,0.6096,1103.33333,41.3333333,57.3333333,0.3729557
768,2006-11-30 00:00:00,Orienta East,Dana Stephens,28.6589583,-81.369967,0.762,1050.0,39.3333333,46.0,0.83324537
769,2006-01-31 00:00:00,Secret,Dana Stephens,28.6743472,-81.328064,1.3716,613.333333,35.0,17.3333333,0.05617944
770,2006-01-23 00:00:00,De Witt,Dana Stephens,27.5549583,-80.408542,0.762,1273.33333,115.333333,24.3333333,0.12
771,2006-04-25 00:00:00,De Witt,Dana Stephens,27.5549583,-80.408542,0.762,1233.33333,50.6666667,21.6666667,0.041936
772,2006-05-15 00:00:00,De Witt,Dana Stephens,27.5549583,-80.408542,0.9144,1076.66667,38.3333333,8.0,0.0040247
773,2006-07-17 00:00:00,De Witt,Dana Stephens,27.5549583,-80.408542,1.0668,1050.0,33.3333333,11.6666667,0.05972756
774,2006-10-09 00:00:00,De Witt,Dana Stephens,27.5549583,-80.408542,0.7112,1270.0,59.3333333,30.3333333,0.06469211
775,2006-11-25 00:00:00,De Witt,Dana Stephens,27.5549583,-80.408542,0.9144,1156.66667,43.0,30.6666667,0.06109431
776,2006-03-27 00:00:00,Margaret,Dana Stephens,27.5494333,-80.405086,,850.0,14.6666667,3.0,0.03701243
777,2006-05-20 00:00:00,Margaret,Dana Stephens,27.5494333,-80.405086,2.1336,943.333333,15.3333333,3.66666667,0.00871141
778,2006-07-23 00:00:00,Margaret,Dana Stephens,27.5494333,-80.405086,1.8796,803.333333,15.0,5.0,0.08365982
779,2006-09-19 00:00:00,Margaret,Dana Stephens,27.5494333,-80.405086,1.4732,783.333333,21.3333333,6.66666667,0.05249697
780,2006-07-21 00:00:00,Panasoffkee,Dana Stephens,28.7991167,-82.1185,0.6096,1020.0,32.3333333,24.0,0.0784498
781,2006-01-01 00:00:00,Ashby,Dana Stephens,28.9270278,-81.105194,0.3048,1013.33333,94.3333333,10.3333333,0.07359886
782,2006-04-01 00:00:00,Ashby,Dana Stephens,28.9270278,-81.105194,0.3048,1186.66667,117.666667,4.0,0.08879564
783,2006-05-02 00:00:00,Ashby,Dana Stephens,28.9270278,-81.105194,0.3048,1226.66667,134.333333,4.0,0.02038323
784,2006-07-01 00:00:00,Ashby,Dana Stephens,28.9270278,-81.105194,0.3048,1263.33333,135.666667,10.0,0.01778166
785,2006-09-04 00:00:00,Ashby,Dana Stephens,28.9270278,-81.105194,0.6096,816.666667,83.0,7.66666667,0.04698667
786,2006-11-11 00:00:00,Ashby,Dana Stephens,28.9270278,-81.105194,0.79248,713.333333,62.0,5.66666667,0.04840995
787,2006-01-23 00:00:00,Beresford,Dana Stephens,28.9914722,-81.346222,0.6096,1023.33333,49.6666667,33.0,0.11864045
788,2006-03-29 00:00:00,Beresford,Dana Stephens,28.9914722,-81.346222,0.6096,776.666667,44.6666667,21.3333333,0.15149966
789,2006-05-08 00:00:00,Beresford,Dana Stephens,28.9914722,-81.346222,0.6096,1136.66667,69.0,36.0,0.57202595
790,2006-08-17 00:00:00,Beresford,Dana Stephens,28.9914722,-81.346222,0.6096,1396.66667,59.0,46.3333333,0.79971409
791,2006-09-19 00:00:00,Beresford,Dana Stephens,28.9914722,-81.346222,0.762,1280.0,54.0,39.6666667,0.60791403
792,2006-01-29 00:00:00,Bethel,Dana Stephens,28.8489167,-81.212111,0.6096,1066.66667,69.3333333,41.3333333,0.09818987
793,2006-04-15 00:00:00,Bethel,Dana Stephens,28.8489167,-81.212111,0.762,1306.66667,65.0,30.0,0.08682188
794,2006-07-04 00:00:00,Bethel,Dana Stephens,28.8489167,-81.212111,0.33528,1780.0,62.0,63.3333333,0.08471048
795,2006-10-21 00:00:00,Bethel,Dana Stephens,28.8489167,-81.212111,0.4572,1643.33333,52.6666667,54.0,0.24982523
796,2006-03-07 00:00:00,Gemini Springs,Dana Stephens,28.8628889,-81.311083,,1246.66667,65.6666667,0.33333333,0.0495917
797,2006-05-03 00:00:00,Gemini Springs,Dana Stephens,28.8628889,-81.311083,,1173.33333,63.0,0.66666667,0.04634392
798,2006-09-27 00:00:00,Gemini Springs,Dana Stephens,28.8628889,-81.311083,,1046.66667,57.3333333,0.33333333,0.03175984
799,2006-11-04 00:00:00,Gemini Springs,Dana Stephens,28.8628889,-81.311083,,1186.66667,63.0,0.33333333,0.03028301
800,2006-03-10 00:00:00,Theresa,Dana Stephens,28.8986111,-81.194444,1.778,566.666667,11.0,3.0,0.07381414
801,2006-06-04 00:00:00,Theresa,Dana Stephens,28.8986111,-81.194444,2.4384,633.333333,9.0,2.33333333,0.03397319
802,2006-01-01 00:00:00,Winnemissett,Dana Stephens,29.0238889,-81.249694,2.62128,460.0,12.0,15.6666667,0.09664763
803,2006-04-13 00:00:00,Winnemissett,Dana Stephens,29.0238889,-81.249694,3.1496,426.666667,12.0,2.33333333,0.1573762
804,2006-05-06 00:00:00,Winnemissett,Dana Stephens,29.0238889,-81.249694,3.3528,446.666667,9.66666667,2.0,0.04600084
805,2006-07-09 00:00:00,Winnemissett,Dana Stephens,29.0238889,-81.249694,3.6068,433.333333,7.66666667,2.0,0.0346386
806,2006-10-21 00:00:00,Winnemissett,Dana Stephens,29.0238889,-81.249694,2.97688,453.333333,8.33333333,3.0,0.04632199
807,2006-02-02 00:00:00,Otter,Dana Stephens,30.026,-84.422,0.6096,566.666667,42.0,13.0,0.03236147
808,2006-03-13 00:00:00,Otter,Dana Stephens,30.026,-84.422,0.8128,663.333333,40.6666667,6.33333333,0.0444051
809,2006-05-08 00:00:00,Otter,Dana Stephens,30.026,-84.422,0.6096,546.666667,46.3333333,5.66666667,0.02316026
810,2006-07-06 00:00:00,Otter,Dana Stephens,30.026,-84.422,0.8636,560.0,26.3333333,4.66666667,0.43349482
811,2006-09-08 00:00:00,Otter,Dana Stephens,30.026,-84.422,0.4064,696.666667,21.3333333,2.66666667,0.23211199
812,2006-12-13 00:00:00,Otter,Dana Stephens,30.026,-84.422,0.6096,870.0,85.3333333,9.0,0.07360439
813,2006-01-05 00:00:00,Alligator,Dana Stephens,30.3351667,-86.17405,0.8636,453.333333,7.0,2.0,0.09033185
814,2006-04-18 00:00:00,Alligator,Dana Stephens,30.3351667,-86.17405,0.94488,413.333333,10.6666667,2.66666667,0.1145804
815,2006-05-27 00:00:00,Alligator,Dana Stephens,30.3351667,-86.17405,0.94488,440.0,13.0,5.0,0.00428964
816,2006-07-08 00:00:00,Alligator,Dana Stephens,30.3351667,-86.17405,1.40208,583.333333,31.333333300000003,15.6666667,0.07926724
817,2006-09-09 00:00:00,Alligator,Dana Stephens,30.3351667,-86.17405,0.9144,620.0,15.666666700000002,12.6666667,0.05912094
818,2006-10-29 00:00:00,Alligator,Dana Stephens,30.3351667,-86.17405,0.67056,783.333333,10.6666667,2.66666667,0.03104973
819,2006-12-03 00:00:00,Alligator,Dana Stephens,30.3351667,-86.17405,0.7112,563.333333,7.33333333,3.0,0.03764488
820,2006-01-05 00:00:00,Campbell,Dana Stephens,30.36585,-86.28885,2.032,406.666667,5.33333333,1.0,0.07275612
821,2006-04-18 00:00:00,Campbell,Dana Stephens,30.36585,-86.28885,1.9304,463.333333,7.0,1.66666667,0.05394624
822,2006-05-09 00:00:00,Campbell,Dana Stephens,30.36585,-86.28885,2.4384,320.0,8.66666667,1.33333333,0.04596333
823,2006-07-06 00:00:00,Campbell,Dana Stephens,30.36585,-86.28885,2.8448,693.333333,7.66666667,3.0,0.02555226
824,2006-09-08 00:00:00,Campbell,Dana Stephens,30.36585,-86.28885,2.6416,470.0,6.0,4.0,0.04526191
825,2006-11-09 00:00:00,Campbell,Dana Stephens,30.36585,-86.28885,,326.666667,4.33333333,1.0,0.04382662
826,2006-02-24 00:00:00,Deer,Dana Stephens,30.3051333,-86.079483,1.48336,353.333333,6.66666667,3.0,0.06212772
827,2006-03-17 00:00:00,Deer,Dana Stephens,30.3051333,-86.079483,1.3208,396.666667,8.33333333,3.66666667,0.02471745
828,2006-06-30 00:00:00,Deer,Dana Stephens,30.3051333,-86.079483,1.524,420.0,9.0,3.33333333,0.00970721
829,2006-07-28 00:00:00,Deer,Dana Stephens,30.3051333,-86.079483,1.524,433.333333,12.6666667,4.33333333,0.0436422
830,2006-09-30 00:00:00,Deer,Dana Stephens,30.3051333,-86.079483,1.3208,446.666667,12.0,3.66666667,0.03959155
831,2006-12-07 00:00:00,Deer,Dana Stephens,30.3051333,-86.079483,1.51384,310.0,5.33333333,3.0,0.03259392
832,2006-01-25 00:00:00,Eastern,Dana Stephens,30.3096833,-86.092967,2.0828,176.666667,10.3333333,3.0,0.06094879
833,2006-03-28 00:00:00,Eastern,Dana Stephens,30.3096833,-86.092967,2.11328,290.0,15.666666700000002,3.0,0.04311905
834,2006-05-30 00:00:00,Eastern,Dana Stephens,30.3096833,-86.092967,1.65608,260.0,18.0,6.66666667,0.03165068
835,2006-08-22 00:00:00,Eastern,Dana Stephens,30.3096833,-86.092967,1.50368,260.0,18.0,10.3333333,0.05387793
836,2006-09-26 00:00:00,Eastern,Dana Stephens,30.3096833,-86.092967,1.76784,270.0,16.0,9.33333333,0.06002773
837,2006-11-23 00:00:00,Eastern,Dana Stephens,30.3096833,-86.092967,1.4732,276.666667,12.6666667,13.0,0.10006878
838,2006-01-05 00:00:00,Little Red Fish,Dana Stephens,30.3350333,-86.183683,1.09728,530.0,11.6666667,1.33333333,0.14379104
839,2006-03-20 00:00:00,Little Red Fish,Dana Stephens,30.3350333,-86.183683,0.85344,463.333333,14.0,6.0,0.23495032
840,2006-06-22 00:00:00,Little Red Fish,Dana Stephens,30.3350333,-86.183683,0.9144,476.666667,34.3333333,10.6666667,0.08199932
841,2006-07-21 00:00:00,Little Red Fish,Dana Stephens,30.3350333,-86.183683,0.762,813.333333,63.3333333,15.6666667,0.33741229
842,2006-09-28 00:00:00,Little Red Fish,Dana Stephens,30.3350333,-86.183683,0.67056,673.333333,28.3333333,17.0,0.0696346
843,2006-11-26 00:00:00,Little Red Fish,Dana Stephens,30.3350333,-86.183683,0.69088,563.333333,22.6666667,11.6666667,0.04340636
844,2006-01-22 00:00:00,Gap,Dana Stephens,30.5512,-85.567267,3.3528,323.333333,7.0,1.66666667,0.08641998
845,2006-04-18 00:00:00,Gap,Dana Stephens,30.5512,-85.567267,3.7084,326.666667,6.33333333,2.0,0.11732888
846,2006-05-12 00:00:00,Gap,Dana Stephens,30.5512,-85.567267,3.302,373.333333,4.33333333,2.33333333,0.00996125
847,2006-07-22 00:00:00,Gap,Dana Stephens,30.5512,-85.567267,,266.666667,3.33333333,2.33333333,0.10203772
848,2006-09-17 00:00:00,Gap,Dana Stephens,30.5512,-85.567267,,290.0,7.33333333,3.0,0.03706402
849,2006-11-14 00:00:00,Gap,Dana Stephens,30.5512,-85.567267,,330.0,3.66666667,2.33333333,0.06322593
850,2006-01-22 00:00:00,Gin,Dana Stephens,30.5721833,-85.550217,,283.333333,4.0,1.33333333,0.08327711
851,2006-04-18 00:00:00,Gin,Dana Stephens,30.5721833,-85.550217,2.4384,296.666667,5.66666667,2.0,0.05963845
852,2006-05-12 00:00:00,Gin,Dana Stephens,30.5721833,-85.550217,2.286,343.333333,5.0,5.0,0.03409658
853,2006-07-22 00:00:00,Gin,Dana Stephens,30.5721833,-85.550217,,283.333333,3.33333333,2.0,0.02463038
854,2006-08-17 00:00:00,Gin,Dana Stephens,30.5721833,-85.550217,3.048,323.333333,8.66666667,3.0,0.04648624
855,2006-09-17 00:00:00,Gin,Dana Stephens,30.5721833,-85.550217,,320.0,8.33333333,2.33333333,0.04369404
856,2006-11-14 00:00:00,Gin,Dana Stephens,30.5721833,-85.550217,,276.666667,2.0,2.0,0.05082758
857,2006-01-22 00:00:00,Little River,Dana Stephens,30.5459167,-85.5946,2.3368,376.666667,7.33333333,3.0,0.08748603
858,2006-04-18 00:00:00,Little River,Dana Stephens,30.5459167,-85.5946,2.6924,440.0,10.6666667,5.66666667,0.12972391
859,2006-05-12 00:00:00,Little River,Dana Stephens,30.5459167,-85.5946,2.4384,503.3333329999999,10.6666667,6.33333333,0.01171668
860,2006-07-22 00:00:00,Little River,Dana Stephens,30.5459167,-85.5946,2.1336,483.333333,12.3333333,8.66666667,0.09040814
861,2006-08-17 00:00:00,Little River,Dana Stephens,30.5459167,-85.5946,2.11328,540.0,18.3333333,13.0,0.07384016
862,2006-09-17 00:00:00,Little River,Dana Stephens,30.5459167,-85.5946,,630.0,20.3333333,21.6666667,0.06439494
