,DATETIME,Body of Water Name,DataContact,Lat ,LONG,Altitude (m),Maximum Depth (m),Mean Depth (m),Secchi Depth (m),Sampling Depth (m),Thermocline Depth (m),Surface Temperature (degrees celsius),Epilimnetic Temperature (degrees celsius),Total Nitrogen (ug/L),Total Phosphorus (ug/L),NO3 NO2 (mg/L),NH4 (mg/L),PO4 (ug/L),Total Chlorophyll a (ug/L),Total Chlorophyll b (ug/L),Zeaxanthin (ug/L),Diadinoxanthin (ug/L),Fucoxanthin (ug/L),Diatoxanthin (ug/L),Alloxanthin (ug/L),Peridinin (ug/L),Total Chlorophyll c2 (ug/L),Echinenone (ug/L),Lutein (ug/L),Violaxanthin (ug/L),Microcystin YR (ug/L),Microcystin dmRR (ug/L),Microcystin RR (ug/L),Microcystin dmLR (ug/L),Microcystin LR (ug/L),Microcystin LY (ug/L),Microcystin LW (ug/L),Microcystin LF (ug/L),Nodularin (ug/L),Cytotoxin Cylindrospermopsin (ug/L),Neurotoxin Anatoxin-a (ug/L)
0,2015-08-03 00:00:00,Mondsee,Evanthia Mantzouki,47.80302778,13.42019444,481.0,68.0,36.0,2.4,10.0,9.26,20.44,17.93,150.0,,0.257,0.03,,1.976,0.0,0.0,0.0,0.267,0.0,0.0,0.189,0.156,0.0,0.0,0.0,0.0,0.0,0.0,0.0,0.0,0.0,0.0,0.0,0.0,0.0,0.0
1,2015-08-12 00:00:00,Brenet,Evanthia Mantzouki,46.67375,6.322252778,1002.0,18.0,,1.05,10.5,11.79,23.02,21.06,20.0,600.0,0.118,,,0.618,0.0,0.235,0.0,0.0,0.0,0.0,0.0,0.0,0.0,0.0,0.0,0.0,0.0,0.0,0.0011,0.0,0.0,0.0,0.0,0.0,0.0,0.0
2,2015-08-25 00:00:00,Bret,Evanthia Mantzouki,46.51416111,6.773583333,674.0,13.0,,1.6,9.0,7.91,20.58,19.25,90.0,200.0,0.007,,6.421,5.91,2.289,1.032,0.0,0.0,0.0,0.229,0.0,0.0,0.0,0.0,0.0,0.002,0.0,0.0,0.0027,0.0042,0.0,0.0,0.0,0.0,0.0,0.0
3,2015-08-14 00:00:00,Divonne,Evanthia Mantzouki,46.35461667,6.152488889,466.0,4.0,,3.5,3.0,,25.99,25.85,120.0,200.0,,,4.543,5.328,0.677,0.0,0.0,0.941,0.0,0.0,0.0,0.192,0.0,0.0,0.0,0.0,0.0,0.0,0.0017,0.0187,0.0,0.0,0.0,0.0,0.0,0.0
4,2015-08-10 00:00:00,Geneva_GE3,Evanthia Mantzouki,46.29200278,6.213036111,372.0,310.0,154.4,4.6,21.0,20.29,22.54,13.95,20.0,500.0,0.44,,4.386,2.121,0.704,0.257,0.0,0.0,0.0,0.0,0.0,0.057,0.0,0.0,0.0,0.0,0.0,0.0,0.0,0.0,0.0,0.0,0.0,0.0,0.0,0.0
5,2015-08-20 00:00:00,Greifen,Evanthia Mantzouki,47.33993333,8.678416667,435.0,32.0,18.0,1.15,13.0,8.83,21.1,16.23,20.0,1400.0,0.84,,,2.9,0.833,0.473,0.0,0.0,0.0,0.0,0.0,0.0,0.0,0.0,0.0,0.0,0.0,0.0,0.0,0.0,0.0,0.0,0.0,0.0,0.0,0.0
6,2015-08-17 00:00:00,Hallwil,Evanthia Mantzouki,47.28744722,8.2115,449.0,48.0,28.0,1.75,12.0,8.57,23.86,19.36,20.0,1100.0,0.73,,,6.711,0.3,0.827,0.0,0.0,0.0,0.0,0.0,0.15,0.0,0.0,0.0,0.071,0.3016,0.0,0.2896,0.0051,0.0,0.0,0.0,0.0,0.0,0.0
7,2015-08-12 00:00:00,Joux,Evanthia Mantzouki,46.63895278,6.286463889,1004.0,32.0,,4.0,11.0,11.25,21.55,19.71,70.0,400.0,0.08,,,2.585,0.139,0.188,0.0,0.172,0.0,0.146,0.0,0.118,0.0,0.0,0.0,0.028,0.0904,0.0,0.056,0.0029,0.0,0.0,0.0,0.0,0.0,0.0
8,2015-08-27 00:00:00,Lucerne,Evanthia Mantzouki,47.02083333,8.355516667,434.0,214.0,104.0,7.23,20.0,22.28,19.68,16.83,130.0,500.0,0.332,,,0.794,0.0,0.075,0.0,0.127,0.0,0.0,0.0,0.079,0.0,0.0,0.0,0.0,0.0,0.0,0.0,0.0,0.0,0.0,0.0,0.0,0.0,0.0
9,2015-08-13 00:00:00,Morat,Evanthia Mantzouki,46.92760833,7.074027778,429.0,45.0,,1.2,14.0,13.16,26.75,20.35,70.0,1400.0,2.043,,4.608,1.128,0.101,0.147,0.0,0.0,0.0,0.065,0.0,0.0,0.0,0.0,0.0,0.0,0.0,0.0,0.0,0.0042,0.0,0.0,0.0,0.0,0.0,0.0
10,2015-08-18 00:00:00,Ober,Evanthia Mantzouki,47.20716389,8.821936111,406.0,48.0,23.0,3.0,19.0,12.79,22.08,16.12,150.0,500.0,0.469,,,0.483,0.0,0.0,0.0,0.0,0.0,0.0,0.0,0.0,0.0,0.0,0.0,0.0,0.0,0.0,0.0,0.0,0.0,0.0,0.0,0.0,0.0,0.0
11,2015-08-20 00:00:00,Pfaffikon,Evanthia Mantzouki,47.35079167,8.782402778,537.0,36.0,18.5,2.3,10.0,7.21,22.79,15.14,20.0,700.0,0.375,,5.304,2.663,0.252,0.59,0.0,0.0,0.0,0.144,0.0,0.098,0.0,0.0,0.0,0.005,0.0,0.0,0.011,0.0,0.0,0.0,0.0,0.0,0.0,0.0
12,2015-08-22 00:00:00,Sempacher,Evanthia Mantzouki,47.14369444,8.150269444,504.0,87.0,44.0,1.5,13.0,8.6,22.18,17.09,50.0,500.0,0.256,,4.058,4.166,1.248,0.54,0.0,0.0,0.0,0.131,0.0,0.0,0.0,0.0,0.049,0.002,0.0,0.0,0.0036,0.0,0.0,0.0,0.0,0.0,0.0,0.0
13,2015-08-03 00:00:00,Geneva_SHL2,Evanthia Mantzouki,46.44721944,6.583597222,372.0,310.0,154.4,5.95,25.0,16.14,22.16,18.12,40.0,900.0,0.32,,,1.781,0.658,0.277,0.0,0.0,0.0,0.0,0.0,0.0,0.0,0.0,0.0,0.0,0.0,0.0,0.0,0.0,0.0,0.0,0.0,0.0,0.0,0.0
14,2015-08-04 00:00:00,Sopen,Evanthia Mantzouki,47.0899,8.080633333,596.0,27.0,,2.6,10.0,5.61,23.34,18.39,90.0,1400.0,0.137,0.36,12.237,11.181,4.055,0.846,0.0,0.0,0.0,0.294,0.0,0.0,0.0,0.0,0.0,0.04,0.0725,0.0,0.1148,0.0148,0.0,0.0,0.0,0.0,0.0,0.0
15,2015-08-18 00:00:00,Zurich,Evanthia Mantzouki,47.32166667,8.565,406.0,143.0,49.0,4.7,15.0,12.15,22.95,18.58,30.0,600.0,0.283,,,7.598,0.0,0.0,0.0,0.0,0.0,0.0,0.0,0.0,0.0,0.0,0.0,0.191,1.0311,0.0,0.3319,0.0,0.0,0.0,0.0,0.0,0.0,0.0
16,2015-06-24 00:00:00,Akaki_Malounda,Evanthia Mantzouki,35.03,33.17,398.0,28.0,11.0,0.3,8.0,1.29,24.59,24.25,180.0,600.0,0.379,0.05,10.984,3.474,0.546,0.212,0.0,0.0,0.0,0.104,0.333,0.322,0.0,0.0,0.0,0.0,0.0,0.0,0.0,0.0,0.0,0.0,0.0,0.0,,0.0
17,2015-06-10 00:00:00,Asprokremmos Reservoir,Evanthia Mantzouki,34.73955556,32.55866667,80.0,43.0,23.0,2.7,16.0,6.27,23.49,22.29,250.0,500.0,0.121,0.02,34.957,1.083,0.167,0.0,0.0,0.0,0.0,0.0,0.0,0.0,0.0,0.0,0.0,0.0,0.0,0.0,0.0,0.0,0.0,0.0,0.0,0.0,0.0,0.0
18,2015-06-09 00:00:00,Kannaviou Reservoir,Evanthia Mantzouki,34.92888889,32.58938889,414.0,44.0,19.5,7.35,39.0,37.48,22.08,19.57,50.0,100.0,0.037,,4.672,5.965,1.071,0.696,0.0,0.0,0.0,0.0,0.0,0.0,0.0,0.0,0.0,0.0,0.0,0.0,0.0,0.0,0.0,0.0,0.0,0.0,0.0,0.0
19,2015-06-11 00:00:00,Kouris Reservoir,Evanthia Mantzouki,34.74636111,32.92194444,247.0,91.0,36.0,3.5,35.0,25.48,22.94,20.74,110.0,600.0,0.568,,7.496,2.966,0.268,0.157,0.0,0.0,0.0,0.0,0.693,0.63,0.0,0.0,0.0,0.0,0.0,0.0,0.0,0.0,0.0,0.0,0.0,0.0,0.0,0.0
20,2015-06-17 00:00:00,Polemidia,Evanthia Mantzouki,34.72,32.99,136.0,26.0,11.7,3.7,16.5,0.75,25.69,24.28,190.0,600.0,0.034,0.02,75.518,1.506,0.229,0.0,0.0,0.0,0.0,0.0,0.0,0.0,0.0,0.0,0.0,0.0,0.0,0.0,0.0,0.0,0.0,0.0,0.0,0.0,0.0,0.0
21,2015-07-13 00:00:00,Boskovice,Evanthia Mantzouki,49.496334,16.696983,430.0,33.0,,4.4,7.0,5.72,22.01,18.52,190.0,1300.0,0.919,0.04,4.679,0.72,0.0,0.0,0.0,0.0,0.165,0.131,0.0,0.269,0.0,0.0,0.0,0.005,0.0,0.026,0.0017,0.0113,0.0,0.0,0.0,0.0,0.0,0.0
22,2015-07-09 00:00:00,Brnenska prehrada,Evanthia Mantzouki,49.237133,16.511232,225.0,24.0,,3.04,13.0,4.71,22.77,20.58,150.0,2300.0,1.938,0.23,13.9,2.511,0.599,0.0,0.0,0.0,0.0,0.0,0.0,0.0,0.0,0.0,0.0,0.006,0.0512,0.0686,0.0054,0.0228,0.0,0.0,0.0,0.0,0.0,0.0
23,2015-07-15 00:00:00,Hamry,Evanthia Mantzouki,49.737267,15.914233,592.0,12.0,,1.49,5.5,3.47,19.96,18.44,80.0,900.0,0.189,0.09,5.299,17.047,0.938,0.548,0.0,0.532,0.0,0.231,0.0,0.283,0.0,0.0,0.96,0.002,0.0,0.0469,0.0028,0.0169,0.0,0.0,0.0,0.0,0.0,0.0
24,2015-07-13 00:00:00,Letovice,Evanthia Mantzouki,49.554466,16.555149,330.0,27.0,,2.15,8.0,6.08,22.75,20.99,,4100.0,2.262,0.02,,8.365,0.598,0.607,0.0,0.713,0.0,0.0,0.0,0.437,0.0,0.0,0.0,0.002,0.0,0.0373,0.0024,0.0183,0.0,0.0,0.0,0.0,0.0,0.0
25,2015-07-09 00:00:00,Luhacovice,Evanthia Mantzouki,49.121517,17.774866,280.0,13.0,,0.8,4.0,3.89,24.1,22.61,50.0,400.0,,,,54.5,0.0,0.954,2.761,0.0,0.0,0.463,0.0,8.914,0.0,0.0,0.0,0.002,0.0,0.0,0.0,0.0,0.0,0.0,0.0,0.0,0.0,0.0836
26,2015-07-15 00:00:00,Matejovsky,Evanthia Mantzouki,49.535168,15.882933,562.0,5.0,,0.75,3.0,,20.62,20.5,40.0,1300.0,0.038,0.08,7.817,23.197,2.969,1.146,0.0,0.0,0.0,1.208,0.0,0.787,0.0,0.0,0.0,0.065,0.0,0.1211,0.0076,0.105,0.0,0.0,0.0,0.0,0.0,0.0016
27,2015-07-20 00:00:00,Mostiste,Evanthia Mantzouki,49.395866,16.015217,459.0,31.0,,3.5,5.0,4.38,23.86,23.33,,4600.0,3.562,0.03,,10.176,0.0,0.673,0.0,0.0,0.0,0.114,0.0,0.391,0.0,0.0,0.0,0.039,0.0287,0.1261,0.0203,0.3512,0.0076,0.0,,0.0,0.0,0.0
28,2015-07-07 00:00:00,Nesyt,Evanthia Mantzouki,48.77795,16.742849,175.0,6.0,,0.32,3.0,0.75,22.37,21.41,330.0,600.0,,0.01,114.85,69.385,6.712,3.03,0.0,0.0,0.0,0.0,0.0,0.0,0.0,0.0,0.0,0.0,0.0,0.0,0.0151,0.0,0.0,0.0,0.0,0.0,0.0,0.0056
29,2015-07-07 00:00:00,Nove Mlyny II,Evanthia Mantzouki,48.893284,16.643499,167.0,5.0,,0.5,3.0,0.75,24.67,22.29,220.0,1000.0,0.01,0.08,184.832,46.067,6.808,1.996,0.0,1.402,0.0,1.533,0.0,1.109,0.0,0.0,0.0,0.002,0.0,0.0,0.0,0.0191,0.0,0.0,0.0,0.0,0.0,0.0011
30,2015-07-07 00:00:00,Novovesky,Evanthia Mantzouki,48.934191,16.529216,178.0,8.0,,0.18,2.0,0.75,23.36,21.83,230.0,1400.0,0.516,0.24,62.984,0.614,0.0,0.974,0.0,0.0,0.0,0.112,0.0,0.0,0.0,0.0,0.0,0.0,0.0,0.0,0.0,0.0,0.0,0.0,0.0,0.0,0.0,0.0
31,2015-07-15 00:00:00,Velke Dako,Evanthia Mantzouki,49.632233,15.90435,614.0,3.0,,0.4,2.0,,18.9,18.88,50.0,400.0,,,7.349,55.674,4.607,8.744,0.0,0.0,0.0,0.0,0.0,0.0,0.0,0.0,0.0,0.002,0.0,0.0,0.0283,0.0,0.0,0.0,0.0,0.0,0.0,0.0
32,2015-09-02 00:00:00,Bikowsee,Evanthia Mantzouki,53.14811,12.8870556,53.0,3.0,2.5,0.7,2.5,0.84,21.62,20.87,30.0,1400.0,0.018,0.02,,37.356,1.162,2.239,2.211,0.0,0.0,0.0,0.0,0.0,0.0,0.0,0.0,0.044,0.0,0.0,0.0237,0.0,0.0,0.0,0.0,0.0,0.0179,0.0
33,2015-08-13 00:00:00,Carwitzersee,Evanthia Mantzouki,53.315693,13.452971,84.0,30.0,9.2,0.9,10.0,7.96,22.09,18.3,80.0,900.0,0.011,0.03,4.67,2.083,0.176,0.0,0.0,0.0,0.0,0.0,0.0,0.194,0.0,0.0,0.0,0.002,0.0,0.0,0.0028,0.0,0.0,0.0,0.0,0.0,0.0,0.0
34,2015-08-04 00:00:00,Constance,Evanthia Mantzouki,47.75788,9.12617,395.0,251.0,100.0,6.7,20.0,,20.16,16.05,40.0,1100.0,0.5,0.02,,1.805,0.0,0.0,0.0,0.0,0.0,0.0,0.0,0.123,0.0,0.0,0.0,0.0,0.0,0.0,0.0,0.0,0.0,0.0,0.0,0.0,,
35,2015-09-07 00:00:00,Grosser Dabelowsee,Evanthia Mantzouki,53.254358,13.204838,60.0,3.0,2.3,0.9,2.5,,17.95,17.83,20.0,300.0,,0.11,,19.59,1.181,0.83,0.0,0.0,0.0,0.0,0.0,0.0,0.0,0.0,0.0,0.0,0.0,0.0,0.0,0.0,0.0,0.0,0.0,0.0,0.0422,0.0
36,2015-07-09 00:00:00,Dagowsee,Evanthia Mantzouki,53.151,13.0531111,60.0,10.0,5.0,0.9,8.0,5.05,21.01,15.83,80.0,,0.023,0.03,,9.448,1.056,0.0,0.0,0.0,0.0,0.0,0.0,0.0,0.0,0.0,0.0,0.018,0.3308,0.0,0.0521,0.0,0.0,0.0,0.0,0.0,0.1647,0.0
37,2015-08-22 00:00:00,Dollgenesee,Evanthia Mantzouki,52.60658,14.1712222,10.0,29.0,8.8,1.12,12.0,9.67,22.78,15.03,20.0,1000.0,0.03,0.03,6.363,3.672,0.593,0.0,0.0,0.391,0.0,0.0,0.0,0.248,0.0,0.0,0.0,,,,,,,,,,,
38,2015-09-07 00:00:00,Domjuchsee,Evanthia Mantzouki,53.329786,13.130422,64.0,5.0,3.5,1.2,3.5,,19.17,18.97,30.0,,0.013,0.03,,2.607,0.577,0.0,0.0,0.0,0.0,0.0,0.0,0.0,0.0,0.0,0.0,0.0,0.0,0.0,0.0,0.0,0.0,0.0,0.0,0.0,0.0,0.0
39,2015-09-04 00:00:00,Ellengowsee,Evanthia Mantzouki,53.213974,13.028633,55.0,17.0,,1.45,8.5,6.29,19.99,17.58,,,,,11.674,,,,,0.0,0.0,0.0,0.0,0.0,0.0,0.0,0.0,0.024,0.1386,0.0,0.0212,0.0,0.0,0.0,0.0,0.0,0.0656,0.0083
40,2015-09-07 00:00:00,Fuirstensersee,Evanthia Mantzouki,53.316546,13.163811,55.0,10.0,4.3,1.7,10.0,8.93,18.46,17.72,,,0.044,0.15,11.53,1.313,0.0,0.0,0.0,0.0,0.0,0.0,0.0,0.0,0.0,0.0,0.0,0.0,0.0,0.0,0.0,0.0,0.0,0.0,0.0,0.0,,0.0
41,2015-09-03 00:00:00,Fukuschkule,Evanthia Mantzouki,53.10569,12.9849444,55.0,6.0,3.5,0.25,4.5,1.53,19.17,13.92,,1900.0,,0.06,18.043,14.828,1.322,0.0,0.0,0.0,0.0,0.39,0.0,0.0,0.0,0.0,0.0,0.0,0.0,0.0,0.0,0.0,0.0,0.0,0.0,0.0,,0.0
42,2015-09-01 00:00:00,Kleiner Wentowsee,Evanthia Mantzouki,53.07803,13.1714444,48.0,2.0,,0.6,2.0,,22.55,22.24,80.0,700.0,0.007,0.02,5.147,67.465,7.696,3.487,2.034,0.902,0.0,2.277,7.003,6.37,0.0,0.0,0.0,0.002,0.0,0.0946,0.0,0.0262,0.0,0.0,0.0,0.0,0.0202,0.21
43,2015-09-04 00:00:00,Labusee,Evanthia Mantzouki,53.20386,12.8755,58.0,10.0,4.3,0.6,10.0,7.71,19.83,17.07,40.0,,,,,4.891,0.0,0.461,0.0,0.0,0.0,0.0,0.0,0.0,0.0,0.0,0.0,0.002,0.0,0.0,0.0092,0.0,0.0,0.0,0.0,0.0,0.0352,0.0041
44,2015-07-27 00:00:00,LangerSee,Evanthia Mantzouki,52.2445,13.78544444,,,,0.4,3.0,,21.39,21.39,100.0,600.0,,0.03,7.844,84.388,9.72,2.036,0.765,1.757,0.0,1.828,2.132,2.963,0.0,0.0,0.0,0.009,0.1884,0.0,0.0202,0.0,0.0,0.0,0.0,0.0,0.0744,0.624
45,2015-08-25 00:00:00,Muggelsee,Evanthia Mantzouki,52.441171,13.657738,32.0,8.0,4.9,0.6,6.5,,21.93,21.95,100.0,1100.0,0.023,0.08,29.77,1.525,0.0,0.0,0.0,0.0,0.0,0.0,0.0,0.299,0.0,0.0,0.0,0.002,0.0,0.0424,0.0028,0.0385,0.0,0.0,0.0,0.0,0.0,0.0
46,2015-08-07 00:00:00,Oberuckersee,Evanthia Mantzouki,53.174916,13.856108,18.0,28.0,8.3,3.5,11.0,10.69,24.53,18.32,40.0,300.0,0.032,0.05,5.977,2.702,0.228,0.0,0.0,0.0,0.0,0.0,0.0,0.0,0.0,0.0,0.0,0.002,0.0,0.0,0.0028,0.0115,0.0,0.0,0.0,0.0,0.0,0.0
47,2015-08-16 00:00:00,Peetschsee,Evanthia Mantzouki,53.237915,12.861389,6.0,30.0,,0.67,15.0,10.3,23.77,16.39,20.0,100.0,,0.09,5.404,3.314,0.588,0.482,0.0,0.0,0.0,0.0,1.642,1.55,0.0,0.0,0.0,0.0,0.047,0.0,0.0028,0.0,0.0,0.0,0.0,0.0,0.0142,0.0047
48,2015-09-07 00:00:00,Pfsarrsee,Evanthia Mantzouki,53.28372,13.1958611,,5.0,3.0,0.69,5.0,4.91,18.42,17.72,20.0,300.0,0.008,0.04,,34.29,2.207,2.465,0.0,0.0,0.0,0.0,0.0,0.0,0.0,0.0,0.0,0.015,0.3318,0.0,0.0199,0.0,0.0,0.0,0.0,0.0,0.1833,0.0157
49,2015-08-19 00:00:00,Plauersee,Evanthia Mantzouki,53.487471,12.349336,62.0,20.0,6.8,1.28,15.0,16.51,21.51,18.98,60.0,1700.0,0.019,0.13,6.131,2.023,0.196,0.0,0.0,0.0,0.0,0.0,0.0,0.0,0.0,0.0,0.0,0.002,0.0293,0.0,0.0,0.0,0.0,0.0,0.0,0.0,0.0,0.0
50,2015-08-31 00:00:00,Platinsee,Evanthia Mantzouki,53.22458,12.9802778,55.0,35.0,9.0,3.2,11.0,7.83,20.18,17.64,40.0,,0.012,0.03,,0.598,0.0,0.0,0.0,0.0,0.0,0.0,0.0,0.0,0.0,0.0,0.0,0.002,0.0,0.0,0.0028,0.0,0.0,0.0,0.0,0.0,0.0171,0.0
51,2015-09-15 00:00:00,Prebelowsee,Evanthia Mantzouki,53.176337,12.881906,,,,0.7,2.5,,21.29,21.28,40.0,700.0,0.029,,6.129,5.39,0.858,0.0,0.0,0.0,0.0,0.347,0.0,0.268,0.0,0.0,0.0,0.0,0.0,0.0,0.0,0.0,0.0,0.0,0.0,0.0,0.0009,0.0
52,2015-08-31 00:00:00,Roblinsee,Evanthia Mantzouki,53.183187,13.116817,53.0,6.0,4.5,0.69,4.5,1.09,24.91,21.04,,,0.014,0.02,8.453,2.723,0.401,0.0,0.0,0.0,0.0,0.0,0.0,0.0,0.0,0.0,0.0,0.0,0.0,0.0,0.0,0.0,0.0,0.0,0.0,0.0,0.0011,0.0
53,2015-09-01 00:00:00,Roofensee,Evanthia Mantzouki,53.11067,13.0350222,,,,0.7,8.0,7.77,22.5,19.91,20.0,700.0,0.051,0.03,4.364,1.651,0.146,0.0,0.0,0.0,0.0,0.0,0.0,0.0,0.0,0.0,0.0,0.002,0.0,0.0,0.0028,0.0557,0.0,0.0,0.0,0.0,0.0,0.0
54,2015-07-20 00:00:00,Scharmutzelsee,Evanthia Mantzouki,52.21683,14.0235,,,,1.1,6.0,10.18,21.72,21.04,80.0,500.0,,0.03,6.235,3.384,0.266,0.775,0.0,0.0,0.0,0.0,0.0,0.223,0.0,0.0,0.0,0.0,0.0,0.0,0.0027,0.0,0.0,0.0,0.0,0.0,0.0013,0.0008
55,2015-08-27 00:00:00,Scharmutzelsee,Evanthia Mantzouki,52.284163,14.052641,,,,0.85,17.0,8.36,21.5,16.87,,700.0,,,23.429,8.689,0.388,1.019,0.0,0.0,0.0,0.0,0.0,0.0,0.0,0.0,0.0,0.117,0.6541,0.0,0.095,0.0,0.0,0.0,0.0,0.0,0.0,0.0
56,2015-09-02 00:00:00,Schlabornsee,Evanthia Mantzouki,53.151814,12.867381,56.0,9.0,5.5,0.7,4.5,4.64,21.69,21.29,,300.0,,0.02,7.978,9.04,0.655,0.643,0.0,0.0,0.0,0.0,0.0,0.0,0.0,0.0,0.0,0.0,0.1803,0.0,0.0104,0.0,0.0,0.0,0.0,0.0,0.0987,0.0044
57,2015-08-31 00:00:00,Schwedtsee,Evanthia Mantzouki,53.18828,13.1496111,52.0,4.0,2.5,0.67,2.5,0.75,23.65,21.49,60.0,500.0,0.009,0.02,6.848,1.953,0.0,2.615,0.0,0.692,0.0,0.0,0.0,0.463,0.0,0.0,0.0,0.014,0.1921,0.0,0.0194,0.0145,0.0,0.0,0.0,0.0,0.388,0.1033
58,2015-09-11 00:00:00,Stadtsee,Evanthia Mantzouki,52.868262,13.837662,,,,0.85,8.0,7.67,17.5,17.4,,,,,,,,,,,,,,,,,,,,,,,,,,,,
59,2015-08-11 00:00:00,Stechlinsee,Evanthia Mantzouki,53.154031,13.026104,60.0,68.0,22.8,8.5,14.0,9.34,21.96,16.69,60.0,,,0.02,,0.692,0.075,0.0,0.0,0.0,0.0,0.0,0.0,0.0,0.0,0.0,0.0,0.0,0.0,0.0,0.0058,0.0,0.0,0.0,0.0,0.0,0.0,0.0
60,2015-08-31 00:00:00,Stolpsee,Evanthia Mantzouki,53.17497,13.2085,,,,0.6,6.5,0.75,22.5,20.48,50.0,,0.008,,37.051,106.212,5.485,7.705,0.0,0.0,0.0,0.677,1.676,1.08,0.0,0.0,0.0,0.0,0.2123,0.0,0.0121,0.0,0.0,0.0,0.0,0.0,0.1993,0.0887
61,2015-08-20 00:00:00,Tiwarensee,Evanthia Mantzouki,53.527362,12.691713,,,,2.2,15.0,9.33,21.97,16.61,70.0,4400.0,0.016,0.13,22.293,0.916,0.0,0.0,0.0,0.0,0.0,0.0,0.0,0.0,0.0,0.0,0.0,0.0,0.0,0.0,0.0,0.0,0.0,0.0,0.0,0.0,0.0,0.0
62,2015-08-24 00:00:00,Wanzkaersee,Evanthia Mantzouki,53.40845,13.249775,,,,0.92,12.0,7.72,20.83,13.59,,3200.0,1.137,0.2,17.117,0.84,0.0,0.0,0.0,0.0,0.0,0.0,0.0,0.0,0.0,0.0,0.0,0.013,0.0,0.1274,0.0114,0.061,0.0,0.0,0.0,0.0,0.0062,0.0109
63,2015-09-01 00:00:00,Grosser Wentowsee,Evanthia Mantzouki,53.05308,13.2531111,48.0,4.0,2.8,0.4,2.0,1.73,23.52,22.68,40.0,,0.024,0.04,,59.959,3.682,8.618,0.0,0.0,0.0,0.549,0.0,1.036,0.0,0.0,0.0,0.0,0.0,0.0,0.0,0.0,0.0,0.0,0.0,0.0,0.0143,0.0
64,2015-09-03 00:00:00,Wittwesee,Evanthia Mantzouki,53.12653,12.9364167,,,,2.62,12.0,7.47,21.11,19.77,50.0,400.0,0.005,0.03,4.336,1.256,0.0,0.0,0.0,0.0,0.0,0.0,0.0,0.0,0.0,0.0,0.0,0.002,0.0,0.0,0.0,0.0093,0.0,0.0,0.0,0.0,0.0036,0.0
65,2015-09-11 00:00:00,Wurlsee,Evanthia Mantzouki,53.22131,13.2936111,,,,1.45,8.0,7.67,17.5,17.4,50.0,2200.0,3.492,0.32,17.333,1.357,0.0,0.0,0.0,0.0,0.0,0.0,0.0,0.0,0.0,0.0,0.0,0.0,0.0,0.0,0.0,0.0,0.0,0.0,0.0,0.0,,0.0
66,2015-08-26 00:00:00,Bagsvaerd,Evanthia Mantzouki,55.77266667,12.45663889,19.0,4.0,2.0,0.6,2.5,,19.2,19.17,30.0,300.0,,0.03,5.668,61.24,8.043,14.914,0.0,3.741,0.0,0.87,1.238,1.378,0.0,0.0,1.344,0.059,0.0,0.1365,0.0095,0.1327,0.0,0.0,0.0,0.0,0.0054,0.002
67,2015-08-25 00:00:00,Bastrup,Evanthia Mantzouki,55.81802778,12.2695,29.0,7.0,3.5,1.8,5.5,2.75,20.5,20.08,40.0,500.0,,,21.29,16.437,1.108,0.371,0.553,0.74,0.0,0.352,1.915,1.569,0.0,0.0,0.0,0.009,0.0,0.0301,0.0023,0.0186,0.0,0.0,0.0,0.0,0.0,0.0026
68,2015-08-25 00:00:00,Farum,Evanthia Mantzouki,55.80522222,12.36719444,20.0,15.0,6.3,1.2,10.0,14.24,19.7,19.1,30.0,500.0,,0.27,94.748,27.688,0.0,0.0,2.171,0.0,0.0,0.225,6.892,6.774,0.0,0.0,0.0,0.002,0.0,0.0,0.0,0.0,0.0,0.0,0.0,0.0,0.0,0.0
69,2015-08-26 00:00:00,Fure,Evanthia Mantzouki,55.81305556,12.44313889,24.0,38.0,13.5,1.05,2.5,,18.7,18.7,110.0,400.0,0.008,0.06,10.658,80.107,1.593,0.0,1.197,0.0,0.0,0.752,4.137,2.504,0.0,0.0,0.0,0.061,0.0,0.0544,0.0067,0.067,0.0,0.0,0.0,0.0,0.0,0.0
70,2015-08-12 00:00:00,Gyrstinge,Evanthia Mantzouki,55.50308333,11.69452778,21.0,10.0,,0.7,5.5,4.22,21.8,21.03,,500.0,,0.09,5.028,28.982,1.348,0.93,0.0,0.981,0.0,0.0,0.0,0.442,0.0,0.0,0.0,0.015,0.0,0.185,0.0309,0.0682,0.0,0.0,0.0,0.0,0.1816,0.3476
71,2015-08-12 00:00:00,Haraldsted,Evanthia Mantzouki,55.48463889,11.76422222,17.0,11.0,5.0,1.05,3.5,8.7,21.2,20.79,60.0,200.0,,0.02,10.26,32.318,1.657,0.0,0.0,0.0,0.0,0.28,0.0,0.0,0.0,0.0,0.0,0.034,0.0,0.6326,0.0147,0.3452,0.0,0.0,0.0,0.0,0.0109,0.2936
72,2015-08-31 00:00:00,Lyngby,Evanthia Mantzouki,55.77472222,12.47911111,19.0,3.0,1.6,0.45,2.5,,19.5,19.28,20.0,600.0,,,7.161,112.608,10.719,17.76,0.983,4.066,0.0,0.493,0.912,1.579,0.0,0.0,0.0,0.025,0.0,0.0529,0.0392,0.0364,0.0,0.0,0.0,0.0,0.0133,0.1744
73,2015-08-26 00:00:00,Slaen,Evanthia Mantzouki,56.12325,9.615833333,24.0,12.0,7.3,4.1,9.0,6.89,17.2,15.71,90.0,,,,9.146,3.759,0.404,0.0,0.0,0.0,0.0,0.0,0.368,0.199,0.0,0.0,0.0,0.002,0.0,0.0,0.0066,0.0,0.0,0.0,0.0,0.0,0.0,0.0
74,2015-07-25 00:00:00,Elistvere,Evanthia Mantzouki,58.57116667,26.71133333,60.0,4.0,2.0,1.5,1.5,,19.99,19.64,70.0,700.0,0.012,0.04,,3.336,0.0,0.208,0.0,0.269,0.0,0.628,0.0,0.33,0.0,0.0,0.161,0.025,0.0,0.0169,0.0062,0.0695,0.0,0.0,0.0,0.0,0.0,0.0
75,2015-07-25 00:00:00,Kaiavere,Evanthia Mantzouki,58.607222,26.676111,51.0,5.0,2.8,0.7,4.4,1.23,20.73,19.61,,600.0,,0.02,,13.094,1.062,1.276,0.245,0.802,0.0,0.139,0.801,0.917,0.0,0.0,0.0,0.008,0.0,0.0774,0.0188,0.0405,0.0,0.0,0.0,0.0,0.0,0.0
76,2015-07-25 00:00:00,Kuremaa,Evanthia Mantzouki,58.718181,26.550592,83.0,13.0,5.9,2.5,9.7,0.78,19.48,18.75,,1000.0,0.054,0.04,,5.048,0.602,0.313,0.114,0.671,0.0,0.558,0.384,0.745,0.0,0.0,0.0,0.014,0.0209,0.0295,0.0087,0.0361,0.0,0.0,0.0,0.0,0.0,0.0
77,2015-08-17 00:00:00,Lammijarv,Evanthia Mantzouki,58.12,27.575,,15.0,3.8,0.7,6.5,5.74,20.8,20.13,40.0,700.0,0.012,0.02,,52.256,5.306,8.808,0.0,10.91,0.0,1.562,0.0,0.0,8.359,0.0,3.52,0.018,0.0,0.2356,0.0257,0.1198,0.0,0.0,0.0,0.0,0.0,0.0194
78,2015-08-18 00:00:00,Peipsi,Evanthia Mantzouki,58.80944444,27.37166667,30.0,13.0,8.3,1.9,9.5,,19.53,19.35,30.0,,0.013,0.02,,18.486,14.508,1.56,0.0,2.029,0.427,0.701,0.086,0.0,0.293,0.0,0.19,0.017,0.0,0.1869,0.0221,0.1026,0.0,0.0,0.0,0.0,0.0,0.0007
79,2015-07-25 00:00:00,Raigastvere,Evanthia Mantzouki,58.588889,26.655,57.0,5.0,3.2,0.65,3.6,,20.05,19.5,40.0,400.0,0.01,0.03,,39.304,2.983,5.379,0.85,2.162,0.0,1.377,0.0,0.0,1.676,0.0,0.675,0.269,0.0,1.0175,0.0769,1.0917,0.0,0.0,0.0,0.0,0.0,0.0
80,2015-08-12 00:00:00,Saadjarv,Evanthia Mantzouki,58.53608333,26.64883333,54.0,25.0,8.0,5.17,22.5,3.72,23.32,20.69,70.0,700.0,0.012,0.02,,6.638,0.315,0.0,0.0,0.968,0.0,0.263,0.0,0.0,0.0,0.0,0.153,0.005,0.0,0.0,0.0054,0.0225,0.0,0.0,0.0,0.0,0.0,0.0
81,2015-08-11 00:00:00,Verevijarv,Evanthia Mantzouki,58.23161111,26.40577778,54.0,13.0,3.5,1.21,9.7,3.8,24.0,15.52,,500.0,0.013,0.02,,28.927,3.377,2.169,0.836,1.562,0.0,0.684,2.321,2.014,0.0,0.0,0.756,0.002,0.0,0.0,0.0028,0.029,0.0,0.0,0.0,0.0,0.0,0.0
82,2015-08-18 00:00:00,Vortsjarv,Evanthia Mantzouki,58.21191667,26.10275,33.0,6.0,2.8,0.55,4.1,,19.4,19.32,50.0,700.0,,,,67.629,0.0,11.418,12.492,2.987,1.671,0.677,0.854,1.473,0.0,0.0,0.895,0.009,0.0,0.1194,0.0056,0.0333,0.0,0.0,0.0,0.0,0.0,0.0
83,2015-09-08 00:00:00,Abegondo-Cecebre,Evanthia Mantzouki,43.28138889,-8.295,30.0,18.0,5.87,1.75,9.0,10.03,19.97,19.09,80.0,800.0,0.392,0.09,4.858,6.415,1.362,0.303,0.0,0.368,0.0,0.0,0.0,0.172,0.0,0.0,0.0,0.003,0.0,0.058,0.1422,3.6829,0.0355,0.446,,0.0,0.0,0.0
84,2015-08-05 00:00:00,Albufera de Valencia,Evanthia Mantzouki,39.34433333,-0.338916667,1.0,1.0,1.0,0.35,0.4,,29.8,29.8,130.0,700.0,0.006,0.04,93.946,91.584,4.407,12.607,0.0,0.0,0.0,0.928,0.0,0.0,0.0,0.0,0.0,0.002,0.0,0.0,0.0,0.053,0.0,0.0,0.0,0.0,0.2488,0.0
85,2015-09-03 00:00:00,Alcantara,Evanthia Mantzouki,39.73423056,-6.878894444,218.0,117.0,30.4,1.1,12.0,12.44,24.23,23.61,,300.0,0.015,0.07,54.634,11.728,0.0,0.0,0.0,0.0,0.0,0.0,0.0,0.0,0.0,0.0,0.0,0.195,0.0,0.1175,0.0171,0.3049,0.0,0.0,0.0,0.0,0.0,0.0436
86,2015-09-18 00:00:00,Embalse de Arcos de la Frontera,Evanthia Mantzouki,36.75222222,-5.793888889,65.0,8.0,4.0,0.78,6.0,,23.6,23.6,20.0,600.0,,0.02,25.832,21.385,1.253,0.0,0.388,3.164,0.0,0.0,0.0,1.277,0.0,0.0,0.0,0.002,0.0,0.0,0.0028,0.0142,0.0,0.0,0.0,0.0,0.0,0.0004
87,2015-08-21 00:00:00,Azutan,Evanthia Mantzouki,39.77533611,-5.088780556,357.0,37.0,9.04,1.12,9.0,1.88,27.33,26.7,500.0,1500.0,0.069,0.63,450.441,25.38,4.313,4.431,0.0,1.165,0.0,1.657,0.0,0.942,0.0,0.0,0.455,0.0,0.0,0.0,0.0,0.0,0.0,0.0,0.0,0.0,0.0,0.0
88,2015-08-13 00:00:00,La Baells,Evanthia Mantzouki,42.135878,1.872081,630.0,94.0,30.02,4.01,10.0,27.32,24.72,23.98,20.0,,0.126,0.02,4.308,1.229,0.0,0.213,0.0,0.0,0.0,0.0,0.157,0.122,0.0,0.0,0.0,0.0,0.0,0.0,0.0,0.0,0.0,0.0,0.0,0.0,0.0,0.0
89,2015-09-10 00:00:00,Baxe reservoir,Evanthia Mantzouki,42.60694444,-8.616111111,122.0,,,2.75,9.0,12.95,19.88,19.38,90.0,700.0,0.192,0.17,4.762,2.071,0.599,0.265,0.0,0.0,0.0,0.0,0.0,0.086,0.0,0.0,0.0,0.0,0.0,0.0,0.0028,0.0086,0.0,0.0,0.0,0.0,0.0,0.0
90,2015-08-10 00:00:00,Boadella,Evanthia Mantzouki,42.348167,2.821567,161.0,54.0,16.6,2.76,13.0,14.55,26.03,23.9,30.0,100.0,0.011,0.02,,1.648,0.44,0.28,0.0,0.0,0.0,0.095,0.0,0.0,0.0,0.0,0.0,0.0,0.0,0.0,0.0,0.0,0.0,0.0,0.0,0.0,0.0,0.0
91,2015-08-20 00:00:00,Branas,Evanthia Mantzouki,43.3476,-8.260439,11.0,4.0,3.65,,2.0,2.75,18.62,17.8,100.0,1900.0,0.608,0.05,14.494,0.715,1.054,1.567,0.0,0.401,0.0,0.0,0.0,0.0,0.0,1.567,0.0,0.0,0.0,0.0,0.0,0.0,0.0,0.0,0.0,0.0,0.0,0.0
92,2015-09-02 00:00:00,Basturs petit,Evanthia Mantzouki,42.14402778,1.016833333,632.0,6.0,,6.12,5.0,4.72,18.94,17.63,30.0,1000.0,0.41,0.11,5.139,0.862,0.086,0.0,0.0,0.0,0.0,0.0,0.0,0.0,0.0,0.0,0.0,0.0,0.0,0.0,0.0,0.0,0.0,0.0,0.0,0.0,0.0,0.0
93,2015-09-02 00:00:00,Basturs,Evanthia Mantzouki,42.14327778,1.020361111,636.0,12.0,,3.93,5.0,8.22,25.26,25.18,30.0,700.0,0.054,0.24,28.52,3.626,0.251,0.0,0.0,0.472,0.0,0.0,0.0,0.266,0.0,0.0,0.212,0.0,0.0,0.0,0.0,0.0,0.0,0.0,0.0,0.0,0.0,0.0
94,2015-08-22 00:00:00,Laguna Camarones,Evanthia Mantzouki,36.67291944,-4.4558,3.0,1.0,,1.0,0.5,,30.0,30.0,230.0,9700.0,,0.19,597.087,177.524,0.0,0.0,4.71,31.494,0.0,0.0,0.0,25.856,0.0,0.0,0.0,0.0,0.411,0.0,0.0,0.0,0.0,0.0,0.0,0.0,0.0,0.0
95,2015-08-22 00:00:00,Laguna Canas,Evanthia Mantzouki,36.67293333,-4.455225,1.0,1.0,,0.5,0.5,,28.98,28.98,290.0,5500.0,,,,151.82,84.286,18.459,0.0,0.0,0.0,0.0,0.0,0.0,0.0,0.0,0.0,0.0,0.0,0.0,0.0,0.0,0.0,0.0,0.0,0.0,0.0,0.0
96,2015-09-08 00:00:00,Cedillo,Evanthia Mantzouki,39.66731111,-7.532625,115.0,50.0,18.6,1.2,5.0,8.71,25.02,22.55,30.0,300.0,0.007,0.02,,49.622,4.264,1.573,0.0,0.595,0.0,0.368,0.0,0.367,0.0,0.0,0.0,0.152,0.0747,1.523,0.055,1.3347,,,,0.0,0.0,0.1796
97,2015-09-17 00:00:00,As Conchas,Evanthia Mantzouki,41.96833333,-7.982777778,551.0,,,1.5,4.0,,17.72,17.52,80.0,500.0,0.036,,,20.695,0.515,1.214,0.348,0.615,0.0,0.356,0.282,0.507,0.0,0.0,0.0,0.0,0.0,0.0,0.0,0.0,0.0,0.0,0.0,0.0,0.0,0.0
98,2015-08-22 00:00:00,Laguna Costera,Evanthia Mantzouki,36.67110278,-4.452469444,2.0,1.0,0.5,0.5,0.2,,30.54,30.54,,5000.0,0.097,1.12,1044.228,1.384,0.0,0.0,0.0,0.0,0.0,0.0,0.0,0.0,0.0,0.0,0.0,0.0,0.0,0.0,0.0,0.0,0.0,0.0,0.0,0.0,0.0,0.0
99,2015-07-29 00:00:00,Embalse del Cubillas,Evanthia Mantzouki,37.2787,-3.675683333,646.0,12.0,,0.57,2.8,5.73,26.2,25.8,50.0,2500.0,1.12,0.05,,4.216,0.991,0.983,0.0,0.0,0.0,0.0,0.0,0.0,0.0,0.0,0.0,0.0,0.0,0.0,0.0,0.0,0.0,0.0,0.0,0.0,0.0,0.0
100,2015-08-20 00:00:00,Doninos,Evanthia Mantzouki,43.491886,-8.312181,6.0,11.0,5.1,1.43,7.0,6.47,21.4,20.58,20.0,2000.0,,0.06,,2.911,0.287,0.093,0.0,0.0,0.0,0.086,0.0,0.08,0.0,0.0,0.0,0.0,0.0,0.0149,0.0028,0.0041,0.0,0.0,0.0,0.0,0.0,0.0
101,2015-08-22 00:00:00,Laguna Escondida,Evanthia Mantzouki,36.67493611,-4.460111111,2.0,1.0,,0.5,0.3,,29.05,29.05,140.0,2600.0,,0.02,154.228,,,,,3.852,0.0,0.0,0.0,1.205,0.0,0.0,0.0,0.0,0.0,0.0,0.0,0.0,0.0,0.0,0.0,0.0,0.0,0.0
102,2015-07-24 00:00:00,Embalse de Escalona,Evanthia Mantzouki,39.12833333,-0.698611111,112.0,25.0,,4.4,11.0,10.74,30.24,23.87,,,,,,0.833,0.0,0.24,0.0,0.0,0.0,0.0,0.0,0.0,0.0,0.0,0.0,,,,,,,,,,,
103,2015-08-22 00:00:00,Laguna Eucaliptal,Evanthia Mantzouki,36.671994,-4.452602,1.0,1.0,0.5,0.5,0.1,,29.41,29.41,150.0,5100.0,0.088,0.26,738.184,447.93,0.0,81.011,0.0,0.0,0.0,0.0,0.0,0.0,0.0,0.0,0.0,,,,,,0.0,0.0,0.0,0.0,,
104,2015-08-14 00:00:00,El Foix,Evanthia Mantzouki,41.255951,1.6490111,102.0,10.0,5.5,0.46,7.5,5.97,29.93,26.29,270.0,1800.0,,1.24,253.601,82.706,1.629,1.702,0.0,0.0,0.0,0.0,0.0,0.0,0.0,0.0,0.0,0.0,0.0,0.0,0.0,0.0,0.0,0.0,0.0,0.0,0.0,0.0
105,2015-09-09 00:00:00,As Forcadas Reservoir,Evanthia Mantzouki,43.61222222,-8.085833333,227.0,,,2.25,7.0,,18.79,18.78,70.0,600.0,0.043,0.03,,12.55,1.02,0.33,0.133,0.765,0.0,0.14,0.0,0.389,0.0,0.0,0.0,0.003,0.0,0.0701,0.0207,0.6187,0.0,0.0522,0.0,0.0075,0.0,0.0
106,2015-08-22 00:00:00,Laguna Grande,Evanthia Mantzouki,36.67131,-4.45601,1.0,1.0,0.5,0.5,0.2,,28.81,28.81,260.0,1800.0,0.011,0.15,171.26,932.883,434.286,89.806,0.0,0.0,0.0,0.0,0.0,0.0,0.0,0.0,8.686,,,,,,0.0,0.0,0.0,0.0,,
107,2015-07-23 00:00:00,Laguna Grande de Villafranca,Evanthia Mantzouki,39.44975,-3.338555556,643.0,1.0,0.8,1.0,5.0,,26.5,26.38,30.0,2900.0,0.959,0.02,34.427,1.794,0.0,0.0,0.0,0.0,0.0,0.0,0.0,0.141,0.0,0.0,0.0,0.0,0.0,0.0056,0.0,0.0,0.0,0.0,0.0,0.0,0.0,0.0
108,2015-07-23 00:00:00,Laguna Honda,Evanthia Mantzouki,36.75555,-2.9464,13.0,3.0,1.1,0.2,1.8,1.75,31.8,31.23,80.0,3900.0,0.025,0.32,28.182,103.453,38.876,1.591,8.302,0.0,0.0,4.407,1.383,0.0,0.0,0.0,4.712,0.018,0.0,0.0,0.0,0.1301,0.0,0.0,0.0,0.0,0.0017,0.0
109,2015-08-03 00:00:00,Mequinenza Reservoir,Evanthia Mantzouki,41.37067,0.2675556,119.0,60.0,20.0,4.3,12.0,10.48,27.7,26.35,40.0,2100.0,1.242,0.02,24.251,3.154,0.756,0.538,0.0,0.0,0.0,0.0,0.0,0.0,0.0,0.0,0.0,0.0,0.0,0.0,0.0,0.0,0.0,0.0,0.0,0.0,0.0,0.0
110,2015-09-03 00:00:00,Montcortes,Evanthia Mantzouki,42.331207,0.994539,1020.0,26.0,,7.96,5.0,8.41,22.85,22.8,80.0,800.0,0.02,0.06,,9.891,0.183,0.532,0.968,0.199,0.0,0.298,1.893,1.527,0.0,0.0,0.0,0.002,0.0,0.0,0.0,0.0,0.0,0.0,0.0,0.0,0.0,0.0
111,2015-08-04 00:00:00,Ribarroja Reservoir,Evanthia Mantzouki,41.24938889,0.429194444,70.0,34.0,10.3,3.5,9.0,7.5,25.4,25.07,30.0,2200.0,1.419,0.04,25.743,9.634,2.359,1.096,0.0,0.0,0.0,0.209,0.0,0.217,0.0,0.0,0.0,0.0,0.0,0.0,0.0,0.0042,0.0,0.0,0.0,0.0,0.0,0.0
112,2015-08-22 00:00:00,Laguna Rio Viejo,Evanthia Mantzouki,36.67361944,-4.455016667,14.0,1.0,0.5,0.5,0.2,,26.21,26.21,820.0,5300.0,0.075,0.95,1285.624,197.926,111.781,10.501,0.0,0.0,0.0,0.0,0.0,0.0,0.0,0.0,0.0,0.0,0.0,0.0,0.0,0.0,0.0,0.0,0.0,0.0,0.0,0.0
113,2015-08-11 00:00:00,Sau,Evanthia Mantzouki,41.97005,2.410655556,362.0,75.0,26.4,1.47,20.0,20.06,27.99,22.54,,800.0,0.23,0.22,7.894,3.387,1.009,0.402,0.0,0.333,0.0,0.0,0.0,0.146,0.0,0.0,0.0,0.0,0.0,0.0,0.0,0.0,0.0,0.0,0.0,0.0,0.0,0.0
114,2015-08-20 00:00:00,Sobrado,Evanthia Mantzouki,43.037611,-8.009558,514.0,5.0,1.53,0.59,2.0,1.82,20.2,19.63,40.0,,,,8.547,20.254,1.999,1.289,2.794,0.0,0.0,0.705,0.0,0.0,0.0,0.0,0.0,0.0,0.0,0.0,0.0,0.0,0.0,0.0,0.0,0.0,0.0,0.0
115,2015-07-29 00:00:00,Sobron Resrbvoir,Evanthia Mantzouki,42.76691944,-3.102138889,511.0,33.0,7.0,2.3,6.0,5.49,23.07,22.78,80.0,200.0,0.247,0.03,5.362,12.166,0.694,0.913,0.0,1.142,0.0,0.852,0.0,0.696,0.0,0.0,0.0,0.0,0.0,0.0,0.0,0.0,0.0,0.0,0.0,0.0,0.0,0.0
116,2015-08-22 00:00:00,Laguna Sur,Evanthia Mantzouki,36.67098889,-4.452725,1.0,1.0,0.5,0.5,0.1,,28.8,28.8,200.0,4900.0,,0.9,1022.921,0.0,0.0,0.0,0.0,0.0,0.0,0.0,0.0,0.0,0.0,0.0,0.0,0.0,0.0,0.0,0.0,0.0,0.0,0.0,0.0,0.0,0.0,0.0
117,2015-07-24 00:00:00,Embalse de Tous,Evanthia Mantzouki,39.13372222,-0.647388889,136.0,30.0,,5.3,13.25,15.69,28.94,25.15,20.0,1600.0,0.756,,28.596,0.165,0.0,0.0,0.0,0.0,0.0,0.0,0.0,0.0,0.0,0.0,0.0,0.0,0.0,0.0,0.0,0.0,0.0,0.0,0.0,0.0,0.0,0.0
118,2015-09-07 00:00:00,Valdecanas,Evanthia Mantzouki,39.77873333,-5.6054,317.0,80.0,19.81,1.1,14.0,,25.24,24.34,30.0,1300.0,0.763,0.02,7.775,58.93,0.0,0.894,0.0,0.0,0.0,0.599,0.0,0.312,0.0,0.0,0.0,0.007,0.0,0.1143,0.0125,0.3204,0.0,0.0,0.0,0.0071,0.0014,0.2832
119,2015-08-12 00:00:00,Vallfornes,Evanthia Mantzouki,41.72095,2.341644444,519.0,59.0,20.2,0.96,10.0,9.25,24.61,21.73,40.0,200.0,0.04,0.02,,13.591,0.0,0.294,0.0,0.0,0.0,0.251,0.0,0.135,0.0,0.0,0.0,0.0,1.8139,0.0,0.0,0.0,0.0,0.0,0.0,0.0,0.0,0.0
120,2015-07-21 00:00:00,Laguna de las Yeguas,Evanthia Mantzouki,37.05641667,-3.379533333,2886.0,11.0,,10.5,10.0,8.73,14.8,14.47,70.0,500.0,0.059,0.02,,0.033,0.0,0.0,0.0,0.0,0.0,0.0,0.0,0.0,0.0,0.0,0.0,0.0,0.0,0.0,0.0,0.0,0.0,0.0,0.0,0.0,0.0,0.0
121,2015-08-13 00:00:00,Harkmerifjarden,Evanthia Mantzouki,62.18833333,21.43888889,0.0,2.0,,0.6,0.7,,19.3,19.23,20.0,400.0,0.017,0.02,,8.804,1.49,0.574,0.0,0.0,0.0,0.0,0.0,0.0,0.0,0.0,0.0,0.0,0.0,0.0,0.0,0.0,0.0,0.0,0.0,0.0,0.0,0.0
122,2015-08-13 00:00:00,Jyvasjarvi,Evanthia Mantzouki,62.23918889,25.77259167,,25.0,5.8,1.8,5.0,9.38,20.6,20.09,50.0,800.0,0.021,,4.446,5.249,0.0,0.0,0.0,0.0,0.0,0.0,0.0,0.0,0.0,0.0,0.0,0.002,0.0,0.0169,0.0035,0.0052,0.0,0.0,0.0,0.0,0.0,0.0
123,2015-08-05 00:00:00,Kakskerranjarvi,Evanthia Mantzouki,60.355,22.20833333,7.0,15.0,6.38,3.1,10.0,10.8,19.5,18.17,120.0,200.0,0.019,,5.041,2.928,0.283,0.0,0.0,0.124,0.0,0.0,0.0,0.0,0.0,0.0,0.0,0.0,0.0764,0.0,0.0024,0.0,0.0,0.0,0.0,0.0,0.0,0.0
124,2015-08-05 00:00:00,Littoistenjarvi,Evanthia Mantzouki,60.45138889,22.39527778,36.0,3.0,2.03,0.7,2.0,,19.6,19.5,30.0,400.0,0.011,,,60.352,2.763,7.89,1.427,0.749,0.0,1.117,0.0,0.0,0.0,0.0,0.0,0.002,0.0,0.3288,0.0975,0.1839,0.0,0.0,0.0,0.0,0.0,0.0
125,2015-08-20 00:00:00,Muuratjarvi,Evanthia Mantzouki,62.12474444,25.56038889,,38.0,,3.8,6.0,9.35,19.6,18.95,80.0,600.0,0.095,0.02,3.368,1.36,0.0,0.0,0.0,0.0,0.0,0.0,0.0,0.113,0.0,0.0,0.0,0.0,0.0,0.0,0.0,0.0,0.0,0.0,0.0,0.0,0.0,
126,2015-08-13 00:00:00,Stortrasket,Evanthia Mantzouki,62.31777778,21.38027778,7.0,2.0,,0.9,1.5,,19.8,19.75,30.0,300.0,0.01,,,2.369,0.288,0.0,0.0,0.0,0.0,0.0,0.0,0.0,0.0,0.0,0.045,0.0,0.0,0.0,0.0,0.0,0.0,0.0,0.0,0.0,0.0,0.0
127,2015-08-31 00:00:00,Vanajanselka,Evanthia Mantzouki,61.14888889,24.27369444,74.0,24.0,7.3,2.0,5.0,12.49,18.4,18.33,,,,,,,,,,,,,,,,,,0.009,0.0,0.1509,0.015,0.0452,0.0,0.0,0.0,0.0,0.0,0.0
128,2015-09-03 00:00:00,Aydat,Evanthia Mantzouki,45.66388889,2.984444444,837.0,15.0,,2.0,7.0,7.11,19.7,18.85,,,0.017,,3.918,8.196,2.509,0.924,0.0,0.0,0.0,0.0,0.0,0.0,0.0,0.0,0.0,0.0,0.0,0.0205,0.0027,0.0123,0.0,0.0,0.0,0.0,0.0,0.0
129,2015-09-02 00:00:00,Pavin,Evanthia Mantzouki,45.49583333,2.888333333,1197.0,92.0,,7.3,18.0,8.43,18.0,12.18,130.0,,0.011,,10.24,0.818,0.135,0.083,0.0,0.0,0.0,0.0,0.0,0.0,0.0,0.0,0.0,0.0,0.0,0.0,0.0028,0.0,0.0,0.0,0.0,0.0,0.0,0.0
130,2015-10-05 00:00:00,Marathonas,Evanthia Mantzouki,38.17156667,23.90511111,227.0,54.0,20.0,4.5,26.0,26.55,21.71,20.45,50.0,800.0,0.118,0.18,,25.042,0.0,3.202,1.711,0.0,0.0,0.4,0.0,0.0,0.0,0.0,0.0,0.024,0.0,0.0228,0.0017,0.0384,0.0,0.0,0.0,0.0,0.0,0.0
131,2015-09-18 00:00:00,Lesser Prespa,Evanthia Mantzouki,40.76368056,21.09733889,853.0,9.0,4.2,2.2,6.8,1.76,25.8,22.95,60.0,1500.0,,0.02,4.488,9.095,0.0,0.554,0.0,0.0,0.0,0.0,0.0,0.0,0.0,0.0,0.0,0.031,0.0,0.228,0.0081,0.1285,0.0,0.0,0.0,0.0,0.0,0.0
132,2015-09-16 00:00:00,Volvi,Evanthia Mantzouki,40.66705556,23.54194444,37.0,28.0,13.5,0.117,13.0,11.47,26.0,24.43,120.0,900.0,0.026,0.02,19.236,6.529,0.428,0.377,0.0,0.0,0.0,0.0,0.0,0.163,0.0,0.0,0.0,0.0,0.0,0.0,0.0,0.0,0.0,0.0,0.0,0.0,0.0,0.0
133,2015-08-27 00:00:00,Bajer,Evanthia Mantzouki,45.30633333,14.71333333,717.0,7.0,3.5,3.0,6.5,,16.7,13.37,20.0,600.0,1.095,0.08,7.746,0.876,0.0,0.0,0.0,0.238,0.0,0.0,0.0,0.0,0.0,0.0,0.0,0.0,0.0,0.0,0.0,0.0,0.0,0.0,0.0,0.0,0.0,0.0
134,2015-07-21 00:00:00,Butoniga,Evanthia Mantzouki,45.33186111,13.92322222,43.0,15.0,10.5,3.8,9.0,,29.16,23.57,40.0,,0.032,0.06,52.168,0.226,0.0,0.0,0.0,0.0,0.0,0.0,0.0,0.0,0.0,0.0,0.0,0.0,0.0,0.0,0.0,0.0,0.0,0.0,0.0,0.0,0.0,0.0
135,2015-07-23 00:00:00,Kopacko,Evanthia Mantzouki,45.605,18.85555556,16.0,5.0,2.0,0.17,5.3,,34.0,34.0,,,,,,,,,,,,,,,,,,,,,,,,,,,,
136,2015-07-23 00:00:00,Kozjak,Evanthia Mantzouki,44.88997222,15.60408333,535.0,48.0,15.5,7.5,14.0,,24.9,19.75,70.0,,0.364,0.02,,0.192,0.0,0.0,0.0,0.0,0.0,0.0,0.0,0.0,0.0,0.0,0.0,0.0,0.0,0.0,0.0,0.0,0.0,0.0,0.0,0.0,0.0,0.0
137,2015-07-12 00:00:00,Lesce,Evanthia Mantzouki,45.34781,15.34382,186.0,52.0,,5.0,12.0,,27.9,22.94,,900.0,0.651,0.06,,1.119,0.719,0.385,0.0,0.0,0.0,0.0,0.0,0.0,0.0,0.0,0.0,0.0,0.0,0.0,0.0,0.0,0.0,0.0,0.0,0.0,0.0,0.0
138,2015-08-20 00:00:00,Lokve,Evanthia Mantzouki,45.35977778,14.71708333,768.0,40.0,,7.0,20.0,,22.3,20.02,,100.0,0.312,0.04,,1.019,0.0,0.0,0.0,0.0,0.0,0.0,0.0,0.0,0.0,0.0,0.0,0.0,0.0,0.0,0.0028,0.0286,0.0,0.0,0.0,0.0,0.0,0.0
139,2015-08-24 00:00:00,Malo Jezero,Evanthia Mantzouki,45.77836111,15.93516667,112.0,13.0,5.0,4.0,4.0,,25.9,25.68,,600.0,0.945,0.1,,0.566,0.0,0.0,0.0,0.0,0.0,0.0,0.0,0.0,0.0,0.0,0.0,0.0,0.0,0.0,0.0,0.0,0.0,0.0,0.0,0.0,0.0,0.0
140,2015-08-27 00:00:00,Njivice,Evanthia Mantzouki,45.16963889,14.56338889,2.0,9.0,3.0,5.5,8.0,,26.3,25.04,60.0,100.0,0.029,0.03,,7.522,0.637,1.122,0.0,0.0,0.0,0.0,0.0,0.163,0.0,0.0,0.0,0.0,0.0,0.0,0.0,0.0167,0.0,0.0,0.0,0.0,0.0,0.0
141,2015-07-31 00:00:00,Peto Jezero,Evanthia Mantzouki,45.83161111,16.02616667,142.0,7.0,4.0,0.5,5.0,,24.6,23.48,50.0,500.0,0.18,0.1,,9.541,0.874,0.874,0.445,0.21,0.0,0.163,1.486,1.288,0.0,0.0,0.0,0.162,0.0611,1.1152,0.0289,0.6565,0.0,0.0,0.0,0.0,0.0,0.0
142,2015-08-27 00:00:00,Ponikve,Evanthia Mantzouki,45.07794444,14.55833333,17.0,6.0,2.4,2.0,4.0,,28.0,26.68,60.0,800.0,0.027,0.05,,3.906,0.768,0.29,0.171,0.0,0.0,0.187,0.0,0.225,0.0,0.0,0.0,0.0,0.0,0.0,0.0,0.0,0.0,0.0,0.0,0.0,0.0,0.0
143,2015-07-23 00:00:00,Prosce,Evanthia Mantzouki,44.86791667,15.59783333,636.0,39.0,11.24,5.5,12.0,,21.7,16.93,,,0.389,0.03,,1.28,0.0,0.0,0.0,0.331,0.0,0.0,0.0,0.117,0.0,0.0,0.0,0.0,0.0,0.0,0.0,0.0,0.0,0.0,0.0,0.0,0.0,0.0
144,2015-07-23 00:00:00,Sakadas,Evanthia Mantzouki,45.6,18.8475,91.0,12.0,5.5,0.56,5.3,3.27,33.0,24.7,,,,,,,,,,,,,,,,,,,,,,,,,,,,
145,2015-08-21 00:00:00,Savica,Evanthia Mantzouki,45.769,16.03244444,115.0,4.0,4.0,1.5,3.5,,24.8,24.58,30.0,500.0,0.055,0.07,7.805,10.357,3.541,1.787,0.0,0.902,0.0,0.302,0.0,0.613,0.0,0.0,0.204,0.0,0.0,0.0,0.0,0.0,0.0,0.0,0.0,0.0,0.0,0.0
146,2015-08-20 00:00:00,Tribali,Evanthia Mantzouki,45.22761111,14.67061111,60.0,8.0,4.0,0.5,4.0,,24.3,24.3,,200.0,0.402,0.08,,3.67,1.048,0.422,0.0,0.0,0.0,0.0,0.0,0.0,0.0,0.0,0.0,0.0,0.0,0.0,0.0126,0.3606,0.0,0.0,0.0,0.0,0.0,0.0
147,2015-08-28 00:00:00,Vransko,Evanthia Mantzouki,44.84002778,14.39241667,13.0,75.0,50.0,10.5,15.0,,25.9,23.47,50.0,300.0,0.018,0.03,,0.172,0.0,0.0,0.0,0.0,0.0,0.0,0.0,0.0,0.0,0.0,0.0,0.0,0.0,0.0,0.0,0.0,0.0,0.0,0.0,0.0,0.0,0.0
148,2015-08-07 00:00:00,Patkai Reservoir,Evanthia Mantzouki,47.267605,18.48562,123.0,,,0.3,2.0,0.75,27.5,24.9,90.0,1900.0,,0.12,12.389,89.916,2.554,11.047,0.0,0.0,0.0,1.381,2.086,0.0,0.0,0.0,0.0,,,,,,0.0,0.0,0.0,0.0,,
149,2015-08-07 00:00:00,Velencei,Evanthia Mantzouki,47.20636111,18.61386111,,2.0,1.6,0.5,1.5,1.25,27.8,27.38,,1300.0,,0.03,29.167,3.85,0.549,0.295,0.241,0.546,0.0,0.0,0.0,0.215,0.0,0.0,0.0,0.357,0.0,0.0178,0.0364,1.0537,0.0,0.0,0.0,0.0,0.0,0.0
150,2015-08-07 00:00:00,Zamolyi,Evanthia Mantzouki,47.30188889,18.46486111,129.0,,,0.41,2.0,1.07,27.4,25.2,60.0,1200.0,,0.02,11.85,101.459,9.68,2.806,0.0,0.806,0.654,1.194,0.0,0.602,0.0,0.0,5.806,0.032,0.0,0.035,0.0028,0.0492,0.0,0.0,0.0,0.0,0.0,0.0
151,2015-08-24 00:00:00,Colgagh Lough,Evanthia Mantzouki,54.275,-8.396388889,24.0,24.0,10.5,3.0,19.3,0.25,16.4,14.23,180.0,500.0,0.106,0.02,8.466,,,,,0.105,0.0,0.0,0.123,0.102,0.0,0.0,0.0,0.0,0.0,0.0,0.0,0.0,0.0,0.0,0.0,0.0,0.0,0.0
152,2015-08-25 00:00:00,Corduff,Evanthia Mantzouki,54.06388889,-7.738888889,64.0,5.0,2.5,0.58,4.0,0.25,15.2,14.36,,1100.0,0.025,0.14,65.127,1.305,0.291,0.431,0.0,0.0,0.0,0.0,0.0,0.0,0.0,0.0,0.0,0.0,0.0,0.0,0.0,0.0,0.0,0.0,0.0,0.0,0.0,0.0
153,2015-08-27 00:00:00,Milltown,Evanthia Mantzouki,54.14583333,-6.712222222,,,,0.64,9.0,,14.8,14.59,30.0,900.0,0.377,0.19,48.576,2.541,0.642,0.929,0.0,0.0,0.0,0.0,0.0,0.0,0.0,0.0,0.0,0.0,0.0,0.0,0.0,0.0,0.0,0.0,0.0,0.0,0.0,0.0
154,2015-08-25 00:00:00,Templehouse,Evanthia Mantzouki,54.09972222,-8.589444444,51.0,5.0,2.6,0.78,7.0,0.25,14.6,14.1,20.0,700.0,0.218,0.07,21.368,1.014,0.119,0.244,0.0,0.215,0.0,0.0,0.0,0.063,0.0,0.0,0.0,0.0,0.0,0.0,0.0028,0.0,0.0,0.0,0.0,0.0,0.0,0.0
155,2015-08-17 00:00:00,Caldonazzo,Evanthia Mantzouki,46.01416667,11.25138889,450.0,49.0,26.5,7.4,20.0,8.13,24.9,16.19,20.0,,0.119,,6.087,1.269,0.155,0.144,0.0,0.0,0.0,0.0,0.0,0.044,0.0,0.0,0.0,0.0,0.0577,0.0,0.0034,0.0,0.0,0.0,0.0,0.0,0.0,0.0
156,2015-07-22 00:00:00,Campo,Evanthia Mantzouki,46.03991667,10.49677778,1943.0,27.0,13.7,11.4,10.0,6.3,17.75,12.26,80.0,,0.062,,5.026,1.479,0.0,0.0,0.0,0.292,0.0,0.05,0.0,0.14,0.0,0.0,0.0,0.0,0.0,0.0,0.0,0.0,0.0,0.0,0.0,0.0,0.0,0.0
157,2015-08-11 00:00:00,Garda,Evanthia Mantzouki,45.6975,10.72083333,65.0,350.0,133.0,7.0,30.0,23.45,24.04,20.03,20.0,,0.121,0.02,4.58,2.33,0.35,0.296,0.0,0.0,0.0,0.0,0.0,0.054,0.0,0.0,0.0,0.0,0.2255,0.0,0.0019,0.0,0.0,0.0,0.0,0.0,0.0,0.549
158,2015-09-07 00:00:00,Iseo,Evanthia Mantzouki,45.68722222,10.06722222,186.0,251.0,123.0,6.2,30.0,18.45,21.16,16.27,20.0,300.0,0.437,0.02,11.408,1.4,0.34,0.165,0.0,0.0,0.0,0.0,0.0,0.0,0.0,0.0,0.0,0.002,0.0312,0.0,0.0021,0.0,0.0,0.0,0.0,0.0,0.0,0.0085
159,2015-08-03 00:00:00,Levico,Evanthia Mantzouki,46.0175,11.27388889,440.0,38.0,11.1,5.0,20.0,7.29,25.37,14.83,50.0,,0.235,0.04,5.398,2.664,0.0,0.0,0.0,0.159,0.0,0.062,0.0,0.143,0.0,0.0,0.0,0.046,0.0251,0.0,0.2076,0.0,0.0,0.0,0.0,0.0,0.0,0.0003
160,2015-07-28 00:00:00,Serraia,Evanthia Mantzouki,46.13666667,11.25555556,974.0,16.0,6.5,1.5,5.0,3.41,23.76,20.53,,,0.007,0.08,,4.096,0.521,0.267,0.0,0.0,0.0,0.153,0.0,0.103,0.0,0.0,0.0,0.002,0.0,0.0,0.0028,0.0133,0.0,0.0,0.0,0.0,0.0,0.0
161,2015-08-04 00:00:00,Tovel,Evanthia Mantzouki,46.26127778,10.94947222,1178.0,39.0,19.0,7.9,20.0,1.46,18.48,9.98,110.0,800.0,0.242,,5.524,1.429,0.075,0.341,0.0,0.298,0.0,0.0,0.0,0.116,0.0,0.0,0.0,0.0,0.0,0.0,0.0,0.0,0.0,0.0,0.0,0.0,0.0,0.0
162,2015-08-25 00:00:00,Balsys,Evanthia Mantzouki,54.79094444,25.33197222,114.0,39.0,15.2,5.2,8.0,6.75,21.5,19.36,,400.0,,0.02,,1.688,0.0,0.163,0.0,0.0,0.0,0.0,0.191,0.121,0.0,0.0,0.0,0.0,0.0,0.0,0.0,0.0,0.0,0.0,0.0,0.0,0.0,0.0
163,2015-08-14 00:00:00,Didziulis,Evanthia Mantzouki,54.330439,24.368417,101.0,18.0,6.5,0.5,7.5,6.56,23.3,19.43,,800.0,,0.04,,65.37,2.33,0.902,0.0,0.0,0.0,0.815,0.94,0.923,0.0,0.0,0.0,0.025,2.4094,0.0,0.1235,0.01,0.0,0.0,0.0,0.0,0.064,2.708
164,2015-08-04 00:00:00,Gaustvinis,Evanthia Mantzouki,55.65575,23.20038889,115.0,5.0,2.5,0.48,2.0,0.25,22.0,20.44,20.0,1600.0,,0.02,6.953,81.649,3.423,0.916,1.2,0.874,0.0,1.17,4.027,4.079,0.0,0.0,0.0,0.014,0.0,0.2252,0.0122,0.1002,0.0,0.0,0.0,0.0,0.0,0.0043
165,2015-08-12 00:00:00,Gineitiskes,Evanthia Mantzouki,54.73747222,25.18572222,159.0,3.0,1.5,0.51,1.7,1.75,25.4,24.85,60.0,900.0,0.007,0.02,5.33,102.289,4.806,3.596,1.162,3.801,0.0,0.863,0.999,2.546,0.0,0.0,0.0,0.038,0.0,0.4241,0.1716,0.3984,0.0,0.0,0.0,0.0,0.0294,0.0
166,2015-08-07 00:00:00,Gulbinas,Evanthia Mantzouki,54.79386111,25.30755556,134.0,12.0,4.2,0.7,5.5,4.55,24.2,19.35,50.0,1000.0,0.008,0.68,,36.874,2.245,0.641,0.0,0.0,0.0,0.0,0.719,0.637,0.0,0.0,0.0,0.015,2.8047,0.0,0.208,0.0,0.0,0.0,0.0,0.0,0.0,0.0
167,2015-08-17 00:00:00,Jieznas,Evanthia Mantzouki,54.59152778,24.18508333,94.0,4.0,2.9,0.45,2.8,2.75,22.2,21.83,50.0,1100.0,,0.03,4.073,103.899,4.542,2.835,0.0,1.684,0.0,0.0,0.0,1.674,0.0,0.0,0.0,0.055,0.0,0.6232,0.0436,0.2533,0.0,0.0,0.0,0.0,0.0336,1.3333
168,2015-08-01 00:00:00,Lukstas,Evanthia Mantzouki,55.71286111,22.335,155.0,7.0,3.6,0.84,4.0,,16.8,17.17,50.0,600.0,,0.02,,34.594,1.749,2.748,0.0,1.34,0.0,0.39,0.0,0.321,0.0,0.0,0.0,0.058,0.3418,0.7915,0.0714,0.3318,0.0,0.0,0.0,0.0,0.0094,0.0154
169,2015-08-01 00:00:00,Mastis,Evanthia Mantzouki,55.97755556,22.24886111,126.0,5.0,2.6,0.45,3.0,,17.6,17.83,160.0,700.0,0.018,0.19,32.338,112.696,5.406,2.354,0.0,3.97,0.0,0.619,0.0,1.361,0.0,0.0,0.0,0.041,0.1663,0.8026,0.0669,0.3715,0.0,0.0,0.0,0.0,0.0,0.0
170,2015-08-24 00:00:00,Niedulis,Evanthia Mantzouki,54.39172222,24.36605556,132.0,7.0,3.7,0.95,6.0,4.7,20.8,19.78,30.0,1200.0,,0.29,,35.013,2.437,1.236,0.0,0.492,0.0,0.0,0.0,0.319,0.0,0.0,0.0,0.12,5.181,0.0721,0.2691,0.0347,0.0,0.0,0.0,0.0,0.2976,0.0338
171,2015-08-24 00:00:00,Pabezninkai,Evanthia Mantzouki,54.34941667,24.571,135.0,3.0,1.9,1.0,1.2,,21.2,21.2,70.0,1000.0,,0.03,,35.669,0.0,0.0,1.256,0.0,0.0,0.0,0.0,0.0,0.0,0.0,0.0,0.0,0.0,0.0,0.0,0.0,0.0,0.0,0.0,0.0,0.0,0.0
172,2015-08-03 00:00:00,Rekyva,Evanthia Mantzouki,55.86075,23.31230556,126.0,5.0,2.0,0.43,2.0,0.25,19.9,18.82,50.0,600.0,,0.03,,92.959,0.0,13.651,14.295,1.618,0.0,1.198,0.0,1.037,0.0,0.0,0.0,0.017,0.0,0.0,0.0028,0.0466,0.0,0.0,0.0,0.0,0.0,0.0
173,2015-08-11 00:00:00,Simnas,Evanthia Mantzouki,54.39433333,23.643,88.0,5.0,2.2,0.4,2.5,1.81,24.8,23.93,20.0,800.0,,0.02,5.357,132.097,2.953,3.996,0.0,0.0,0.0,5.691,0.0,2.485,0.0,0.0,0.0,0.093,0.1088,1.6451,0.0225,0.5492,0.0,0.0,0.0,0.0,0.0,0.1
174,2015-08-18 00:00:00,Sitvys,Evanthia Mantzouki,54.98566667,25.21661111,130.0,5.0,2.2,0.7,4.0,3.75,20.8,20.08,130.0,800.0,,0.02,,53.623,1.03,1.627,1.99,0.0,0.0,0.0,3.993,2.207,0.0,0.0,0.0,0.143,3.5201,0.0,0.5038,0.0233,0.0,0.0,0.0,0.0,0.3796,0.29
175,2015-08-03 00:00:00,Talksa,Evanthia Mantzouki,55.93819444,23.33627778,103.0,8.0,3.5,0.65,5.0,0.25,21.9,19.44,,600.0,,0.02,5.173,52.728,2.261,1.921,0.601,1.665,0.0,0.378,0.968,0.755,0.0,0.0,0.0,0.475,2.2776,0.3061,1.1138,0.1664,0.0,0.0,0.0,0.0,0.0776,0.1028
176,2015-08-11 00:00:00,Udrija,Evanthia Mantzouki,54.43508333,23.85044444,71.0,5.0,,0.26,2.0,1.67,25.5,23.74,120.0,1800.0,,0.02,6.279,207.176,2.402,18.646,12.237,0.0,0.0,2.015,0.0,0.0,0.0,0.0,0.0,2.965,7.5326,0.0,2.5595,0.0,0.0,0.0,0.0,0.0,0.3195,0.071
177,2015-09-06 00:00:00,Dojran,Evanthia Mantzouki,41.19861111,22.73333333,320.0,8.0,3.0,2.8,7.0,5.77,28.8,27.43,50.0,1600.0,0.019,0.16,13.618,10.352,1.262,0.675,0.0,0.0,0.0,0.0,0.0,0.0,0.0,0.0,0.0,0.058,0.0,0.8436,0.0573,1.7334,0.0,0.0,0.0,0.0,0.0,0.0
178,2015-09-08 00:00:00,Ohrid,Evanthia Mantzouki,41.02722222,20.81138889,620.0,330.0,155.0,9.2,23.5,22.99,24.5,22.13,,600.0,0.008,0.04,5.231,0.127,0.0,0.0,0.0,0.0,0.0,0.0,0.0,0.0,0.0,0.0,0.0,0.0,0.0,0.0,0.0,0.0,0.0,0.0,0.0,0.0,0.0,0.0
179,2015-09-07 00:00:00,Prespa,Evanthia Mantzouki,40.9525,20.91888889,847.0,47.0,14.0,2.9,11.0,9.49,24.5,23.63,50.0,1300.0,0.009,0.03,,2.842,0.486,0.821,0.0,0.0,0.0,0.0,0.0,0.114,0.0,0.0,0.0,0.0,0.0,0.0,0.0,0.0,0.0,0.0,0.0,0.0,0.0,0.0
180,2015-08-12 00:00:00,Amstelveense,Evanthia Mantzouki,52.30002778,4.840333333,0.0,2.0,,0.2,1.5,,22.51,22.46,290.0,1800.0,0.02,0.04,7.211,690.16,27.696,29.357,0.0,3.556,0.0,4.466,0.0,2.072,0.0,0.0,17.274,0.088,0.3829,1.9873,0.0569,1.4138,0.0,0.0,0.0,0.0,0.0,0.0507
181,2015-08-27 00:00:00,Empelse put,Evanthia Mantzouki,51.72298,5.337262,,31.0,11.6,7.5,5.5,6.32,20.31,20.25,110.0,300.0,0.06,,63.821,12.105,0.0,0.608,0.0,0.0,0.0,0.497,0.0,0.626,0.0,0.0,0.0,0.0,0.0,0.0,0.0,0.0,0.0,0.0,0.0,0.0,0.0,0.0
182,2015-08-05 00:00:00,Ertveldplas,Evanthia Mantzouki,51.70669444,5.288194444,2.0,25.0,,1.05,8.0,12.67,21.43,19.27,150.0,1300.0,1.239,0.02,49.443,33.488,2.046,0.811,0.0,0.0,0.0,0.0,0.0,0.0,0.0,0.0,0.0,0.0,0.0,0.0,0.0,0.0,0.0,0.0,0.0,0.0,0.0,0.0
183,2015-08-21 00:00:00,Geffense,Evanthia Mantzouki,51.74069444,5.496638889,6.0,18.0,,7.5,5.0,11.69,21.5,20.82,0.0,800.0,0.391,,4.319,4.292,0.0,0.463,0.0,0.0,0.0,0.0,0.0,0.0,0.0,0.0,0.0,0.0,0.0,0.0,0.0,0.0,0.0,0.0,0.0,0.0,0.0,0.0
184,2015-08-25 00:00:00,Henschotermeer,Evanthia Mantzouki,52.080702,5.373029,,2.0,1.5,0.5,1.8,,,21.17,60.0,600.0,,,6.575,65.188,0.0,11.481,0.0,0.0,0.0,0.0,0.0,0.0,0.0,0.0,0.0,0.0,0.0,0.0,0.0,0.0,0.0,0.0,0.0,0.0,0.0,0.0
185,2015-08-12 00:00:00,Kinselmeer,Evanthia Mantzouki,52.38566667,5.017111111,0.0,3.0,,0.25,1.8,1.58,22.15,21.98,870.0,2500.0,0.009,0.03,575.094,248.581,3.032,23.852,13.69,0.0,0.0,3.383,0.0,0.0,0.0,0.0,0.0,1.37,9.0768,0.0,2.0126,0.1096,0.0,0.0,0.0,0.0,0.0,0.0128
186,2015-08-12 00:00:00,Koningshoeve,Evanthia Mantzouki,51.55163889,5.120138889,11.0,14.0,,3.4,4.0,8.52,23.73,22.3,90.0,,,,,8.612,0.0,0.0,0.0,0.0,0.0,0.0,0.0,0.0,0.0,0.0,0.0,0.002,0.0,0.0,0.0,0.0269,0.0,0.0,0.0,0.0,0.0,0.0
187,2015-08-17 00:00:00,Meerwijkplas,Evanthia Mantzouki,52.34833333,4.664083333,0.0,3.0,,0.8,2.5,,20.34,20.34,610.0,700.0,0.057,0.56,491.424,71.633,2.788,2.545,0.352,1.615,0.0,2.523,0.0,1.212,0.0,0.0,0.0,0.002,0.0,0.0,0.0028,0.0261,0.0,0.0,0.0,0.0,0.0,0.0017
188,2015-08-17 00:00:00,Molenplas,Evanthia Mantzouki,52.344,4.655111111,0.0,12.0,,2.0,5.0,5.57,20.68,20.66,410.0,1000.0,0.465,0.15,298.276,2.069,0.237,0.22,0.0,0.0,0.0,0.166,0.0,0.0,0.0,0.0,0.0,0.0,0.0,0.0,0.0,0.0,0.0,0.0,0.0,0.0,0.0,0.0
189,2015-08-31 00:00:00,Nieuwe Meer,Evanthia Mantzouki,52.331641,4.820326,,31.0,14.0,,1.0,,,,300.0,1700.0,0.85,,161.363,1.392,0.201,0.0,0.0,0.0,0.0,0.0,0.0,0.0,0.0,0.0,0.0,0.0,0.0,0.0,0.0,0.0,0.0,0.0,0.0,0.0,0.0,0.0
190,2015-08-07 00:00:00,Put Van Drunen,Evanthia Mantzouki,51.67822222,5.113944444,3.0,15.0,,4.5,6.0,8.52,23.73,21.62,110.0,,,,6.71,3.696,0.0,0.0,0.0,0.0,0.0,0.0,0.0,0.0,0.0,0.0,0.0,0.0,0.0,0.0,0.0,0.0,0.0,0.0,0.0,0.0,0.0,0.0
191,2015-08-28 00:00:00,Plaas aan de Reeweg,Evanthia Mantzouki,51.70391667,5.752083333,16.0,10.0,,3.75,6.5,7.59,20.98,20.53,20.0,,,,4.515,21.181,1.1,0.511,0.0,0.0,0.0,0.0,0.0,0.0,0.0,0.0,0.0,0.0,0.0,0.0,0.0163,0.0255,0.0,0.0,0.0,0.0,0.0,0.0
192,2015-08-19 00:00:00,Sloterplas,Evanthia Mantzouki,52.36366667,4.817222222,0.0,39.0,,4.0,10.0,10.2,19.71,19.08,290.0,400.0,0.15,0.08,280.733,7.511,0.152,0.0,0.0,0.0,0.0,0.251,0.0,0.22,0.0,0.0,0.0,0.001,0.0,0.0,0.0028,0.0066,0.0,0.0,0.0,0.0,0.0,0.0
193,2015-09-02 00:00:00,Stooterplas,Evanthia Mantzouki,52.45254,4.890774,0.0,44.0,,1.7,14.0,12.74,19.26,17.79,160.0,,0.052,0.04,15.321,35.347,1.424,0.396,1.095,0.642,0.0,0.731,2.983,1.712,0.0,0.0,0.0,0.014,0.0,0.0372,0.0057,0.0435,0.0,0.0,0.0,0.0,0.0,0.0007
194,2015-08-17 00:00:00,Westbroekplas,Evanthia Mantzouki,52.42558333,4.669416667,-1.0,30.0,,0.6,8.5,8.43,19.88,18.610625,170.0,300.0,,0.08,10.565,56.348,3.896,0.439,0.0,1.636,0.0,0.486,0.431,1.086,0.0,0.0,0.0,0.002,0.095,0.0,0.0171,0.012,0.0,0.0,0.0,0.0,0.0,0.0076
195,2015-08-11 00:00:00,Wylerbergmeer,Evanthia Mantzouki,51.826224,5.944239,,6.0,3.5,1.25,4.0,,,21.72,140.0,200.0,,,6.689,18.005,1.616,1.433,0.0,1.058,0.0,0.0,0.0,0.505,0.0,0.0,0.0,0.0,0.0,0.0,0.0,0.0,0.0,0.0,0.0,0.0,0.0097,0.0013
196,2015-08-26 00:00:00,Akersvannet,Evanthia Mantzouki,59.24499167,10.32690083,16.0,8.0,,1.3,4.0,,18.9,18.79,120.0,1000.0,0.102,,8.802,17.529,0.477,0.832,0.0,0.0,0.0,0.301,0.0,0.0,0.0,0.0,0.0,0.01,0.0,0.21,0.0184,0.6356,,,,0.0,0.0,0.0
197,2015-08-12 00:00:00,Arungen,Evanthia Mantzouki,59.68997417,10.74331722,34.0,12.0,,1.2,4.0,9.94,18.55,18.35,120.0,3100.0,1.895,,10.41,6.854,1.029,0.359,0.0,0.437,0.0,0.421,0.0,0.298,0.0,0.0,0.109,0.0,0.0,0.0,0.0,0.0,0.0,0.0,0.0,0.0,0.0,0.0
198,2015-08-26 00:00:00,Hillestadvannet,Evanthia Mantzouki,59.5143325,10.15597611,37.0,3.0,,0.55,2.0,2.01,18.4,18.22,240.0,600.0,,,10.942,25.818,1.591,1.914,0.457,0.0,0.0,0.388,0.0,0.0,0.0,0.0,0.0,0.374,0.2166,3.3088,0.1129,2.2819,0.0,0.0,0.0,0.0,0.0,0.0
199,2015-08-19 00:00:00,Mjaer,Evanthia Mantzouki,59.69832931,11.05206361,109.0,15.0,,1.7,4.0,12.31,18.85,18.77,200.0,800.0,0.088,,13.706,10.075,0.348,0.0,0.391,0.0,0.0,0.41,0.0,0.0,0.0,0.0,0.0,0.0,0.0,0.0,0.0,0.0,0.0,0.0,0.0,0.0,0.0,0.0
200,2015-08-12 00:00:00,Ostensjovannet,Evanthia Mantzouki,59.68844944,10.82986111,107.0,6.0,,0.6,4.0,5.27,17.86,17.56,180.0,1800.0,0.716,,7.409,18.447,1.63,2.676,0.0,0.0,0.0,1.396,0.0,0.573,0.0,0.0,0.0,0.0,0.0,0.0,0.0,0.0,0.0,0.0,0.0,0.0,0.0,0.0
201,2015-08-19 00:00:00,Saebyvannet,Evanthia Mantzouki,59.42701722,10.98318778,47.0,19.0,,1.2,4.0,8.74,18.97,18.89,270.0,1600.0,0.431,,12.287,5.548,0.386,0.226,0.271,0.0,0.0,0.207,0.0,0.0,0.0,0.0,0.0,0.0,0.0605,0.0,0.0042,0.0,0.0,0.0,0.0,0.0,0.0,0.0
202,2015-08-31 00:00:00,Skulerudsjoen,Evanthia Mantzouki,59.66792389,11.54612917,119.0,14.0,,1.45,4.0,8.29,18.59,18.26,170.0,900.0,0.173,,10.376,6.128,0.329,0.0,0.136,0.0,0.0,0.381,0.0,0.196,0.0,0.0,0.045,0.002,0.0,0.0,0.0,0.007,0.0,0.0,0.0,0.0,0.0,0.0
203,2015-08-19 00:00:00,Vansjo-Storefjorden,Evanthia Mantzouki,59.39440806,10.83571972,25.0,33.0,,1.85,4.0,,19.14,19.11,20.0,1000.0,0.539,,,3.177,0.284,0.236,0.0,0.174,0.0,0.125,0.0,0.111,0.0,0.0,0.0,0.002,0.0,0.0,0.0028,0.0042,0.0,0.0,0.0,0.0,0.0,0.0
204,2015-08-31 00:00:00,Tunevannet,Evanthia Mantzouki,59.29807833,11.08458833,40.0,10.0,,1.0,4.0,,18.08,17.98,100.0,400.0,0.011,,,11.938,0.493,0.804,0.0,0.449,0.0,0.0,0.0,0.0,0.0,0.0,0.0,0.009,0.085,0.3229,0.022,0.0543,0.0,0.0,0.0,0.0,0.0,0.0
205,2015-08-19 00:00:00,Vansjo-Vanemfjorden,Evanthia Mantzouki,59.44232083,10.75360167,25.0,16.0,,1.4,4.0,,19.61,19.55,150.0,500.0,0.074,,,13.315,0.862,0.507,0.453,0.678,0.0,0.392,0.0,0.278,0.0,0.0,0.161,0.002,0.0336,0.1177,0.0058,0.0425,0.0,0.0,0.0,0.0,0.0,0.0
206,2015-08-12 00:00:00,Bartezek,Evanthia Mantzouki,53.83109167,19.84415,100.0,15.0,5.1,0.75,6.25,5.58,26.5,21.32,180.0,600.0,,0.05,7.73,27.85,0.846,2.225,3.292,0.324,0.0,0.685,0.0,0.462,0.0,0.0,0.171,0.249,0.3001,0.0,0.1195,0.0,0.0,0.0,0.0,0.0,0.0006,0.0
207,2015-07-22 00:00:00,Biale Sosnowickie,Evanthia Mantzouki,51.53272222,23.0425,154.0,3.0,1.3,0.23,0.7,,24.0,23.95,210.0,1800.0,0.013,0.05,11.613,119.585,25.539,10.377,0.0,2.145,0.0,1.553,0.0,0.0,0.0,0.0,0.0,0.066,0.0,2.017,0.0372,0.4328,0.0,0.0,0.0,0.0,0.0027,0.0067
208,2015-08-03 00:00:00,Bninskie,Evanthia Mantzouki,52.20016667,17.11708333,66.0,9.0,4.2,0.97,6.5,0.25,23.3,20.46,40.0,400.0,,0.05,15.016,31.736,4.872,3.829,0.603,0.0,0.0,1.177,3.127,1.907,0.0,0.0,0.531,0.0,0.0,0.0,0.0,0.0,0.0,0.0,0.0,0.0,0.0072,0.0
209,2015-08-02 00:00:00,Bukowieckie Dute,Evanthia Mantzouki,52.400966,15.620132,59.0,4.0,1.9,1.7,5.0,6.33,22.9,21.42,20.0,700.0,0.007,0.04,15.267,5.462,0.924,0.703,0.0,0.497,0.0,0.0,0.0,0.0,0.0,0.0,0.0,0.006,0.0218,0.0281,0.0028,0.048,0.0,0.0,0.0,0.0,0.0,0.0
210,2015-08-02 00:00:00,Bukowieckie Mate,Evanthia Mantzouki,52.381964,15.603918,59.0,4.0,1.9,1.2,2.5,3.75,22.9,22.33,20.0,1700.0,0.022,0.12,15.618,12.399,1.797,2.054,0.0,1.027,0.0,0.0,0.0,0.484,0.0,0.0,0.0,0.002,0.0261,0.0258,0.0028,0.0344,0.0,0.0,0.0,0.0,0.0,0.0
211,2015-08-12 00:00:00,Buszewskie,Evanthia Mantzouki,52.54277778,16.37722222,90.0,14.0,4.8,0.5,8.0,5.39,27.8,18.52,,1800.0,0.021,0.68,17.573,8.298,0.79,0.932,0.0,0.0,0.0,0.0,0.0,0.0,0.0,0.0,0.0,0.533,0.5467,0.0,0.4834,0.0133,0.0,0.0,0.0,0.0,0.0375,0.0014
212,2015-08-27 00:00:00,Czarne,Evanthia Mantzouki,53.78222222,20.45444444,104.0,7.0,2.7,1.8,6.0,4.13,21.37,17.11,60.0,800.0,,0.68,57.826,49.465,10.458,7.382,0.0,0.0,0.0,2.153,1.88,4.738,0.0,0.0,0.853,0.0,0.0,0.0,0.0,0.0,0.0,0.0,0.0,0.0,0.0063,0.0022
213,2015-08-11 00:00:00,Czerniakowskie,Evanthia Mantzouki,52.19305556,21.07138889,82.0,5.0,2.0,0.5,3.5,2.33,26.8,24.81,30.0,2900.0,0.005,0.3,19.804,30.095,5.433,0.901,0.0,0.0,0.0,0.277,0.0,0.537,0.0,0.0,0.0,0.007,0.0,0.1036,0.0,0.0427,0.0,0.0,0.0,0.0,0.082,0.0975
214,2015-08-04 00:00:00,Debno,Evanthia Mantzouki,52.29361111,16.69880556,77.0,16.0,5.5,3.2,9.0,8.11,25.2,19.51,30.0,700.0,,0.04,14.124,3.495,0.0,0.337,0.0,0.0,0.0,0.0,0.0,0.0,0.0,0.0,0.0,0.002,0.2503,0.0,0.0229,0.0,0.0,0.0,0.0,0.0,0.021,0.0
215,2015-08-26 00:00:00,Dlugie,Evanthia Mantzouki,53.78611111,20.46111111,103.0,17.0,5.3,2.5,8.0,5.56,21.63,16.94,,200.0,,0.03,,13.873,0.63,1.56,0.0,0.0,0.0,0.73,0.0,0.245,0.0,0.0,0.0,0.002,0.0,0.0,0.0028,0.0042,0.0,0.0,0.0,0.0,0.0206,0.0
216,2015-08-10 00:00:00,Dziekanowskie,Evanthia Mantzouki,52.36722222,20.84694444,75.0,10.0,,0.8,4.0,2.32,27.0,24.58,20.0,1100.0,0.017,0.07,13.133,32.249,1.216,0.0,5.802,0.0,0.0,0.608,17.119,11.152,0.0,0.0,0.0,0.0,0.0,0.0,0.0,0.0,0.0,0.0,0.0,0.0,0.0,0.0021
217,2015-07-24 00:00:00,Goreckie,Evanthia Mantzouki,52.26575,16.79672222,66.0,17.0,9.0,1.5,8.0,7.58,23.7,20.16,20.0,1500.0,,0.04,15.375,5.481,0.0,0.642,0.0,0.0,0.0,0.0,0.0,0.0,0.0,0.0,0.0,0.032,0.3023,0.0,0.2529,0.0,0.0,0.0,0.0,0.0,0.3144,0.0
218,2015-08-02 00:00:00,Grylewskie,Evanthia Mantzouki,52.88611111,17.25222222,80.0,7.0,3.6,1.2,5.0,6.31,22.7,21.35,40.0,2000.0,0.019,0.32,12.45,,,,,0.548,0.0,0.311,0.0,0.491,0.0,0.0,0.0,0.014,0.0253,0.0649,0.0028,0.0642,0.0,0.0,0.0,0.0,0.0,0.0097
219,2015-08-12 00:00:00,Ilinskie,Evanthia Mantzouki,53.79708611,19.84148611,100.0,27.0,8.6,0.65,9.5,9.67,25.7,18.72,160.0,700.0,0.01,0.05,7.232,6.539,0.0,0.323,0.0,0.0,0.0,0.0,0.366,0.208,0.0,0.0,0.0,0.004,0.3317,0.046,0.0452,0.0214,0.0,0.0,0.0,,0.39,0.0072
220,2015-07-22 00:00:00,Jaroslawieckie,Evanthia Mantzouki,52.28502778,16.79886111,76.0,7.0,3.68,1.7,6.0,4.66,24.6,21.99,,800.0,0.015,0.05,15.099,11.046,2.245,0.0,0.0,0.0,0.0,0.0,0.0,0.0,0.0,0.0,0.0,0.01,0.0,0.0302,0.0028,0.0638,0.0,0.0,0.0,0.0,0.0,0.0
221,2015-08-08 00:00:00,Jeziorsko Reservoir,Evanthia Mantzouki,51.84967528,18.69479017,,,5.2,1.9,6.0,2.23,29.4,24.2,,,,,,0.148,0.0,0.0,0.0,0.0,0.0,0.0,0.0,0.871,0.0,0.0,0.0,0.0,0.0,0.0,0.0,0.0,0.0,0.0,0.0,0.0,0.0,0.0
222,2015-07-22 00:00:00,Kamedut,Evanthia Mantzouki,54.26666667,22.86581667,161.0,25.0,6.8,2.5,6.0,4.43,21.3,19.08,,,0.015,0.02,10.587,0.799,0.0,0.0,0.0,0.0,0.0,0.0,0.0,0.0,0.0,0.0,0.0,,,,,,,,,,,
223,2015-08-10 00:00:00,Kielpinskie,Evanthia Mantzouki,52.36166667,20.87583333,76.0,6.0,4.0,1.3,3.5,2.13,25.6,24.17,40.0,400.0,0.051,0.06,9.038,21.159,1.937,0.434,0.0,0.551,0.0,0.243,0.0,4.287,0.0,0.0,0.0,0.002,0.0,0.0,0.0,0.0,0.0,0.0,0.0,0.0,0.0,0.0
224,2015-08-12 00:00:00,Kierskie Male,Evanthia Mantzouki,52.4875,16.78722222,72.0,2.5,1.0,0.5,1.5,0.76,28.7,27.48,,1000.0,,0.04,17.167,10.454,8.697,13.131,1.042,0.574,0.0,0.891,0.499,0.0,0.0,0.0,0.0,0.002,0.0,0.0729,0.0028,0.0252,0.0,0.0,0.0,0.0,0.214,0.0
225,2015-08-25 00:00:00,Kortowskie,Evanthia Mantzouki,53.761444,20.445607,103.0,17.0,5.9,1.2,7.0,6.02,20.85,18.92,,600.0,,0.17,11.779,25.049,0.913,1.966,0.0,0.0,0.0,0.0,0.0,0.0,0.0,0.0,0.0,0.002,0.3523,0.0,0.0251,0.0,0.0,0.0,0.0,0.0,0.536,0.0317
226,2015-08-03 00:00:00,Kornickie,Evanthia Mantzouki,52.25041667,17.08033333,65.0,6.0,2.6,0.55,3.0,0.25,23.07,21.93,,600.0,,0.04,18.414,44.045,11.233,6.084,0.0,0.867,0.0,1.133,0.0,0.868,0.0,0.0,0.0,0.006,0.1226,0.0821,0.0194,0.0399,0.0,0.0,0.0,0.0,0.0058,0.0
227,2015-08-26 00:00:00,Lednica,Evanthia Mantzouki,52.52302778,17.37905556,110.0,15.0,,2.9,10.0,9.3,21.3,19.57,20.0,800.0,0.012,0.04,13.227,5.818,0.0,0.734,0.0,0.0,0.0,0.148,0.0,0.0,0.0,0.0,0.0,0.0,0.0,0.0,0.0,0.0,0.0,0.0,0.0,0.0,0.0,0.0
228,2015-08-02 00:00:00,Leknenskie,Evanthia Mantzouki,52.842467,17.292447,,,,0.2,2.5,2.46,21.2,20.67,140.0,3100.0,0.008,0.04,21.501,520.563,0.0,28.562,11.427,0.0,0.0,1.178,0.0,0.0,0.0,0.0,0.0,5.05,12.5029,0.0,4.0492,0.0,0.0,0.0,0.0,0.0,0.0,0.0
229,2015-08-04 00:00:00,Lodzko Dymaczewskie,Evanthia Mantzouki,52.24905556,16.75191667,65.0,12.0,5.3,0.75,8.0,7.35,24.2,20.89,30.0,700.0,,0.08,13.06,77.276,1.94,1.252,0.0,0.0,0.0,0.0,1.238,0.693,0.0,0.0,0.0,1.266,6.2518,0.0,1.0764,0.0429,0.0,0.0,0.0,0.0,0.0355,0.0675
230,2015-08-12 00:00:00,Lubosinskie,Evanthia Mantzouki,52.52777778,16.3825,,,2.6,0.5,1.5,1.75,27.5,25.63,40.0,2300.0,,0.05,13.192,11.848,0.929,2.496,0.0,0.7,0.0,0.0,0.0,0.0,0.0,0.0,0.0,0.855,4.7671,0.0,1.1346,0.0466,0.0,0.0,0.0,0.0,0.0069,0.0055
231,2015-08-31 00:00:00,Lusowskie,Evanthia Mantzouki,52.42986667,16.65826667,78.0,20.0,8.6,2.7,10.0,9.54,23.07,19.68,70.0,500.0,,0.04,15.736,5.472,0.0,1.064,0.0,0.0,0.0,0.139,0.0,0.0,0.0,0.0,0.0,0.0,0.0,0.0,0.0,0.0,0.0,0.0,0.0,0.0,0.0101,0.0
232,2015-08-25 00:00:00,Majcz,Evanthia Mantzouki,53.77388889,21.46,125.0,16.0,6.0,5.2,7.0,6.48,21.3,20.6,60.0,600.0,,,5.268,4.963,0.314,0.311,0.0,0.226,0.0,0.063,0.0,0.09,0.0,0.0,0.0,0.002,0.0304,0.0,0.0025,0.0051,0.0,0.0,0.0,0.0,0.0,0.0
233,2015-07-28 00:00:00,Maltanski Reservoir,Evanthia Mantzouki,52.401944,16.970556,,5.0,3.13,0.95,3.0,,20.1,20.1,60.0,400.0,,0.02,16.825,67.181,9.833,0.0,1.518,0.966,0.0,1.556,5.229,5.431,0.0,0.0,0.623,0.002,0.0,0.0,0.0,0.0042,0.0,0.0,0.0,0.0,0.0012,0.0078
234,2015-08-26 00:00:00,Mikolajskie,Evanthia Mantzouki,53.78194444,21.59222222,,25.9,11.0,1.35,7.5,10.27,21.1,20.47,70.0,800.0,0.016,,6.277,24.237,0.0,0.405,1.057,0.242,0.0,0.183,2.087,1.341,0.0,0.0,0.0,0.079,0.1764,0.0,0.0618,0.0,0.0,0.0,0.0,0.0,1.158,0.0675
235,2015-08-06 00:00:00,Nidzkie,Evanthia Mantzouki,53.57555556,21.54888889,119.0,24.0,6.2,0.8,10.0,10.7,23.8,19.06,80.0,700.0,0.012,,6.111,32.488,0.992,0.915,0.0,0.0,0.0,0.0,0.527,0.278,0.0,0.0,0.0,1.407,2.4491,0.0,1.33,0.0369,0.0,0.0,0.0,0.0,0.0572,0.0
236,2015-08-28 00:00:00,Niepruszewskie,Evanthia Mantzouki,52.38363333,16.61503333,76.0,5.0,3.1,0.55,5.0,,21.31,21.04,50.0,1000.0,,0.02,23.966,26.028,1.819,3.184,0.0,0.655,0.0,0.45,0.0,0.462,0.0,0.0,0.0,0.002,0.0,0.0913,0.0028,0.1171,0.0,0.0,0.0,0.0,0.0,0.0
237,2015-08-12 00:00:00,Pniewskie,Evanthia Mantzouki,52.51138889,16.24083333,116.0,2.0,1.3,0.6,1.5,1.38,27.5,26.63,20.0,800.0,0.008,0.04,9.791,5.667,0.721,5.734,3.873,1.457,0.0,0.588,0.0,0.0,0.0,0.0,0.0,0.021,0.0,0.1674,0.0028,0.0895,0.0,0.0,0.0,0.0,0.0038,0.0
238,2015-08-26 00:00:00,Podkowka,Evanthia Mantzouki,53.804962,20.450855,,,,2.0,4.0,1.27,21.12,20.6,,300.0,,0.1,5.969,21.358,1.826,0.881,0.0,0.528,0.0,0.978,0.0,0.508,0.0,0.0,0.0,0.0,0.0,0.0,0.0,0.0,0.0,0.0,0.0,0.0,0.0,0.0
239,2015-08-11 00:00:00,Podkamycze_1,Evanthia Mantzouki,50.08638889,19.83377778,131.0,6.0,2.85,2.9,2.9,,26.99,23.71,30.0,3100.0,1.081,0.2,20.623,23.786,1.507,0.0,0.244,0.0,0.0,0.226,0.0,0.0,0.0,0.0,1.099,0.0,0.0,0.0,0.0,0.0,0.0,0.0,0.0,0.0,0.0,0.0
240,2015-08-11 00:00:00,Podkamycze_2,Evanthia Mantzouki,50.08322222,19.83483333,209.0,3.0,2.5,2.1,2.0,,24.9,22.92,40.0,1100.0,0.107,0.21,12.521,34.276,2.378,3.347,0.546,0.0,0.0,2.433,0.0,2.343,0.0,0.0,0.0,0.108,0.0604,1.0054,0.0523,1.2578,,0.0,0.0,0.0,0.0,0.0
241,2015-08-11 00:00:00,Powsinkowskie,Evanthia Mantzouki,52.15861111,21.09833333,82.0,2.0,1.5,1.75,2.0,1.25,24.1,23.83,,500.0,0.01,0.06,16.446,5.017,0.921,0.74,0.0,0.0,0.0,0.3,0.0,0.0,0.0,0.0,0.0,0.0,0.0,0.0,0.0,0.0,0.0,0.0,0.0,0.0,0.0,0.0
242,2015-08-05 00:00:00,Probarskie,Evanthia Mantzouki,53.82322222,21.37822222,180.0,31.0,9.2,1.8,8.5,9.33,22.38,19.06,90.0,700.0,0.022,,,5.216,0.311,2.152,0.0,0.0,0.0,0.0,0.0,0.0,0.0,0.0,0.0,0.0,0.0,0.0,0.0,0.0,0.0,0.0,0.0,0.0,0.0008,0.0
243,2015-07-30 00:00:00,Raczynskie,Evanthia Mantzouki,52.143176,17.165351,69.0,6.0,2.7,0.35,4.5,,20.65,20.61,,,,0.02,16.499,177.172,5.432,3.715,0.0,0.0,0.0,0.724,0.0,0.0,0.0,0.0,0.0,0.56,4.8423,0.4708,0.805,0.2531,0.0,0.0,0.0,0.0,0.0,1.415
244,2015-08-26 00:00:00,Redykajny,Evanthia Mantzouki,53.81527778,20.41777778,102.0,21.0,8.0,2.3,8.0,7.56,21.14,17.56,,500.0,,0.04,,7.208,0.383,0.754,0.0,0.0,0.0,0.0,0.0,0.0,0.0,0.0,0.0,0.0,0.0437,0.0,0.0061,0.0,0.0,0.0,0.0,0.0,0.0,0.0
245,2015-08-02 00:00:00,Rogozinskie,Evanthia Mantzouki,52.750756,17.007086,70.0,6.0,3.0,0.5,4.5,4.73,24.1,22.86,80.0,2400.0,0.015,0.04,14.648,99.435,2.259,4.871,1.602,0.0,0.0,0.676,0.401,0.449,0.0,0.0,0.0,1.385,4.1723,0.0,1.9524,0.0,0.0,0.0,0.0,0.0,0.0,0.0
246,2015-08-06 00:00:00,Ros,Evanthia Mantzouki,53.67,21.91861111,119.0,32.0,8.1,1.9,12.0,13.12,23.77,18.06,100.0,600.0,0.022,,6.512,15.022,0.755,0.497,0.0,0.997,0.0,0.0,0.0,0.464,0.0,0.0,0.0,0.0,0.0,0.0,0.0,0.0,0.0,0.0,0.0,0.0,0.1124,0.0026
247,2015-08-14 00:00:00,Rusalka,Evanthia Mantzouki,52.42469444,16.88380556,69.0,9.0,1.9,0.65,2.5,2.41,26.7,25.9,70.0,400.0,,0.02,13.329,75.042,21.827,8.537,0.0,0.0,0.0,1.198,1.9,1.355,0.0,0.0,0.0,0.022,0.0,0.1442,0.0083,0.1052,0.0,0.0,0.0,0.0,0.0,0.0
248,2015-08-12 00:00:00,Ruda Woda,Evanthia Mantzouki,53.89399167,19.75711667,100.0,28.0,10.0,0.55,6.0,5.47,25.0,22.34,,500.0,0.006,0.02,4.283,38.329,1.105,0.0,3.048,0.0,0.0,0.505,12.361,8.501,0.0,0.0,0.0,0.002,0.0,0.0636,0.0057,0.085,0.0,0.0,0.0,0.0,0.3616,0.0261
249,2015-08-05 00:00:00,Rynskie,Evanthia Mantzouki,53.90972222,21.48916667,119.0,51.0,10.5,0.9,8.5,8.7,23.4,18.07,70.0,700.0,0.009,,6.008,13.274,0.744,0.364,0.21,0.293,0.0,0.0,1.077,0.944,0.0,0.0,0.0,0.05,0.1629,0.0,0.0438,0.0,0.0,0.0,0.0,0.0,0.2468,0.0
250,2015-07-21 00:00:00,Siemianowka,Evanthia Mantzouki,52.93980556,23.758375,140.0,10.0,2.5,0.35,5.0,,21.8,21.32,,1300.0,,0.04,13.707,209.498,5.932,5.585,1.163,0.0,0.0,0.0,0.0,0.0,0.0,0.0,0.0,,,,,,,,,,,
251,2015-08-27 00:00:00,Skanda,Evanthia Mantzouki,53.75666667,20.53055556,121.0,12.0,5.8,1.5,7.0,4.32,20.78,17.38,40.0,1200.0,,0.93,30.067,30.247,2.961,2.383,0.0,0.0,0.0,0.0,0.0,0.0,0.0,0.0,0.0,0.61,1.7397,0.0,0.2756,0.0,0.0,0.0,0.0,0.0,0.0,0.0
252,2015-08-25 00:00:00,Starodworskie,Evanthia Mantzouki,53.74805556,20.45361111,111.0,23.0,9.0,2.2,7.0,4.53,21.32,16.92,,600.0,,0.12,,16.22,0.785,1.951,0.0,0.0,0.0,1.016,0.0,0.266,0.0,0.0,0.0,,,,,,,,,,,
253,2015-08-29 00:00:00,Strzeszynskie,Evanthia Mantzouki,52.46005,16.82425,77.0,18.0,8.0,3.15,8.5,5.34,21.7,18.92,,300.0,,0.02,42.126,22.125,5.816,2.31,0.0,0.0,0.0,0.513,0.0,0.584,0.0,0.0,0.0,0.0,0.0,0.0,0.0,0.0,0.0,0.0,0.0,0.0,0.0,0.0
254,2015-08-14 00:00:00,Strykowskie,Evanthia Mantzouki,52.24505556,16.59961111,74.0,8.0,4.5,0.78,5.0,4.26,25.1,23.25,,600.0,,0.06,17.8,32.718,5.617,2.093,0.0,0.0,0.0,0.453,0.0,0.758,0.0,0.0,0.0,0.0,0.0,0.0,0.0028,0.0132,0.0,0.0,0.0,0.0,0.0043,0.0
255,2015-08-08 00:00:00,Sulejow,Evanthia Mantzouki,51.45786217,19.97830228,,11.0,3.3,1.15,7.0,2.47,28.3,23.69,,,,,,38.2,1.175,0.0,0.0,0.0,0.0,0.0,0.0,0.0,0.0,0.0,1.627,0.031,0.0,0.3286,0.0103,0.1962,0.0,0.0,0.0,0.0,0.4045,0.0
256,2015-07-16 00:00:00,Sumin,Evanthia Mantzouki,51.37144444,23.14966667,,6.0,1.5,0.9,1.2,,21.0,21.0,,4600.0,,0.07,28.691,10.011,1.064,1.327,0.0,0.722,0.0,0.0,0.0,0.32,0.0,0.0,0.0,0.009,0.0,0.1374,0.0072,0.0397,0.0,0.0,0.0,,0.0,0.0
257,2015-08-03 00:00:00,Swarzndzkie,Evanthia Mantzouki,52.413611,17.065,70.0,7.0,2.6,0.85,3.0,3.41,22.85,22.37,60.0,1100.0,,0.83,33.009,61.524,10.612,3.009,0.521,0.0,0.0,0.71,3.441,2.423,0.0,0.0,0.0,0.0,0.0,0.0,0.0028,0.0,0.0,0.0,0.0,0.0,0.0,0.0063
258,2015-07-16 00:00:00,Syczynskie,Evanthia Mantzouki,51.28755556,23.23813889,174.0,3.0,1.6,0.16,0.9,,21.22,21.07,510.0,2300.0,,0.04,16.772,312.215,1.808,53.525,0.0,0.0,0.0,4.218,0.407,1.418,0.0,0.0,0.0,0.104,14.8923,0.5807,1.6059,0.0,0.0,0.0,0.0,0.0,0.0044,0.0022
259,2015-07-24 00:00:00,Szurpily,Evanthia Mantzouki,54.22928611,22.8975,182.0,47.0,10.0,2.9,7.0,5.42,20.0,17.82,,400.0,0.007,0.02,4.135,2.141,0.0,0.0,0.0,0.23,0.0,0.0,0.0,0.101,0.0,0.0,0.0,,,,,,,,,,,
260,2015-07-22 00:00:00,Tomaszne,Evanthia Mantzouki,51.46658333,23.00238889,162.0,3.0,2.4,0.4,3.3,2.74,23.5,23.2,170.0,900.0,0.008,0.03,6.215,57.397,2.716,0.683,0.0,0.924,0.0,0.78,1.795,1.734,0.0,0.0,0.0,0.061,3.5556,0.3153,0.2266,0.0716,0.0,0.0,0.0,0.0,2.0067,0.007
261,2015-08-27 00:00:00,Track,Evanthia Mantzouki,53.78916667,20.54,124.0,4.0,2.1,0.8,3.0,,20.52,20.38,50.0,800.0,,0.04,,92.372,6.393,7.329,0.0,2.619,0.0,1.281,1.734,2.585,0.0,0.0,1.004,0.007,0.0,0.0692,0.0028,0.0356,0.0,0.0,0.0,0.0,0.002,0.0099
262,2015-08-20 00:00:00,Tyniec_1,Evanthia Mantzouki,50.02986111,19.82761111,201.0,3.0,2.5,2.5,2.5,,22.8,22.31,90.0,2000.0,0.053,0.21,16.935,27.269,4.36,0.784,0.281,0.0,0.0,0.599,1.209,1.114,0.0,0.0,0.216,0.046,0.0,0.0,0.0068,0.1594,0.0,0.0,0.0,0.0,0.0,0.0118
263,2015-08-20 00:00:00,Tyniec_2,Evanthia Mantzouki,50.02447222,19.81325,201.0,2.0,1.6,1.5,1.5,,22.03,21.69,60.0,1300.0,0.024,0.26,10.26,50.481,6.4,1.862,0.0,0.0,0.0,0.665,0.0,0.275,0.0,0.0,0.387,1.012,0.0859,2.7337,0.0871,3.968,0.0,0.0,0.0,0.0,0.0,0.0804
264,2015-09-01 00:00:00,Tyrsko,Evanthia Mantzouki,53.80472222,20.42305556,109.0,30.0,9.6,3.8,8.0,9.11,22.36,20.78,,300.0,0.029,0.28,17.826,7.196,1.18,0.951,0.0,0.0,0.0,0.0,0.0,0.0,0.0,0.0,0.0,0.0,0.0276,0.0,0.0028,0.0,0.0,0.0,0.0,0.0,0.0,0.0
265,2015-08-31 00:00:00,Ukiel_1,Evanthia Mantzouki,53.77916667,20.43083333,106.0,20.0,7.0,3.8,9.0,,20.92,18.91,,600.0,,0.13,8.561,17.848,1.155,0.46,0.0,0.886,0.0,0.0,0.0,0.381,0.0,0.0,0.456,0.002,0.0598,0.028,0.0095,0.0,0.0,0.0,0.0,0.0,0.1972,0.0
266,2015-08-31 00:00:00,Ukiel_2,Evanthia Mantzouki,53.78638889,20.42916667,106.0,41.0,12.7,3.3,10.0,,21.42,17.81,80.0,400.0,,0.05,9.631,6.55,0.59,0.0,0.0,0.0,0.0,0.0,0.0,0.0,0.0,0.0,0.0,0.002,0.2945,0.0,0.0217,0.0042,0.0,0.0,0.0,0.0,0.0322,0.003
267,2015-08-31 00:00:00,Ukiel_3,Evanthia Mantzouki,53.78444444,20.41722222,106.0,32.0,10.1,3.7,8.0,,21.52,19.64,,300.0,,0.03,8.425,9.792,0.433,0.64,0.0,0.0,0.0,0.26,0.0,0.0,0.0,0.0,0.0,0.0,0.4741,0.0,0.0245,0.0,0.0,0.0,0.0,0.0,0.2188,0.0
268,2015-08-31 00:00:00,Ukiel_4,Evanthia Mantzouki,53.79139,20.414779,106.0,43.0,13.2,3.6,10.0,,22.0,18.33,,300.0,,0.08,11.898,7.277,0.159,0.0,0.0,0.0,0.0,0.0,0.0,0.0,0.0,0.0,0.0,0.0,0.0735,0.0,0.0028,0.0,0.0,0.0,0.0,0.0,0.009,0.0013
269,2015-07-17 00:00:00,Uzarzewskie,Evanthia Mantzouki,52.448056,17.133333,71.0,8.0,3.4,0.8,6.0,5.67,21.4,15.63,20.0,900.0,0.095,0.69,13.621,47.421,2.834,0.679,0.0,1.109,0.0,0.0,0.0,0.755,0.0,0.0,0.0,0.002,0.6235,0.0,0.0539,0.0,0.0,0.0,0.0,0.0,0.0,0.0028
270,2015-10-03 00:00:00,Wolnica,Evanthia Mantzouki,49.88228,20.0446111,266.0,5.0,3.5,2.9,3.0,,9.1,8.67,220.0,500.0,0.071,0.07,6.194,7.345,0.477,0.548,0.18,1.75,0.0,0.578,0.0,1.008,0.0,0.0,0.0,0.002,0.0,0.0,0.0,0.0047,0.0,0.0,0.0,0.0,0.0,0.0019
271,2015-07-17 00:00:00,Zemborzycki,Evanthia Mantzouki,51.18844444,22.52969444,179.0,4.0,,0.3,1.8,1.26,21.95,21.67,30.0,1300.0,0.005,0.03,13.942,49.891,8.105,5.289,0.0,0.0,0.0,2.086,0.0,7.328,0.0,0.0,0.0,0.002,0.0,0.0539,0.0028,0.0151,0.0,0.0,0.0,0.0,0.0,0.1081
272,2015-08-06 00:00:00,Azibo,Evanthia Mantzouki,41.57561111,-6.897638889,500.0,30.0,13.2,5.0,10.5,12.28,24.32,23.44,70.0,400.0,,0.03,3.83,0.899,0.186,0.369,0.0,0.0,0.0,0.0,0.0,0.0,0.0,0.0,0.0,0.0,0.0,0.0,0.0,0.0,0.0,0.0,0.0,0.0,0.0,0.0
273,2015-09-08 00:00:00,Azul,Evanthia Mantzouki,37.87288333,-25.76991667,260.0,29.0,11.1,3.35,15.5,14.25,22.29,21.35,70.0,1000.0,,0.02,,0.726,0.0,0.0,0.0,0.0,0.0,0.0,0.0,0.0,0.0,0.0,0.0,0.002,0.0,0.0426,0.0,0.0,0.0,0.0,0.0,0.0,0.0,0.0
274,2015-09-07 00:00:00,Furnas,Evanthia Mantzouki,37.758206,-25.332376,280.0,11.0,4.8,1.28,10.5,,21.53,21.51,50.0,2000.0,0.007,0.04,,8.327,1.631,0.556,0.0,0.0,0.0,0.0,0.0,0.0,0.0,0.0,0.0,0.002,0.0244,0.0179,0.0028,0.0042,,,,,0.0,0.0
275,2015-08-05 00:00:00,Gostei,Evanthia Mantzouki,41.78597222,-6.820972222,748.0,6.0,,2.5,5.5,,24.98,24.9,70.0,1500.0,0.006,0.04,4.959,0.623,0.099,0.419,0.0,0.0,0.0,0.0,0.0,0.0,0.0,0.0,0.0,0.0,0.0,0.0,0.0,0.0,0.0,0.0,0.0,0.0,0.0,0.0
276,2015-08-07 00:00:00,Miranda,Evanthia Mantzouki,41.49486111,-6.26925,600.0,80.0,,2.5,18.5,1.74,23.94,22.61,80.0,1200.0,0.192,0.17,9.173,5.338,1.816,0.662,0.0,0.0,0.0,0.075,0.0,0.146,0.0,0.0,0.0,0.0,0.0,0.0,0.0,0.0,0.0,0.0,0.0,0.0,0.0,0.0
277,2015-08-06 00:00:00,Peneireiro,Evanthia Mantzouki,41.29397222,-7.175222222,500.0,11.0,5.1,2.5,4.0,1.47,24.78,23.44,110.0,900.0,,0.05,5.088,41.598,0.447,0.0,0.668,0.0,0.0,0.0,0.0,0.0,0.0,0.0,0.0,0.002,0.0,0.0095,0.0,0.0,0.0,0.0,0.0,0.0,0.0,0.0
278,2015-09-10 00:00:00,Peixao,Evanthia Mantzouki,40.33604,-7.5926361,1670.0,4.0,,3.0,3.0,,15.21,15.03,60.0,1500.0,0.007,0.04,6.86,0.456,0.0,0.0,0.0,0.0,0.0,0.0,0.0,0.0,0.0,0.0,0.0,0.0,0.0,0.0,0.0,0.0,0.0,0.0,0.0,0.0,0.0,0.0
279,2015-09-09 00:00:00,Redonda,Evanthia Mantzouki,40.37035,-7.6236,1610.0,4.0,,1.84,3.0,,14.8,14.59,,2400.0,0.011,,6.345,2.241,0.0,0.0,0.0,0.0,0.0,0.206,0.0,0.0,0.0,0.0,0.0,0.0,0.0,0.0,0.0,0.0,0.0,0.0,0.0,0.0,0.0,0.0
280,2015-08-08 00:00:00,Serra Serrada,Evanthia Mantzouki,41.96166667,-6.772,1200.0,18.0,7.0,2.5,9.0,9.12,20.41,19.91,90.0,900.0,,0.04,5.055,3.078,0.81,0.0,0.0,0.0,0.0,0.0,0.0,0.0,0.0,0.0,0.0,0.0,0.0,0.0,0.0,0.0,0.0,0.0,0.0,0.0,0.0,0.0
281,2015-09-08 00:00:00,Lagoa Verde,Evanthia Mantzouki,37.8428,-25.78891667,260.0,23.0,9.3,1.95,9.5,10.13,21.17,20.71,20.0,800.0,0.005,0.03,,5.868,2.403,0.699,0.0,0.0,0.0,0.0,0.0,0.0,0.0,0.0,0.0,0.002,0.0,0.0609,0.0,0.0042,0.0,0.0,0.0,0.0,0.0,0.0
282,2015-08-19 00:00:00,Ladoga,Evanthia Mantzouki,60.36027778,30.88777778,5.0,240.0,51.0,3.1,17.5,15.47,18.09,16.58,,,,,,,,,,,,,,,,,,0.002,0.0,0.0,0.0028,0.0068,0.0,0.0,0.0,0.0,,
283,2015-08-06 00:00:00,Sestroretskij Razliv,Evanthia Mantzouki,60.08472222,30.0,9.0,6.0,1.6,0.5,1.5,,20.5,20.47,,,,,,,,,,,,,,,,,,0.035,0.0,0.9116,0.0306,0.23,0.0,0.0,0.0,0.0,,
284,2015-08-06 00:00:00,Suzdal,Evanthia Mantzouki,60.0425,30.305,20.0,11.0,5.5,0.5,1.5,,20.5,20.47,,,,,,,,,,,,,,,,,,0.065,1.7557,1.0357,0.1169,0.3395,0.0,0.0,0.0,0.0,,
285,2015-08-20 00:00:00,Malaren Ekoln,Evanthia Mantzouki,59.73298,17.547852,4.0,50.0,22.0,1.51,14.0,15.72,20.43,18.96,50.0,600.0,0.347,0.02,10.817,18.036,1.37,1.706,0.0,0.0,0.0,0.0,0.0,0.24,0.0,0.0,0.0,0.046,0.292,0.0,0.1287,0.0129,0.0,0.0,0.0,0.0,0.0036,0.0032
286,2015-08-19 00:00:00,Erken,Evanthia Mantzouki,59.84007,18.62512,11.0,21.0,9.0,4.89,13.0,19.06,19.66,18.96,70.0,500.0,0.017,0.03,12.248,4.471,0.0,0.0,0.0,0.0,0.0,0.216,0.0,0.195,0.0,0.0,0.0,0.002,0.0,0.0,0.0082,0.0,0.0,0.0,0.0,0.0,0.0,0.0
287,2015-07-22 00:00:00,Krankesjon,Evanthia Mantzouki,55.70019444,13.47836111,19.0,3.0,1.0,1.48,2.5,,19.27,19.24,10.0,1000.0,0.035,,,1.227,0.0,1.284,0.0,0.0,0.0,0.171,0.0,0.0,0.0,0.0,0.0,0.046,0.0,0.0,0.0115,0.4887,0.0,0.0,0.0,0.0,0.0,0.0
288,2015-07-10 00:00:00,Limmaren,Evanthia Mantzouki,59.73056667,18.73476667,4.0,8.0,4.6,1.18,7.0,6.78,18.91,18.86,50.0,900.0,0.005,0.15,8.909,28.663,0.0,0.0,0.0,0.611,0.0,0.259,0.0,0.547,0.0,0.0,0.0,0.099,0.0,0.6383,0.0369,0.6369,0.0,0.0,0.0,0.0,0.0,0.0028
289,2015-09-04 00:00:00,Lotsjon,Evanthia Mantzouki,59.86344444,17.94175,18.0,11.0,6.0,2.7,9.0,8.27,18.7,17.92,50.0,,0.013,0.05,5.646,13.795,1.028,0.601,0.0,0.483,0.0,0.507,0.0,0.546,0.0,0.0,0.0,0.005,0.0,0.0,0.0037,0.0042,0.0,0.0,0.0,0.0,0.0,0.0
290,2015-08-06 00:00:00,Eastern Ringsjon,Evanthia Mantzouki,55.86308333,13.54197222,54.0,18.0,5.6,1.03,10.5,4.76,18.94,18.37,30.0,700.0,,,,3.777,0.302,0.618,0.0,0.513,0.0,0.287,0.0,0.473,0.0,0.0,0.137,0.01,0.2342,0.1816,0.0515,0.0739,0.0,0.0,0.0,0.0,0.0,0.0016
291,2015-07-25 00:00:00,Sepond_1,Evanthia Mantzouki,55.77933333,13.3615,,,,0.79,0.5,,17.84,17.83,180.0,900.0,,0.02,10.051,4.703,4.728,3.175,0.0,0.0,0.0,0.0,0.0,0.0,0.0,0.0,1.153,0.0,0.0,0.0,0.0,0.0,0.0,0.0,0.0,0.0,0.0,0.0
292,2015-07-25 00:00:00,Sepond_2,Evanthia Mantzouki,55.73913889,13.20922222,,,,0.3,0.5,,17.73,17.73,110.0,800.0,,,4.784,67.972,16.056,13.631,0.0,1.37,0.0,0.0,0.0,0.797,0.0,0.0,0.994,0.0,0.0,0.0,0.0,0.0,0.0,0.0,0.0,0.0,0.0,0.0
293,2015-09-04 00:00:00,Strandsjon,Evanthia Mantzouki,59.87247222,17.17066667,52.0,4.0,1.7,1.13,1.5,,16.7,16.88,30.0,,0.034,0.08,14.06,14.815,1.236,0.553,0.0,0.476,0.0,0.0,0.0,0.0,0.0,0.0,0.0,0.002,0.0,0.0,0.0,0.0,0.0,0.0,0.0,0.0,0.0,0.0
294,2015-07-13 00:00:00,Vallentunasjon,Evanthia Mantzouki,59.50832,18.0448,10.0,5.0,3.0,0.59,4.0,,18.92,18.8,80.0,600.0,0.008,0.07,9.346,55.71,10.447,3.588,0.0,1.675,0.0,0.803,0.0,0.936,0.0,0.0,0.0,0.0,0.0,0.2124,0.0173,0.0984,0.0,0.0,0.0,0.0,0.0015,0.0
295,2015-09-04 00:00:00,Valloxen,Evanthia Mantzouki,59.73936111,17.84322222,15.0,9.0,3.8,0.7,5.0,,17.7,17.68,40.0,400.0,0.026,0.06,,101.54,6.557,6.964,1.525,2.517,0.0,0.588,0.0,1.504,0.0,0.0,0.864,4.921,0.0,0.0253,3.166,0.1614,0.0,0.0,0.0,0.0,0.2229,0.0
296,2015-08-05 00:00:00,Vombsjon,Evanthia Mantzouki,55.68172222,13.59277778,20.0,16.0,6.6,1.4,4.5,3.99,19.09,18.88,160.0,1100.0,0.352,0.01,,2.802,0.794,1.253,0.0,0.641,0.0,0.33,0.564,1.049,0.0,0.0,0.257,0.023,0.0,0.1928,0.0098,0.0794,0.0,0.0,0.0,0.0,0.0,0.0268
297,2015-08-06 00:00:00,Bled,Evanthia Mantzouki,46.36157778,14.08768333,475.0,30.0,17.9,7.0,12.0,11.62,24.17,20.06,160.0,,0.023,0.03,,4.173,0.308,0.378,0.0,0.0,0.0,0.141,0.0,0.09,0.0,0.0,0.088,0.0,0.0,0.0,0.0,0.0,0.0,0.0,0.0,0.0,0.0,0.0
298,2015-08-06 00:00:00,Gajsevsko,Evanthia Mantzouki,46.53325278,16.12036667,179.0,3.0,1.5,0.3,2.0,,23.9,23.32,170.0,600.0,0.012,0.12,17.175,23.505,6.917,5.007,0.0,0.0,0.0,0.0,0.0,0.0,0.0,0.0,0.0,0.0,0.0,0.0,0.0,0.0,0.0,0.0,0.0,0.0,0.0,0.0
299,2015-08-06 00:00:00,Ledavsko,Evanthia Mantzouki,46.74987778,16.040175,234.0,3.0,1.5,0.6,2.0,0.25,27.3,26.6,270.0,2000.0,0.012,0.09,8.928,18.665,5.401,3.901,0.0,0.0,0.0,1.101,0.0,0.677,0.0,0.0,0.0,0.002,0.0,0.0,0.0,0.0,0.0,0.0,0.0,0.0,0.0,0.0
300,2015-08-06 00:00:00,Pernica,Evanthia Mantzouki,46.58318611,15.73239444,248.0,3.0,1.5,0.2,2.0,,26.0,25.68,460.0,4000.0,0.029,0.15,24.731,414.646,21.625,6.362,5.163,12.833,0.0,7.655,0.0,8.846,0.0,0.0,0.0,0.002,0.0,0.0,0.0,0.0,0.0,0.0,0.0,0.0,0.0,0.0
301,2015-08-13 00:00:00,Kuchajda,Evanthia Mantzouki,48.17016667,17.14206667,126.0,5.0,,1.05,3.5,2.82,28.54,28.06,50.0,400.0,0.087,0.06,4.839,10.685,3.199,1.702,0.0,0.0,0.0,0.0,0.468,0.347,0.0,0.0,0.0,0.005,0.0,0.0629,0.0028,0.0541,0.0,0.0,0.0,0.0,0.0,0.0
302,2015-08-26 00:00:00,Malinec,Evanthia Mantzouki,48.52186667,19.66493333,347.0,55.0,,2.2,7.0,9.09,21.72,21.45,60.0,300.0,0.107,0.06,,3.598,1.251,0.718,0.0,0.0,0.0,0.078,0.0,0.074,0.0,0.0,0.144,0.007,0.0,0.0508,0.0024,0.0381,0.0,0.0,0.0,0.0,0.0,0.0
303,2015-08-18 00:00:00,Vinne,Evanthia Mantzouki,48.81695,21.98628333,250.0,4.0,3.0,0.45,2.5,2.69,25.96,25.81,20.0,200.0,0.012,0.02,41.714,32.78,2.834,3.932,0.32,1.249,0.0,1.089,0.325,0.732,0.0,0.0,0.0,0.002,0.0,0.1295,0.0028,0.0509,0.0,0.0,0.0,0.0,0.0015,0.0022
304,2015-08-18 00:00:00,Zemplinska,Evanthia Mantzouki,48.79675,22.02086667,115.0,14.0,9.5,0.55,5.0,4.75,25.98,25.72,20.0,200.0,0.019,0.03,50.475,43.095,0.648,0.0,0.0,2.874,0.0,0.0,1.199,0.947,0.0,0.0,3.311,0.002,0.0,0.0194,0.0,0.0078,0.0,0.0,0.0,0.0,0.0,0.0
305,2015-08-26 00:00:00,Abant,Evanthia Mantzouki,40.60005833,31.27861111,,,,4.5,7.5,7.25,22.11,21.41,,300.0,0.098,0.05,,1.713,0.035,0.0,0.0,0.347,0.0,0.0,0.18,0.187,0.0,0.0,0.042,0.0,0.0,0.0,0.0,0.0,0.0,0.0,0.0,0.0,0.0,0.0
306,2015-08-18 00:00:00,Acarlar,Evanthia Mantzouki,41.1199,30.490133,1.0,3.0,2.0,0.75,2.5,1.77,25.0,23.57,110.0,700.0,0.018,0.11,42.367,0.6,0.273,0.0,0.0,0.0,0.0,0.0,0.0,0.0,0.0,0.0,0.0,0.002,0.0,0.0,0.0,0.0,0.0,0.0,0.0,0.0,0.0,0.0
307,2015-09-02 00:00:00,Ak lake,Evanthia Mantzouki,41.28194444,36.93722222,,,,0.3,1.5,,25.6,25.55,20.0,300.0,0.014,0.06,37.124,,,,,,,,,,,,,0.002,0.0,0.0,0.0168,1.1479,0.0,0.0,0.0,0.0,0.0,0.0
308,2015-08-18 00:00:00,Akgol,Evanthia Mantzouki,36.29133333,33.96416667,0.0,1.0,0.8,0.29,0.8,,,,60.0,300.0,,0.03,71.81,3.36,0.0,1.212,0.0,0.0,0.0,0.0,0.0,0.0,0.0,0.0,0.0,0.0,0.0,0.0,0.0,0.0,0.0,0.0,0.0,0.0,0.0,0.0035
309,2015-08-21 00:00:00,Akyatan,Evanthia Mantzouki,36.58658333,35.31869444,0.0,1.0,,0.85,0.7,,32.86,32.86,140.0,300.0,0.027,0.35,242.639,1.376,0.0,0.55,0.0,0.0,0.0,0.0,0.0,0.0,0.0,0.0,0.0,0.0,0.0,0.0,0.0,0.0042,0.0,0.0,0.0,0.0,0.0,0.0
310,2015-09-01 00:00:00,Aladag,Evanthia Mantzouki,40.60611111,31.67638889,1345.0,6.0,,0.7,4.0,0.83,20.59,19.48,140.0,400.0,0.108,0.06,7.151,11.262,0.271,0.0,0.0,0.0,0.0,0.0,0.0,0.0,0.0,0.0,0.577,0.0,0.0,0.0311,0.0,0.0107,0.0,0.0,0.0,0.0,0.0,0.0013
311,2015-08-14 00:00:00,Buyuk Akgol,Evanthia Mantzouki,41.04777778,30.56472222,10.0,4.0,2.65,1.3,3.0,2.11,30.36,29.11,,600.0,,0.03,,0.49,0.159,0.0,0.0,1.323,0.0,0.0,0.0,0.402,0.0,0.0,0.0,0.0,0.0,0.0,0.0,0.0,0.0,0.0,0.0,0.0,0.0,0.0
312,2015-09-03 00:00:00,Balik,Evanthia Mantzouki,41.57916667,36.07722222,0.0,3.0,1.0,0.5,1.5,,27.3,27.15,,900.0,0.01,0.07,51.049,,,,,,,,,,,,,0.006,0.0,0.0966,0.0028,0.0267,0.0,0.0,0.0,0.0,0.0,0.0
313,2015-08-19 00:00:00,Berdan,Evanthia Mantzouki,36.98116667,34.879,58.0,40.0,,3.0,8.0,6.2,31.16,25.15,,,0.279,0.02,,1.439,0.314,0.247,0.0,0.0,0.0,0.0,0.0,0.0,0.0,0.0,0.0,0.0,0.0,0.0,0.0,0.0,0.0,0.0,0.0,0.0,0.0,0.0
314,2015-08-10 00:00:00,Beysehir_1,Evanthia Mantzouki,37.8302,31.4205,,,,0.99,6.0,,25.5,25.5,60.0,800.0,,0.09,,5.777,0.849,1.468,0.0,0.0,0.0,0.0,0.0,0.0,0.0,0.0,0.0,0.0,0.0,0.0,0.0,0.0,0.0,0.0,0.0,0.0,0.0,0.0
315,2015-08-10 00:00:00,Beysehir_2,Evanthia Mantzouki,37.66118333,31.63313333,,,,0.75,6.5,,26.4,26.4,20.0,500.0,,0.05,,3.833,0.264,0.946,0.0,0.0,0.0,0.0,0.0,0.0,0.0,0.0,0.0,0.0,0.0,0.0,0.0,0.0,0.0,0.0,0.0,0.0,0.0,0.0
316,2015-08-30 00:00:00,Borabay,Evanthia Mantzouki,40.803618,36.153587,1067.0,10.0,1.0,0.6,2.0,1.75,21.2,20.96,20.0,,0.019,0.03,7.135,,,,,,,,,,,,,0.0,0.0,0.0,0.0,0.0,0.0,0.0,0.0,0.0,0.0,0.0
317,2015-08-20 00:00:00,Catalan,Evanthia Mantzouki,37.21497222,35.31344444,113.0,36.0,,3.2,8.0,12.45,30.7,29.01,540.0,500.0,0.276,0.03,,0.155,0.0,0.0,0.0,0.0,0.0,0.0,0.0,0.0,0.0,0.0,0.0,0.0,0.0,0.0,0.0,0.0,0.0,0.0,0.0,0.0,0.0,0.0
318,2015-09-03 00:00:00,Cernek,Evanthia Mantzouki,41.63861111,36.06888889,0.0,2.0,1.0,0.15,1.5,,24.9,24.93,80.0,1500.0,,0.06,84.131,,,,,,,,,,,,,0.059,0.0,0.2744,0.0094,0.2406,0.0,0.0,0.0,0.0,0.0188,0.0
319,2015-08-11 00:00:00,Cubuk,Evanthia Mantzouki,40.48027778,30.83444444,,,,2.22,4.5,5.31,23.97,23.68,30.0,400.0,0.006,0.04,,0.108,0.0,0.0,0.0,0.0,0.0,0.0,0.49,0.531,0.0,0.0,0.0,0.0,0.0,0.0,0.0,0.0,0.0,0.0,0.0,0.0,0.0,0.0
320,2015-08-25 00:00:00,Caygoren,Evanthia Mantzouki,39.252586,28.232628,261.0,34.0,,1.5,16.0,20.46,26.2,24.16,250.0,800.0,,0.04,37.555,1.165,0.0,0.0,0.0,0.0,0.0,0.0,0.0,0.088,0.0,0.0,0.0,0.0,0.0,0.0,0.0,0.0,0.0,0.0,0.0,0.0,0.0,0.0
321,2015-08-13 00:00:00,Eber,Evanthia Mantzouki,38.6283,31.11801667,966.0,4.0,,0.4,2.5,,26.1,26.1,640.0,2300.0,0.04,0.78,254.174,831.5,47.896,29.952,0.0,94.521,0.0,9.468,0.0,0.0,0.0,0.0,0.0,0.002,0.0,0.0361,0.0,0.0125,0.0,0.0,0.0,0.0,0.0,0.0
322,2015-08-12 00:00:00,Egirdir_1,Evanthia Mantzouki,38.19378333,30.83833333,,,,2.7,8.5,,26.4,26.4,40.0,700.0,,0.11,,0.544,0.108,0.336,0.0,0.253,0.0,0.101,0.0,0.221,0.0,0.0,0.05,0.0,0.0,0.0058,0.0,0.0,0.0,0.0,0.0,0.0,0.0,0.0
323,2015-08-12 00:00:00,Egirdir_2,Evanthia Mantzouki,37.96123333,30.89731667,,,,1.9,10.0,,26.9,26.9,,600.0,,0.04,28.851,16.485,0.69,0.307,0.0,3.163,0.0,0.0,0.0,0.675,0.0,0.0,0.0,0.002,0.0,0.012,0.0,0.0083,0.0,0.0,0.0,0.0,0.0,0.0
324,2015-08-11 00:00:00,Eymir,Evanthia Mantzouki,39.82583333,32.8325,970.0,4.0,1.62,0.71,3.5,3.81,26.55,25.72,40.0,1100.0,0.007,0.05,28.774,2.597,0.0,0.875,0.0,0.0,0.0,0.0,0.0,0.0,0.11,0.0,0.942,0.013,0.0514,0.7075,0.0075,0.247,0.0,0.0,0.0,0.0,0.0,0.0
325,2015-09-03 00:00:00,Gici,Evanthia Mantzouki,41.57861111,36.05972222,0.0,1.0,,0.25,0.5,,27.0,27.05,20.0,600.0,0.023,0.04,35.763,,,,,,,,,,,,,0.002,0.0,0.0,0.0,0.0,0.0,0.0,0.0,0.0,0.0,0.0073
326,2015-09-02 00:00:00,Golcuk,Evanthia Mantzouki,40.65416667,31.62527778,1212.0,6.0,,1.75,4.0,3.25,22.82,21.57,130.0,400.0,0.1,0.06,11.225,10.719,0.75,1.501,0.0,0.0,0.0,0.26,0.0,0.0,0.0,0.0,0.0,0.0,0.0,0.0,0.0,0.0,0.0,0.0,0.0,0.0,0.0,0.0
327,2015-08-11 00:00:00,Golhisar,Evanthia Mantzouki,37.12083333,29.59811667,947.0,4.0,,0.93,3.5,,26.2,26.2,40.0,600.0,,0.09,22.079,13.201,1.322,3.607,0.0,0.344,0.0,0.0,0.0,0.0,0.0,0.0,0.0,0.002,0.0,0.0075,0.0028,0.0035,0.0,0.0,0.0,0.0,0.0,0.0
328,2015-09-01 00:00:00,Gumerdigin,Evanthia Mantzouki,40.45808333,33.26580556,1080.0,12.0,,2.75,8.0,8.75,21.06,20.18,70.0,300.0,,0.02,,9.806,0.72,0.538,0.965,0.276,0.0,0.228,1.55,1.157,0.0,0.0,0.0,0.0,0.0,0.0,0.0,0.0,0.0,0.0,0.0,0.0,0.0,0.0
329,2015-08-25 00:00:00,Ikizcetepeler,Evanthia Mantzouki,39.473607,27.929277,,47.0,,1.75,14.0,16.27,24.7,22.06,40.0,500.0,,0.05,53.275,3.626,0.701,0.16,0.0,0.342,0.0,0.0,0.17,0.244,0.0,0.0,0.0,0.0,0.0,0.0,0.0,0.0,0.0,0.0,0.0,0.0,0.0,0.0
330,2015-08-14 00:00:00,Kucuk Akgol,Evanthia Mantzouki,40.87833333,30.43194444,20.0,1.0,0.67,0.35,0.8,0.63,31.25,29.59,110.0,1400.0,,0.04,7.637,1.704,0.0,3.011,0.0,0.0,0.0,0.0,0.0,0.0,0.0,0.0,0.381,0.045,0.0,0.5276,0.0166,0.2324,0.0,0.0,0.0,0.0,0.0,0.0139
331,2015-09-01 00:00:00,Karaoren,Evanthia Mantzouki,40.50208333,33.23177778,1010.0,10.0,,1.9,4.5,6.95,20.71,19.66,200.0,200.0,,0.03,6.749,20.001,0.492,1.052,3.721,0.0,0.0,0.375,5.515,3.408,0.0,0.0,0.0,0.0,0.0,0.0,0.0,0.0,0.0,0.0,0.0,0.0,0.0,0.0
332,2015-08-21 00:00:00,Karacaoren_1,Evanthia Mantzouki,37.40211667,30.84833333,,,,2.16,20.0,,29.3,22.08,30.0,400.0,0.077,0.06,,5.086,0.973,0.958,0.0,0.127,0.0,0.148,0.0,0.0,0.0,0.0,0.0,0.0,0.0,0.0,0.0,0.0,0.0,0.0,0.0,0.0,0.0,0.0
333,2015-08-21 00:00:00,Karacaoren_2,Evanthia Mantzouki,37.30864722,30.81348056,,,,1.8,20.0,,25.8,15.7,60.0,600.0,0.246,0.17,,1.965,0.228,0.0,0.0,0.251,0.0,0.107,0.0,0.1,0.0,0.0,0.0,0.0,0.0,0.0,0.0,0.0,0.0,0.0,0.0,0.0,0.0,0.0
334,2015-08-06 00:00:00,Kovada,Evanthia Mantzouki,37.6231,30.87921667,906.0,5.0,,0.72,3.8,,25.1,25.1,80.0,800.0,,0.02,18.002,49.753,2.499,3.879,0.0,0.0,0.0,1.099,0.293,0.439,0.0,0.0,0.0,0.094,0.0446,1.0283,0.0523,1.3254,0.0,0.0,0.0,0.0,0.0,0.0
335,2015-09-02 00:00:00,Karadere,Evanthia Mantzouki,40.50197222,33.48494444,1000.0,10.0,,5.1,10.0,2.21,17.88,16.46,160.0,500.0,0.032,0.02,,0.828,0.0,0.267,0.0,0.0,0.0,0.0,0.263,0.167,0.0,0.0,0.0,0.0,0.0,0.0,0.0,0.0,0.0,0.0,0.0,0.0,0.0,0.0
336,2015-08-13 00:00:00,Karamik,Evanthia Mantzouki,38.43063333,30.85913333,1003.0,5.0,,2.0,2.5,,26.7,26.7,100.0,1200.0,,0.07,38.609,3.595,0.0,0.334,0.0,0.0,0.0,0.132,0.443,0.35,0.0,0.0,0.0,0.0,0.0,0.0,0.0,0.0,0.0,0.0,0.0,0.0,0.0,0.0
337,2015-08-07 00:00:00,Karatas,Evanthia Mantzouki,37.38566667,29.96963333,1054.0,5.0,2.0,0.5,4.14,,26.3,26.3,70.0,500.0,,0.11,,16.341,0.557,0.662,0.0,2.522,0.0,0.19,0.0,0.427,0.0,0.0,0.0,0.0,0.0,0.0,0.0,0.0,0.0,0.0,0.0,0.0,0.0,0.0
338,2015-09-05 00:00:00,Kuzgun,Evanthia Mantzouki,40.196153,41.050553,,22.0,18.0,0.6,10.0,0.75,23.7,22.65,70.0,200.0,,0.02,6.108,1.274,0.0,0.0,0.0,0.0,0.0,0.0,0.0,0.0,0.0,0.0,0.0,,,,,,,,,,,
339,2015-08-30 00:00:00,Ladik,Evanthia Mantzouki,40.90722222,36.00861111,868.0,3.0,1.0,0.3,1.0,0.25,21.0,20.5,120.0,600.0,0.105,0.6,8.777,,,,,,,,,,,,,0.0,0.0,0.0,0.0,0.0,0.0,0.0,0.0,0.0,0.0,0.0
340,2015-09-03 00:00:00,Liman,Evanthia Mantzouki,41.69833333,36.01861111,0.0,3.0,,0.5,1.5,,25.0,24.9,,500.0,,0.02,86.988,,,,,,,,,,,,,0.006,0.0,0.0693,0.0024,0.033,0.0,0.0,0.0,0.0,0.0009,0.0
341,2015-08-11 00:00:00,Mogan,Evanthia Mantzouki,39.77888889,32.79611111,975.0,5.0,2.44,1.2,3.0,3.47,26.86,25.41,40.0,1300.0,0.007,0.05,21.525,7.762,0.715,2.707,0.41,1.041,0.0,0.611,0.528,1.606,0.0,0.0,0.0,0.0,0.0,0.0,0.0,0.0,0.0,0.0,0.0,0.0,0.0816,0.0037
342,2015-08-18 00:00:00,Mollakoy,Evanthia Mantzouki,40.688141,30.389838,40.0,11.0,5.6,2.5,4.0,2.9,28.6,24.38,20.0,500.0,0.005,0.08,13.883,0.48,0.137,0.0,0.0,0.0,0.0,0.0,0.0,0.0,0.0,0.0,0.0,0.0,0.0,0.0,0.0,0.0,0.0,0.0,0.0,0.0,0.0007,0.0
343,2015-09-04 00:00:00,Palandoken,Evanthia Mantzouki,39.67133333,41.02433333,,,,1.5,5.5,2.99,19.8,19.33,20.0,1400.0,,0.2,35.642,1.78,0.0,0.0,0.0,0.0,0.0,0.0,0.0,0.0,0.0,0.0,0.0,,,,,,,,,,,
344,2015-08-18 00:00:00,Paradeniz,Evanthia Mantzouki,36.30111,34.0111944,0.0,2.0,,1.03,1.0,,,,60.0,100.0,0.011,0.05,209.053,2.663,0.0,1.595,0.0,0.0,0.0,0.0,0.0,0.0,0.0,0.0,0.0,0.002,0.0,0.0,0.0,0.0,0.0,0.0,0.0,0.0,0.0,0.0
345,2015-08-13 00:00:00,Poyrazlar,Evanthia Mantzouki,40.83833333,30.46888889,36.0,5.0,2.0,3.76,3.5,4.25,29.28,28.57,50.0,900.0,,0.03,4.537,0.698,0.157,0.52,0.0,0.0,0.0,0.135,0.279,0.263,0.0,0.0,0.0,0.0,0.0,0.0,0.0,0.0,0.0,0.0,0.0,0.0,0.0,0.0
346,2015-09-02 00:00:00,Saraykoy,Evanthia Mantzouki,40.52980556,33.46688889,994.0,18.0,5.0,1.75,7.0,1.67,21.84,21.24,370.0,800.0,,0.02,14.854,5.175,0.652,0.733,0.662,0.196,0.0,0.256,1.108,0.921,0.112,0.0,0.112,0.0,0.0,0.0,0.0,0.0,0.0,0.0,0.0,0.0,0.0,0.0
347,2015-09-01 00:00:00,Sabanozu,Evanthia Mantzouki,40.52286111,33.26955556,1000.0,10.0,,2.4,6.0,6.92,21.48,20.38,180.0,400.0,,0.02,5.74,3.129,0.45,0.665,0.376,0.0,0.0,0.0,0.183,0.326,0.0,0.0,0.143,0.0,0.0,0.0,0.0,0.0,0.0,0.0,0.0,0.0,0.0,0.0
348,2015-09-02 00:00:00,Sera,Evanthia Mantzouki,40.98805556,39.61833333,75.0,25.0,,0.4,1.0,1.36,23.12,22.59,60.0,2800.0,2.193,0.08,20.867,,,,,,,,,,,,,0.0,0.0,0.0,0.0,0.0,0.0,0.0,0.0,0.0,0.0,0.0007
349,2015-08-20 00:00:00,Seyhan,Evanthia Mantzouki,37.05530556,35.33230556,30.0,31.0,,3.6,8.0,16.49,30.97,29.81,1030.0,400.0,0.291,0.02,2.809,0.896,0.0,0.0,0.0,0.0,0.0,0.0,0.0,0.0,0.0,0.0,0.0,0.002,0.0,0.0,0.0,0.0,0.0,0.0,0.0,0.0,0.0,0.0
350,2015-09-02 00:00:00,Seydi,Evanthia Mantzouki,40.57358333,33.46125,957.0,19.0,,3.0,8.5,8.82,22.6,22.14,100.0,400.0,,,,0.484,0.0,0.0,0.0,0.0,0.0,0.0,0.0,0.0,0.0,0.0,0.0,0.0,0.0,0.0,0.0,0.0,0.0,0.0,0.0,0.0,0.0,0.0
351,2015-09-02 00:00:00,Simenit,Evanthia Mantzouki,41.29777778,36.92805556,0.0,2.0,0.5,0.4,1.5,,25.3,25.1,,800.0,0.008,0.03,56.132,,,,,,,,,,,,,0.028,0.0,0.0,0.0376,1.916,0.0,0.0,0.0,0.0,,
352,2015-08-14 00:00:00,Sugla,Evanthia Mantzouki,37.32455556,31.99213889,1091.0,4.0,,0.99,4.3,,27.5,27.5,50.0,800.0,,0.05,,22.672,7.829,2.132,0.0,0.0,0.0,0.0,0.0,0.0,0.0,0.0,0.0,0.0,0.0,0.0,0.0,0.0,0.0,0.0,0.0,0.0,0.0,0.0
353,2015-08-13 00:00:00,Taskisigi,Evanthia Mantzouki,40.87055556,30.40111111,33.0,3.0,2.5,0.47,3.0,0.71,31.0,28.92,60.0,900.0,,0.03,5.249,5.6,0.0,3.447,3.498,0.0,0.0,0.423,0.602,0.35,0.0,0.0,1.186,0.075,0.0907,1.1464,0.0469,1.8176,0.0,0.0,0.0,0.0,0.0433,0.0
354,2015-09-03 00:00:00,Tatli,Evanthia Mantzouki,41.57222222,36.06583333,0.0,2.0,,0.3,1.0,,27.0,27.07,,400.0,,0.13,39.835,,,,,,,,,,,,,0.002,0.0,0.0,0.0,0.0,0.0,0.0,0.0,0.0,0.0,0.0111
355,2015-09-06 00:00:00,Tercan,Evanthia Mantzouki,39.75291667,40.40922222,,22.0,17.0,0.85,6.0,0.75,19.65,19.35,160.0,500.0,0.098,0.03,5.889,,,,,0.0,0.0,0.0,0.0,0.0,0.0,0.0,0.0,,,,,,,,,,,
356,2015-09-07 00:00:00,Tortum,Evanthia Mantzouki,40.64923333,41.64139722,,160.0,100.0,1.15,14.0,5.5,21.8,22.47,40.0,600.0,0.197,0.48,4.997,0.828,0.0,0.0,0.0,0.0,0.0,0.0,0.0,0.0,0.0,0.0,0.0,,,,,,,,,,,
357,2015-08-20 00:00:00,Uluabat,Evanthia Mantzouki,40.19072222,28.54881667,9.0,10.0,2.5,0.25,2.5,,27.5,27.5,50.0,1200.0,0.008,0.03,24.705,55.399,3.75,2.701,0.0,4.227,0.0,0.583,0.0,0.736,0.0,0.0,0.0,0.005,0.0,0.0623,0.0028,0.0466,0.0,0.0,0.0,0.0,0.0,0.0036
358,2015-08-20 00:00:00,Ulugol-Mesudiye,Evanthia Mantzouki,40.398611,37.833611,1200.0,,15.0,0.4,0.5,,25.9,25.95,,,,,,,,,,,,,,,,,,,,,,,,,,,,
359,2015-09-02 00:00:00,Uzungol,Evanthia Mantzouki,40.61916667,40.29361111,1250.0,10.0,,2.7,3.0,5.75,16.91,16.44,20.0,400.0,0.067,0.11,,,,,,,,,,,,,,0.0,0.0,0.0,0.0,0.0,0.0,0.0,0.0,0.0,0.0,0.0
360,2015-08-27 00:00:00,Yenicaga,Evanthia Mantzouki,40.77861111,32.02527778,,,,1.75,3.5,1.3,24.11,23.29,120.0,300.0,0.135,0.16,21.833,7.644,0.0,0.271,0.0,1.228,0.0,0.0,0.0,0.22,0.0,0.0,0.0,0.0,0.0,0.0,0.0028,0.0357,0.0,0.0,0.0,0.0,0.0,0.0
361,2015-08-20 00:00:00,Bassenthwaite,Evanthia Mantzouki,54.65444444,-3.219794444,68.0,21.0,,2.2,20.5,10.5,17.6,17.08,30.0,,0.096,,,1.34,0.316,0.0,0.0,0.0,0.0,0.0,0.0,0.0,0.0,0.0,0.0,0.0,0.0,0.0,0.0028,0.0,0.0,0.0,0.0,0.0,0.0,0.0
362,2015-08-17 00:00:00,Blelham,Evanthia Mantzouki,54.39690556,-2.978013889,47.0,15.0,6.8,1.5,14.0,7.65,18.4,13.41,,,0.001,,7.617,15.746,1.339,1.062,0.0,0.0,0.0,1.718,0.0,0.952,0.0,0.0,0.0,0.0,0.0,0.0,0.0028,0.0,0.0,0.0,0.0,0.0,0.0,0.0
363,2015-08-20 00:00:00,Derwent,Evanthia Mantzouki,54.576175,-3.135458333,75.0,22.0,5.5,3.6,20.0,17.6,17.7,16.04,10.0,,,,,0.708,0.114,0.0,0.0,0.0,0.0,0.0,0.0,0.0,0.0,0.0,0.0,0.0,0.0,0.0,0.0,0.0,0.0,0.0,0.0,0.0,0.0,0.0
364,2015-08-17 00:00:00,Erne,Evanthia Mantzouki,54.48544444,-7.843722222,46.0,66.0,12.0,2.8,7.0,,15.7,15.45,60.0,300.0,0.284,0.02,21.451,0.407,0.0,0.0,0.0,0.0,0.0,0.0,0.0,0.0,0.0,0.0,0.0,0.0,0.0,0.0,0.0,0.0,0.0,0.0,0.0,0.0,0.0,0.0
365,2015-08-17 00:00:00,Grasmere,Evanthia Mantzouki,54.44869167,-3.019344444,62.0,21.0,,2.75,5.0,8.67,16.8,15.7,130.0,400.0,0.063,,19.698,3.011,0.827,0.35,0.0,0.0,0.0,0.349,0.0,0.232,0.0,0.0,0.0,0.0,0.0,0.0,0.0,0.0,0.0,0.0,0.0,0.0,0.0,0.0
366,2015-08-24 00:00:00,Neagh,Evanthia Mantzouki,54.58241667,-6.396222222,16.0,34.0,8.9,2.8,7.0,,16.4,16.27,80.0,800.0,0.001,,50.819,64.977,0.0,6.614,2.323,0.0,0.0,0.0,0.0,0.0,0.0,0.0,0.0,2.59,6.5903,0.0,2.8946,0.0756,0.0,0.0,0.0,0.0,0.0334,0.0
367,2015-08-18 00:00:00,Windermere North Basin,Evanthia Mantzouki,54.39711389,-2.951833333,39.0,67.0,,2.5,12.5,13.81,17.5,15.79,40.0,,0.081,,,3.515,0.326,0.503,0.0,0.0,0.0,0.0,0.0,0.0,0.0,0.0,0.0,0.002,0.0,0.0,0.0129,0.0,0.0,0.0,0.0,0.0,0.0,0.0
368,2015-08-18 00:00:00,Windermere South Basin,Evanthia Mantzouki,54.31443333,-2.951461111,40.0,68.0,,2.75,14.5,13.75,18.0,15.7,150.0,,0.112,,0.915,5.938,0.313,0.905,0.0,0.0,0.0,0.0,0.0,0.0,0.0,0.0,0.0,0.002,0.0,0.0,0.0062,0.0042,0.0,0.0,0.0,0.0,0.0,0.0011
