,DATETIME,Body of Water Name,DataContact,LAT,LONG,Maximum Depth (m),Mean Depth (m),Secchi Depth (m),Surface Temperature (degrees celsius),Total Nitrogen (ug/L),Total Phosphorus (ug/L),NO3 NO2 (mg/L),Total Chlorophyll a (ug/L),Microcystin (ug/L)
0,2008-06-25 14:00:00,ADAMSON LAKE,Ron Zurawell,53.61544,-112.92044,,,1.35,21.6,5668.0,256.0,0.008,13.1,0.09
1,2008-07-24 12:50:00,ADAMSON LAKE,Ron Zurawell,53.61544,-112.92044,,,1.2,22.4,6322.0,161.0,0.012,11.0,0.07
2,2008-08-13 11:45:00,ADAMSON LAKE,Ron Zurawell,53.61544,-112.92044,,,0.4,17.47,6065.0,497.0,0.005,107.0,0.08
3,2008-09-09 10:45:00,ADAMSON LAKE,Ron Zurawell,53.61544,-112.92044,,,0.22,13.22,8055.0,614.0,0.005,169.0,0.1
4,2008-10-07 11:30:00,ADAMSON LAKE,Ron Zurawell,53.61544,-112.92044,,,0.3,8.54,8668.0,578.0,0.008,168.0,0.07
5,2008-06-04 18:10:00,AMISK LAKE,Ron Zurawell,54.61611,-112.62306,59.0,15.5,3.0,18.13,1027.0,52.0,0.027,4.7,0.15
6,2008-06-30 10:20:00,AMISK LAKE,Ron Zurawell,54.61611,-112.62306,59.0,15.5,3.0,22.26,965.0,32.0,0.005,10.5,0.14
7,2008-07-23 10:45:00,AMISK LAKE,Ron Zurawell,54.61611,-112.62306,59.0,15.5,1.75,21.44,938.0,34.0,0.008,6.71,0.08
8,2008-08-12 10:00:00,AMISK LAKE,Ron Zurawell,54.61611,-112.62306,59.0,15.5,1.5,20.5,1055.0,28.0,0.005,6.15,0.13
9,2008-09-14 12:00:00,AMISK LAKE,Ron Zurawell,54.61611,-112.62306,59.0,15.5,3.75,14.97,945.0,21.0,0.005,4.67,0.08
10,2009-06-14 10:00:00,ARM LAKE,Ron Zurawell,52.74783,-110.58845,14.0,6.3,4.5,19.64,1035.0,22.0,0.005,2.2,0.13
11,2009-07-11 09:05:00,ARM LAKE,Ron Zurawell,52.74783,-110.58845,14.0,6.3,3.5,18.12,1061.0,24.0,0.011,4.12,0.08
12,2009-07-26 08:45:00,ARM LAKE,Ron Zurawell,52.74783,-110.58845,14.0,6.3,3.0,23.39,1085.0,19.0,0.005,2.89,0.12
13,2009-08-17 09:05:00,ARM LAKE,Ron Zurawell,52.74783,-110.58845,14.0,6.3,3.25,17.11,1014.9999999999999,22.0,0.005,3.75,0.13
14,2008-06-26 11:15:00,ASTOTIN LAKE,Ron Zurawell,53.67747,-112.84167,6.1,2.73,0.72,20.0,2625.0,67.0,0.005,,1.04
15,2008-07-22 11:00:00,ASTOTIN LAKE,Ron Zurawell,53.67747,-112.84167,6.1,2.73,0.5,21.3,3715.0,152.0,0.005,50.6,1.21
16,2008-08-14 12:45:00,ASTOTIN LAKE,Ron Zurawell,53.67747,-112.84167,6.1,2.73,0.6,19.95,3195.0,95.0,0.005,42.8,1.98
17,2008-09-08 10:15:00,ASTOTIN LAKE,Ron Zurawell,53.67747,-112.84167,6.1,2.73,0.5,14.2,3105.0,95.0,0.005,35.9,2.45
18,2008-10-02 11:00:00,ASTOTIN LAKE,Ron Zurawell,52.96667,-114.18333,6.1,2.73,0.5,12.64,3305.0,93.0,0.005,35.3,0.09
19,2004-06-28 13:00:00,BAPTISTE LAKE - NORTH BASIN,Ron Zurawell,54.78333,-113.55,15.5,5.6,2.2,21.27,1285.0,38.0,0.005,30.9,0.08
20,2005-05-19 12:00:00,BAPTISTE LAKE - NORTH BASIN,Ron Zurawell,54.78333,-113.55,15.5,5.6,1.7,12.31,1076.0,70.5,0.006,14.3,0.07
21,2005-06-16 10:45:00,BAPTISTE LAKE - NORTH BASIN,Ron Zurawell,54.78333,-113.55,15.5,5.6,3.9,17.24,1025.0,76.0,0.005,7.0,0.07
22,2005-07-13 11:15:00,BAPTISTE LAKE - NORTH BASIN,Ron Zurawell,54.78333,-113.55,15.5,5.6,1.75,20.77,2265.0,97.69999999999999,0.005,131.5,0.25
23,2005-08-16 11:30:00,BAPTISTE LAKE - NORTH BASIN,Ron Zurawell,54.78333,-113.55,15.5,5.6,2.95,17.09,1474.0,141.2,0.014,43.2,0.32
24,2005-08-31 12:00:00,BAPTISTE LAKE - NORTH BASIN,Ron Zurawell,54.78333,-113.55,15.5,5.6,1.75,16.65,1567.0,120.3,0.027,41.3,0.55
25,2005-09-29 10:30:00,BAPTISTE LAKE - NORTH BASIN,Ron Zurawell,54.78333,-113.55,15.5,5.6,1.4,11.0,1512.0,98.5,0.072,40.8,1.52
26,2006-07-25 14:00:00,BAPTISTE LAKE - NORTH BASIN,Ron Zurawell,54.78333,-113.55,15.5,5.6,0.55,23.87,1567.0,64.0,0.007,56.3,0.67
27,2006-08-09 14:30:00,BAPTISTE LAKE - NORTH BASIN,Ron Zurawell,54.78333,-113.55,15.5,5.6,0.65,21.04,2025.0,97.0,0.005,94.1,1.72
28,2006-09-10 14:00:00,BAPTISTE LAKE - NORTH BASIN,Ron Zurawell,54.78333,-113.55,15.5,5.6,1.0,18.21,1727.0,97.0,0.017,50.4,1.36
29,2006-09-26 12:00:00,BAPTISTE LAKE - NORTH BASIN,Ron Zurawell,54.78333,-113.55,15.5,5.6,2.0,12.47,1783.0,141.0,0.063,34.5,1.54
30,2007-05-15 12:30:00,BAPTISTE LAKE - NORTH BASIN,Ron Zurawell,54.78333,-113.55,15.5,5.6,0.8,9.39,1185.0,90.0,0.005,56.6,0.07
31,2007-06-25 12:00:00,BAPTISTE LAKE - NORTH BASIN,Ron Zurawell,54.78333,-113.55,15.5,5.6,1.5,17.19,1175.0,62.0,0.005,19.9,1.7
32,2007-07-18 11:30:00,BAPTISTE LAKE - NORTH BASIN,Ron Zurawell,54.78333,-113.55,15.5,5.6,1.1,25.85,1555.0,54.0,0.005,40.6,0.87
33,2007-08-08 15:00:00,BAPTISTE LAKE - NORTH BASIN,Ron Zurawell,54.78333,-113.55,15.5,5.6,1.25,19.99,1526.0,86.0,0.006,50.8,4.1
34,2007-08-30 13:30:00,BAPTISTE LAKE - NORTH BASIN,Ron Zurawell,54.78333,-113.55,15.5,5.6,2.1,16.51,1415.0,121.0,0.035,36.4,9.35
35,2007-09-27 11:00:00,BAPTISTE LAKE - NORTH BASIN,Ron Zurawell,54.78333,-113.55,15.5,5.6,2.0,10.73,1266.0,100.0,0.046,24.5,5.44
36,2007-10-29 14:30:00,BAPTISTE LAKE - NORTH BASIN,Ron Zurawell,54.78333,-113.55,15.5,5.6,2.5,6.03,1075.0,36.0,0.015,8.87,0.41
37,2004-06-28 11:30:00,BAPTISTE LAKE - SOUTH BASIN,Ron Zurawell,54.75,-113.55,27.5,11.9,2.3,21.68,1505.0,44.0,0.005,44.9,0.12
38,2005-05-19 14:15:00,BAPTISTE LAKE - SOUTH BASIN,Ron Zurawell,54.75,-113.55,27.5,11.9,1.8,12.36,1305.0,88.6,0.005,23.2,0.07
39,2005-06-16 12:35:00,BAPTISTE LAKE - SOUTH BASIN,Ron Zurawell,54.75,-113.55,27.5,11.9,4.0,17.98,1075.0,48.9,0.005,8.8,0.07
40,2005-07-13 14:00:00,BAPTISTE LAKE - SOUTH BASIN,Ron Zurawell,54.75,-113.55,27.5,11.9,1.0,21.02,2035.0000000000002,61.400000000000006,0.005,102.1,0.17
41,2005-08-16 14:00:00,BAPTISTE LAKE - SOUTH BASIN,Ron Zurawell,54.75,-113.55,27.5,11.9,0.7,17.0,2545.0,101.1,0.005,154.0,0.4
42,2005-08-31 14:00:00,BAPTISTE LAKE - SOUTH BASIN,Ron Zurawell,54.75,-113.55,27.5,11.9,1.3,16.99,1877.0,88.1,0.027,64.2,0.6
43,2005-09-29 14:30:00,BAPTISTE LAKE - SOUTH BASIN,Ron Zurawell,54.75,-113.55,27.5,11.9,2.8,11.39,1450.0,81.9,0.11,13.7,0.24
44,2006-07-25 12:00:00,BAPTISTE LAKE - SOUTH BASIN,Ron Zurawell,54.75,-113.55,27.5,11.9,0.75,22.98,1425.0,64.0,0.005,45.6,0.69
45,2006-08-09 11:30:00,BAPTISTE LAKE - SOUTH BASIN,Ron Zurawell,54.75,-113.55,27.5,11.9,0.65,20.73,1785.0,69.0,0.005,65.8,1.23
46,2006-09-10 11:30:00,BAPTISTE LAKE - SOUTH BASIN,Ron Zurawell,54.75,-113.55,27.5,11.9,1.0,18.13,1480.0,53.0,0.01,35.3,1.15
47,2006-09-26 10:30:00,BAPTISTE LAKE - SOUTH BASIN,Ron Zurawell,54.75,-113.55,27.5,11.9,2.0,12.46,1295.0,55.0,0.055,21.7,0.9
48,2007-05-15 15:30:00,BAPTISTE LAKE - SOUTH BASIN,Ron Zurawell,54.75,-113.55,27.5,11.9,0.48,10.59,1875.0,179.0,0.005,114.0,0.07
49,2007-06-25 14:30:00,BAPTISTE LAKE - SOUTH BASIN,Ron Zurawell,54.75,-113.55,27.5,11.9,1.7,17.42,1106.0,38.0,0.006,22.1,0.1
50,2007-07-18 14:15:00,BAPTISTE LAKE - SOUTH BASIN,Ron Zurawell,54.75,-113.55,27.5,11.9,1.1,25.63,1485.0,43.0,0.005,33.7,1.13
51,2007-08-08 11:45:00,BAPTISTE LAKE - SOUTH BASIN,Ron Zurawell,54.75,-113.55,27.5,11.9,1.2,20.11,1470.0,49.0,0.01,44.4,4.94
52,2007-08-30 11:30:00,BAPTISTE LAKE - SOUTH BASIN,Ron Zurawell,54.75,-113.55,27.5,11.9,0.9,17.29,1625.0,81.0,0.005,74.8,13.08
53,2007-09-27 13:00:00,BAPTISTE LAKE - SOUTH BASIN,Ron Zurawell,54.75,-113.55,27.5,11.9,2.25,,1134.0,64.0,0.014,25.6,3.75
54,2007-10-29 11:30:00,BAPTISTE LAKE - SOUTH BASIN,Ron Zurawell,54.75,-113.55,27.5,11.9,2.4,6.75,1221.0,97.0,0.031,10.8,0.12
55,2006-07-24 12:06:00,BEARTRAP LAKE,Ron Zurawell,54.205,-110.53806,,,3.25,23.77,1805.0,37.0,0.005,5.92,0.16
56,2006-08-18 13:45:00,BEARTRAP LAKE,Ron Zurawell,54.205,-110.53806,,,2.75,20.62,1655.0,28.0,0.005,4.61,0.07
57,2006-09-05 13:35:00,BEARTRAP LAKE,Ron Zurawell,54.205,-110.53806,,,2.0,19.25,1755.0,35.0,0.005,6.14,0.3
58,2007-06-27 11:30:00,BEARTRAP LAKE,Ron Zurawell,54.205,-110.53806,,,2.75,17.0,1668.0,36.0,0.008,2.05,0.16
59,2007-07-17 11:00:00,BEARTRAP LAKE,Ron Zurawell,54.205,-110.53806,,,1.5,25.64,1665.0,29.0,0.005,4.18,0.12
60,2007-08-08 16:30:00,BEARTRAP LAKE,Ron Zurawell,54.205,-110.53806,,,2.25,21.36,,32.0,,7.91,1.23
61,2007-09-06 11:30:00,BEARTRAP LAKE,Ron Zurawell,54.205,-110.53806,,,3.5,16.46,1625.0,26.0,0.005,6.22,0.24
62,2008-06-11 09:25:00,BEARTRAP LAKE,Ron Zurawell,54.205,-110.53806,,,7.5,18.19,1756.0,40.0,0.016,2.17,0.37
63,2008-07-17 09:00:00,BEARTRAP LAKE,Ron Zurawell,54.205,-110.53806,,,3.5,20.7,1796.0,41.0,0.016,8.22,0.24
64,2008-08-05 08:30:00,BEARTRAP LAKE,Ron Zurawell,54.205,-110.53806,,,2.5,19.28,1727.0,38.0,0.007,5.81,0.17
65,2008-08-25 10:40:00,BEARTRAP LAKE,Ron Zurawell,54.205,-110.53806,,,3.75,19.4,1716.0,28.0,0.006,3.89,0.14
66,2008-09-15 08:30:00,BEARTRAP LAKE,Ron Zurawell,54.205,-110.53806,,,3.5,15.03,1868.0,32.0,0.158,9.72,0.13
67,2005-08-14 15:00:00,BEAUVAIS LAKE,Ron Zurawell,49.41389,-114.10833,10.7,7.3,2.6,,524.0,16.6,0.014,6.4,0.08
68,2006-08-13 12:50:00,BEAUVAIS LAKE,Ron Zurawell,49.41389,-114.10833,10.7,7.3,2.5,,,20.0,,5.63,0.07
69,2006-08-27 13:30:00,BEAUVAIS LAKE,Ron Zurawell,49.41389,-114.10833,10.7,7.3,3.25,,,18.0,,3.41,0.07
70,2007-07-29 15:00:00,BEAUVAIS LAKE,Ron Zurawell,49.41389,-114.10833,10.7,7.3,3.25,,,18.0,,3.91,0.15
71,2007-08-12 13:30:00,BEAUVAIS LAKE,Ron Zurawell,49.41389,-114.10833,10.7,7.3,2.25,,,37.0,,7.36,0.1
72,2007-09-03 17:00:00,BEAUVAIS LAKE,Ron Zurawell,49.41389,-114.10833,10.7,7.3,3.0,,,34.0,,9.6,0.07
73,2007-09-30 17:00:00,BEAUVAIS LAKE,Ron Zurawell,49.41389,-114.10833,10.7,7.3,2.5,,,28.0,,11.1,0.07
74,2008-06-12 09:30:00,BEAUVAIS LAKE,Ron Zurawell,49.41389,-114.10833,10.7,7.3,2.25,11.28,615.0,27.0,0.005,8.05,0.07
75,2008-07-10 10:00:00,BEAUVAIS LAKE,Ron Zurawell,49.41389,-114.10833,10.7,7.3,2.5,18.37,554.0,28.0,0.014,6.14,0.07
76,2008-07-31 08:30:00,BEAUVAIS LAKE,Ron Zurawell,49.41389,-114.10833,10.7,7.3,2.25,18.55,485.0,18.0,0.005,3.85,0.07
77,2008-08-18 09:00:00,BEAUVAIS LAKE,Ron Zurawell,49.41389,-114.10833,10.7,7.3,4.0,20.27,485.0,21.0,0.005,2.0,0.07
78,2008-09-18 10:00:00,BEAUVAIS LAKE,Ron Zurawell,49.41389,-114.10833,10.7,7.3,3.0,14.31,505.0,21.0,0.005,3.77,0.08
79,2008-06-04 10:00:00,BEAVER LAKE,Ron Zurawell,54.725,-111.83333,15.2,7.1,10.25,15.91,1332.0,28.0,0.052,2.05,0.14
80,2008-06-27 09:00:00,BEAVER LAKE,Ron Zurawell,54.725,-111.83333,15.2,7.1,6.75,18.28,1282.0,30.0,0.012,3.57,0.15
81,2008-07-23 14:20:00,BEAVER LAKE,Ron Zurawell,54.725,-111.83333,15.2,7.1,4.25,21.25,1285.0,49.0,0.005,5.76,0.09
82,2008-08-19 14:20:00,BEAVER LAKE,Ron Zurawell,54.725,-111.83333,15.2,7.1,4.25,21.89,1235.0,36.0,0.005,7.07,0.29
83,2008-09-14 14:10:00,BEAVER LAKE,Ron Zurawell,54.725,-111.83333,15.2,7.1,2.5,15.83,1405.0,40.0,0.005,12.0,0.08
84,2007-07-01 09:00:00,BELLEVUE LAKE,Ron Zurawell,53.80694,-111.3325,,,4.0,17.21,,32.0,,8.93,0.19
85,2007-07-17 16:30:00,BELLEVUE LAKE,Ron Zurawell,53.80694,-111.3325,,,4.25,24.9,1155.0,32.0,0.005,7.66,0.22
86,2007-08-18 09:10:00,BELLEVUE LAKE,Ron Zurawell,53.80694,-111.3325,,,3.0,17.72,,34.0,,3.86,0.32
87,2006-07-21 09:21:00,BIG LAKE EAST/WEST BASIN COMP (AB05EA1550),Ron Zurawell,53.6,-113.70556,,,0.5,,1835.0,127.0,0.005,13.7,0.07
88,2006-08-11 08:11:00,BIG LAKE EAST/WEST BASIN COMP (AB05EA1550),Ron Zurawell,53.6,-113.70556,,,0.7,,2055.0,188.0,0.005,25.1,0.1
89,2006-09-01 08:01:00,BIG LAKE EAST/WEST BASIN COMP (AB05EA1550),Ron Zurawell,53.6,-113.70556,,,0.6,,2007.0000000000002,142.0,0.017,13.2,0.12
90,2006-09-22 08:22:00,BIG LAKE EAST/WEST BASIN COMP (AB05EA1550),Ron Zurawell,53.6,-113.70556,,,0.5,,1737.0,89.0,0.017,7.31,0.17
91,2007-07-10 11:00:00,BITTERN LAKE,Ron Zurawell,53.0375,-113.05547,,,0.15,,3032.0,1050.0,0.972,10.3,0.32
92,2008-06-28 13:30:00,BLACKFALDS LAKE,Ron Zurawell,52.38833,-113.72139,,,1.25,20.26,2329.0,311.0,0.009,15.7,0.76
93,2008-07-19 10:45:00,BLACKFALDS LAKE,Ron Zurawell,52.38833,-113.72139,,,0.75,18.88,3633.0,238.0,0.013,69.4,7.55
94,2008-09-23 17:20:00,BLACKFALDS LAKE,Ron Zurawell,52.48333,-112.86667,,,1.25,12.74,3603.0,219.0,0.083,61.3,0.09
95,2006-07-24 11:30:00,BUCK LAKE,Ron Zurawell,52.98333,-114.76667,12.2,6.2,1.4,22.67,616.0,10.0,0.006,84.5,0.16
96,2006-08-21 11:45:00,BUCK LAKE,Ron Zurawell,52.98333,-114.76667,12.2,6.2,1.1,19.23,1886.0,159.0,0.006,112.0,0.44
97,2006-09-28 12:45:00,BUCK LAKE,Ron Zurawell,52.98333,-114.76667,12.2,6.2,5.75,12.78,1205.0,133.0,0.145,7.24,0.58
98,2007-08-22 09:30:00,CLAIRMONT LAKE,Ron Zurawell,55.26194,-118.76278,,,0.45,14.47,2835.0,318.0,0.005,45.5,5.91
99,2007-09-19 11:30:00,CLAIRMONT LAKE,Ron Zurawell,55.26194,-118.76278,,,0.75,9.12,2230.0,198.0,0.09,23.1,0.27
100,2009-06-16 09:00:00,CLAIRMONT LAKE,Ron Zurawell,55.26194,-118.76278,,,0.25,19.09,6335.0,561.0,0.005,10.5,0.17
101,2009-07-14 08:45:00,CLAIRMONT LAKE,Ron Zurawell,55.26194,-118.76278,,,0.3,15.8,5647.0,383.0,0.097,117.0,0.18
102,2009-08-04 12:10:00,CLAIRMONT LAKE,Ron Zurawell,55.26194,-118.76278,,,0.2,18.23,5907.0,613.0,0.007,190.0,0.41
103,2009-08-26 08:10:00,CLAIRMONT LAKE,Ron Zurawell,55.26194,-118.76278,,,0.2,13.96,7603.0,641.0,0.023,163.0,0.25
104,2007-07-17 11:30:00,CLEAR LAKE,Ron Zurawell,50.15,-113.41667,,,2.4,22.97,1980.0,562.0,0.01,50.6,0.76
105,2007-08-29 09:30:00,CLEAR LAKE,Ron Zurawell,50.15,-113.41667,,,,16.55,1460.0,701.0,0.03,15.4,13.6
106,2007-09-21 10:30:00,CLEAR LAKE,Ron Zurawell,50.15,-113.41667,,,2.4,11.2,1515.0,624.0,0.085,4.0,0.83
107,2006-07-14 08:45:00,CLEAR LAKE (BARNS LAKE),Ron Zurawell,52.76667,-110.60667,,,3.5,22.03,995.0,26.0,0.005,4.62,0.08
108,2006-08-13 10:00:00,CLEAR LAKE (BARNS LAKE),Ron Zurawell,52.76667,-110.60667,,,3.25,19.3,965.0,27.0,0.005,8.16,0.07
109,2006-09-08 14:20:00,CLEAR LAKE (BARNS LAKE),Ron Zurawell,52.76667,-110.60667,,,2.25,18.8,968.0,27.0,0.008,5.73,0.07
110,2006-09-29 10:00:00,CLEAR LAKE (BARNS LAKE),Ron Zurawell,52.76667,-110.60667,,,2.3,11.59,965.0,22.0,0.005,6.1,0.07
111,2007-07-04 10:15:00,CLEAR LAKE (BARNS LAKE),Ron Zurawell,52.76667,-110.60667,,,5.75,21.01,,17.0,,1.57,0.07
112,2007-07-24 11:00:00,CLEAR LAKE (BARNS LAKE),Ron Zurawell,52.76667,-110.60667,,,3.0,25.25,825.0,20.0,0.005,2.92,0.19
113,2007-09-16 13:30:00,CLEAR LAKE (BARNS LAKE),Ron Zurawell,52.76667,-110.60667,,,4.75,15.14,855.0,22.0,0.005,2.7,0.12
114,2008-06-26 09:47:00,CLEAR LAKE (BARNS LAKE),Ron Zurawell,52.76667,-110.60667,,,9.0,18.82,825.0,24.0,0.005,0.97,0.11
115,2008-07-29 09:15:00,CLEAR LAKE (BARNS LAKE),Ron Zurawell,52.76667,-110.60667,,,5.8,20.47,975.0,43.0,0.005,2.42,0.07
116,2008-08-19 10:00:00,CLEAR LAKE (BARNS LAKE),Ron Zurawell,52.76667,-110.60667,,,3.0,21.44,845.0,21.0,0.005,3.43,0.12
117,2008-09-08 09:25:00,CLEAR LAKE (BARNS LAKE),Ron Zurawell,52.76667,-110.60667,,,5.0,15.53,905.0,20.0,0.005,3.79,0.07
118,2006-07-26 14:20:00,COOKING LAKE,Ron Zurawell,53.41944,-113.05833,4.6,1.7,0.3,23.67,12105.0,415.0,0.005,149.0,2.23
119,2006-08-09 09:15:00,COOKING LAKE,Ron Zurawell,53.41944,-113.05833,4.6,1.7,0.25,22.16,12307.0,368.0,0.007,144.0,1.94
120,2006-08-23 17:00:00,COOKING LAKE,Ron Zurawell,53.41944,-113.05833,4.6,1.7,0.5,19.46,14105.0,478.0,0.005,117.0,2.41
121,2006-09-11 15:00:00,COOKING LAKE,Ron Zurawell,53.41944,-113.05833,4.6,1.7,0.75,17.88,13409.0,574.0,0.009,44.0,1.38
122,2007-07-27 09:00:00,COOKING LAKE,Ron Zurawell,53.41944,-113.05833,4.6,1.7,0.6,20.8,,383.0,,32.4,10.44
123,2007-08-09 10:30:00,COOKING LAKE,Ron Zurawell,53.41944,-113.05833,4.6,1.7,0.5,17.62,9105.0,473.0,0.005,59.3,10.54
124,2007-08-26 12:00:00,COOKING LAKE,Ron Zurawell,53.41944,-113.05833,4.6,1.7,0.45,15.69,,430.0,,53.0,6.17
125,2007-10-03 11:00:00,COOKING LAKE,Ron Zurawell,53.41944,-113.05833,4.6,1.7,0.5,6.92,10025.0,356.0,0.025,65.5,4.25
126,2008-07-23 13:15:00,COW LAKE,Ron Zurawell,52.25833,-115.01111,1.73,0.98,2.75,20.3,777.3,11.0,0.006,2.39,0.07
127,2008-08-25 13:00:00,COW LAKE,Ron Zurawell,52.25833,-115.01111,1.73,0.98,3.0,17.99,816.0,11.0,0.006,2.13,0.07
128,2008-09-18 13:00:00,COW LAKE,Ron Zurawell,52.25833,-115.01111,1.73,0.98,2.9,15.09,676.0,10.0,0.006,1.45,0.15
129,2005-07-03 09:00:00,CRIMSON LAKE,Ron Zurawell,52.46111,-115.04444,9.1,2.2,1.2,,1729.0,40.7,0.009,9.0,0.07
130,2005-07-19 13:30:00,CRIMSON LAKE,Ron Zurawell,52.46111,-115.04444,9.1,2.2,1.2,,1695.0,27.3,0.005,14.0,0.13
131,2005-08-01 09:00:00,CRIMSON LAKE,Ron Zurawell,52.46111,-115.04444,9.1,2.2,1.0,,1785.0,30.0,0.005,18.7,0.09
132,2005-08-29 11:40:00,CRIMSON LAKE,Ron Zurawell,52.46111,-115.04444,9.1,2.2,1.0,17.1,1783.0,31.0,0.023,22.4,0.07
133,2005-09-05 11:30:00,CRIMSON LAKE,Ron Zurawell,52.46111,-115.04444,9.1,2.2,1.2,,1642.0,30.200000000000003,0.032,23.5,0.07
134,2006-07-11 11:00:00,CRIMSON LAKE,Ron Zurawell,52.46111,-115.04444,9.1,2.2,1.5,,,22.0,,6.35,0.1
135,2007-07-06 11:00:00,CRIMSON LAKE,Ron Zurawell,52.46111,-115.04444,9.1,2.2,2.0,22.51,865.0,16.0,0.005,4.47,0.07
136,2007-07-26 11:00:00,CRIMSON LAKE,Ron Zurawell,52.46111,-115.04444,9.1,2.2,2.0,23.16,825.0,19.0,0.005,4.98,0.16
137,2007-08-21 10:30:00,CRIMSON LAKE,Ron Zurawell,52.46111,-115.04444,9.1,2.2,1.25,17.44,865.0,20.0,0.005,7.23,0.23
138,2007-09-09 13:30:00,CRIMSON LAKE,Ron Zurawell,52.46111,-115.04444,9.1,2.2,1.25,14.72,1115.0,24.0,0.005,6.34,0.07
139,2008-08-14 10:00:00,CRIMSON LAKE,Ron Zurawell,52.46111,-115.04444,9.1,2.2,1.5,20.0,,18.0,,7.41,0.09
140,2008-08-28 11:45:00,CRIMSON LAKE,Ron Zurawell,52.46111,-115.04444,9.1,2.2,1.5,12.0,,22.0,,8.86,0.15
141,2008-09-08 12:30:00,CRIMSON LAKE,Ron Zurawell,52.46111,-115.04444,9.1,2.2,1.5,14.0,,22.0,,6.69,0.07
142,2005-06-28 09:00:00,DILLBERRY LAKE,Ron Zurawell,52.575,-110.00417,10.7,2.8,3.2,,,22.8,,11.9,0.09
143,2005-07-26 10:00:00,DILLBERRY LAKE,Ron Zurawell,52.575,-110.00417,10.7,2.8,2.0,,,26.0,,6.7,0.12
144,2005-08-09 10:45:00,DILLBERRY LAKE,Ron Zurawell,52.575,-110.00417,10.7,2.8,2.0,,,25.0,,4.4,0.07
145,2005-08-29 09:30:00,DILLBERRY LAKE,Ron Zurawell,52.575,-110.00417,10.7,2.8,1.0,,,26.1,,6.2,0.07
146,2005-09-14 09:15:00,DILLBERRY LAKE,Ron Zurawell,52.575,-110.00417,10.7,2.8,1.0,,,23.0,,4.7,0.07
147,2006-07-14 13:15:00,DILLBERRY LAKE,Ron Zurawell,52.575,-110.00417,10.7,2.8,1.5,23.38,1325.0,26.0,0.005,6.45,0.09
148,2006-08-16 12:00:00,DILLBERRY LAKE,Ron Zurawell,52.575,-110.00417,10.7,2.8,1.9,19.78,1395.0,23.0,0.005,7.68,0.07
149,2006-09-06 10:45:00,DILLBERRY LAKE,Ron Zurawell,52.575,-110.00417,10.7,2.8,2.5,18.41,1545.0,69.0,0.005,5.54,0.11
150,2006-09-28 14:50:00,DILLBERRY LAKE,Ron Zurawell,52.575,-110.00417,10.7,2.8,2.1,11.1,1636.0,26.0,0.006,7.67,0.07
151,2007-07-27 11:00:00,DILLBERRY LAKE,Ron Zurawell,52.575,-110.00417,10.7,2.8,2.4,,,18.0,,2.71,0.26
152,2007-08-24 16:00:00,DILLBERRY LAKE,Ron Zurawell,52.575,-110.00417,10.7,2.8,2.25,,,27.0,,11.8,2.09
153,2007-09-12 10:45:00,DILLBERRY LAKE,Ron Zurawell,52.575,-110.00417,10.7,2.8,2.5,,,10.0,,9.44,0.48
154,2008-06-13 10:20:00,DILLBERRY LAKE,Ron Zurawell,52.575,-110.00417,10.7,2.8,3.0,15.94,1105.0,22.0,0.005,1.83,0.07
155,2008-07-13 09:25:00,DILLBERRY LAKE,Ron Zurawell,52.575,-110.00417,10.7,2.8,2.0,19.11,1233.0,32.0,0.013,6.49,0.12
156,2008-08-08 09:05:00,DILLBERRY LAKE,Ron Zurawell,52.575,-110.00417,10.7,2.8,2.25,19.79,1195.0,21.0,0.005,5.77,0.07
157,2008-09-02 09:25:00,DILLBERRY LAKE,Ron Zurawell,52.575,-110.00417,10.7,2.8,2.0,15.33,1277.0,19.0,0.007,6.03,0.07
158,2008-10-01 09:40:00,DILLBERRY LAKE,Ron Zurawell,52.575,-110.00417,10.7,2.8,3.0,12.84,1215.0,21.0,0.005,5.11,0.09
159,2007-07-11 12:30:00,DRIEDMEAT LAKE,Ron Zurawell,52.87161,-112.75619,3.7,2.2,1.5,21.84,1659.0,214.0,0.029,20.2,0.09
160,2007-08-13 14:10:00,DRIEDMEAT LAKE,Ron Zurawell,52.87161,-112.75619,3.7,2.2,0.7,,2706.0,423.0,0.006,147.0,2.11
161,2007-09-19 13:00:00,DRIEDMEAT LAKE,Ron Zurawell,52.87161,-112.75619,3.7,2.2,1.25,12.8,1630.0,136.0,0.11,14.2,0.5
162,2007-08-02 10:00:00,EAGLE LAKE,Ron Zurawell,51.0,-113.31667,4.9,2.6,0.9,21.58,2241.0,305.0,0.021,47.9,1.89
163,2005-07-14 12:00:00,ELKWATER LAKE,Ron Zurawell,49.65,-110.3,8.4,3.5,3.0,,,25.4,,3.2,0.07
164,2005-07-23 17:30:00,ELKWATER LAKE,Ron Zurawell,49.65,-110.3,8.4,3.5,1.0,,,43.6,,6.1,0.07
165,2005-08-07 10:00:00,ELKWATER LAKE,Ron Zurawell,49.65,-110.3,8.4,3.5,2.0,,,36.5,,7.7,0.07
166,2005-09-05 09:45:00,ELKWATER LAKE,Ron Zurawell,49.65,-110.3,8.4,3.5,2.0,,,48.9,,19.7,0.07
167,2006-07-11 13:30:00,ELKWATER LAKE,Ron Zurawell,49.65,-110.3,8.4,3.5,2.0,21.06,635.0,27.0,0.005,3.35,0.07
168,2006-08-01 12:20:00,ELKWATER LAKE,Ron Zurawell,49.65,-110.3,8.4,3.5,2.0,20.14,795.0,39.0,0.005,9.08,0.19
169,2006-08-22 13:30:00,ELKWATER LAKE,Ron Zurawell,49.65,-110.3,8.4,3.5,1.25,18.09,825.0,48.0,0.005,11.6,0.17
170,2006-09-29 11:00:00,ELKWATER LAKE,Ron Zurawell,49.65,-110.3,8.4,3.5,0.8,10.17,1035.0,61.0,0.005,21.4,0.09
171,2007-08-12 14:00:00,ELKWATER LAKE,Ron Zurawell,49.65,-110.3,8.4,3.5,1.3,18.02,745.0,45.0,0.005,7.56,0.21
172,2007-09-13 14:30:00,ELKWATER LAKE,Ron Zurawell,49.65,-110.3,8.4,3.5,1.55,13.46,,46.0,,4.83,0.09
173,2008-06-23 12:30:00,ELKWATER LAKE,Ron Zurawell,49.65,-110.3,8.4,3.5,3.5,18.0,,13.0,,1.12,0.07
174,2008-07-14 10:30:00,ELKWATER LAKE,Ron Zurawell,49.65,-110.3,8.4,3.5,3.0,18.0,,15.0,,2.08,0.07
175,2008-08-15 09:45:00,ELKWATER LAKE,Ron Zurawell,49.65,-110.3,8.4,3.5,1.5,,,24.0,,2.46,0.07
176,2008-08-29 15:00:00,ELKWATER LAKE,Ron Zurawell,49.65,-110.3,8.4,3.5,1.5,17.5,,31.0,,5.4,0.07
177,2004-05-26 11:30:00,ETHEL LAKE (NEAR COLD LAKE),Ron Zurawell,54.52972,-110.35444,30.0,6.6,3.0,12.1,705.0,27.2,0.005,6.0,0.07
178,2004-06-17 11:30:00,ETHEL LAKE (NEAR COLD LAKE),Ron Zurawell,54.52972,-110.35444,30.0,6.6,5.0,14.81,665.0,23.5,0.005,7.7,0.07
179,2004-07-14 13:00:00,ETHEL LAKE (NEAR COLD LAKE),Ron Zurawell,54.52972,-110.35444,30.0,6.6,,20.01,745.0,23.3,0.005,6.2,0.07
180,2004-08-04 12:15:00,ETHEL LAKE (NEAR COLD LAKE),Ron Zurawell,54.52972,-110.35444,30.0,6.6,3.1,20.63,705.0,19.3,0.005,6.3,0.08
181,2004-08-25 11:55:00,ETHEL LAKE (NEAR COLD LAKE),Ron Zurawell,54.52972,-110.35444,30.0,6.6,2.7,16.84,737.0,21.4,0.007,8.2,0.13
182,2004-09-23 12:00:00,ETHEL LAKE (NEAR COLD LAKE),Ron Zurawell,54.52972,-110.35444,30.0,6.6,3.3,11.83,695.0,20.299999999999997,0.005,9.1,0.11
183,2004-10-27 11:00:00,ETHEL LAKE (NEAR COLD LAKE),Ron Zurawell,54.52972,-110.35444,30.0,6.6,3.4,4.77,665.0,25.5,0.005,10.2,0.07
184,2006-05-16 12:45:00,ETHEL LAKE (NEAR COLD LAKE),Ron Zurawell,54.52972,-110.35444,30.0,6.6,3.1,12.22,675.0,25.0,0.005,8.76,0.07
185,2006-06-13 12:45:00,ETHEL LAKE (NEAR COLD LAKE),Ron Zurawell,54.52972,-110.35444,30.0,6.6,3.5,17.65,555.0,23.0,0.005,4.71,0.07
186,2006-07-12 13:00:00,ETHEL LAKE (NEAR COLD LAKE),Ron Zurawell,54.52972,-110.35444,30.0,6.6,3.5,20.29,615.0,20.0,0.005,6.4,0.07
187,2006-08-01 10:00:00,ETHEL LAKE (NEAR COLD LAKE),Ron Zurawell,54.52972,-110.35444,30.0,6.6,2.6,20.56,715.0,26.0,0.005,7.11,0.07
188,2006-08-16 11:30:00,ETHEL LAKE (NEAR COLD LAKE),Ron Zurawell,54.52972,-110.35444,30.0,6.6,2.75,19.5,715.0,28.0,0.005,7.03,0.07
189,2006-09-22 09:30:00,ETHEL LAKE (NEAR COLD LAKE),Ron Zurawell,54.52972,-110.35444,30.0,6.6,2.7,12.64,745.0,32.0,0.005,4.33,0.07
190,2006-10-12 11:15:00,ETHEL LAKE (NEAR COLD LAKE),Ron Zurawell,54.52972,-110.35444,30.0,6.6,2.4,9.56,688.0,36.0,0.008,10.3,0.07
191,2008-05-27 12:30:00,ETHEL LAKE (NEAR COLD LAKE),Ron Zurawell,54.52972,-110.35444,30.0,6.6,2.1,13.22,595.0,28.0,0.005,5.17,0.07
192,2008-06-24 11:15:00,ETHEL LAKE (NEAR COLD LAKE),Ron Zurawell,54.52972,-110.35444,30.0,6.6,5.5,19.4,525.0,24.0,0.005,3.4,0.07
193,2008-07-15 12:45:00,ETHEL LAKE (NEAR COLD LAKE),Ron Zurawell,54.52972,-110.35444,30.0,6.6,3.5,20.64,673.0,30.0,0.013,3.31,0.07
194,2008-08-06 12:00:00,ETHEL LAKE (NEAR COLD LAKE),Ron Zurawell,54.52972,-110.35444,30.0,6.6,3.7,19.88,665.0,17.0,0.005,4.33,0.07
195,2008-08-25 12:30:00,ETHEL LAKE (NEAR COLD LAKE),Ron Zurawell,54.52972,-110.35444,30.0,6.6,2.5,19.7,785.0,21.0,0.005,9.33,0.07
196,2008-09-18 13:00:00,ETHEL LAKE (NEAR COLD LAKE),Ron Zurawell,54.52972,-110.35444,30.0,6.6,3.1,15.09,685.0,21.0,0.005,6.18,0.1
197,2008-10-15 12:10:00,ETHEL LAKE (NEAR COLD LAKE),Ron Zurawell,54.52972,-110.35444,30.0,6.6,3.0,9.24,745.0,29.0,0.005,4.84,0.09
198,2005-07-30 10:20:00,FISHING LAKE,Ron Zurawell,53.91806,-110.18778,,,1.6,20.3,1215.0,37.0,0.005,,0.08
199,2005-08-29 13:00:00,FISHING LAKE,Ron Zurawell,53.91806,-110.18778,,,1.1,18.11,1185.0,18.0,0.005,32.9,0.09
200,2006-07-06 08:27:00,FISHING LAKE,Ron Zurawell,53.91806,-110.18778,,,2.25,23.66,1325.0,31.0,0.005,12.1,0.55
201,2006-07-27 14:27:00,FISHING LAKE,Ron Zurawell,53.91806,-110.18778,,,1.25,24.56,1345.0,29.0,0.005,10.7,0.07
202,2006-09-07 12:44:00,FISHING LAKE,Ron Zurawell,53.91806,-110.18778,,,1.5,18.68,1165.0,19.0,0.005,15.5,0.13
203,2009-06-17 08:15:00,FLYINGSHOT LAKE,Ron Zurawell,55.14152,-118.86244,,,1.4,19.64,2065.0,301.0,0.005,155.0,0.08
204,2009-07-15 09:30:00,FLYINGSHOT LAKE,Ron Zurawell,55.14152,-118.86244,,,0.9,17.31,3081.0,278.0,0.231,47.4,0.71
205,2009-08-04 08:55:00,FLYINGSHOT LAKE,Ron Zurawell,55.14152,-118.86244,,,1.3,18.83,3829.0,400.0,0.009,52.6,0.21
206,2009-08-25 09:05:00,FLYINGSHOT LAKE,Ron Zurawell,55.14152,-118.86244,,,1.2,15.89,3262.0,258.0,0.022,8.65,1.19
207,2005-06-08 10:45:00,FORK LAKE,Ron Zurawell,54.48917,-111.58556,15.2,6.1,2.9,15.96,1526.0,32.0,0.016,5.8,0.07
208,2005-06-27 14:00:00,FORK LAKE,Ron Zurawell,54.48917,-111.58556,15.2,6.1,2.7,17.61,1660.0,44.0,0.01,12.2,0.07
209,2005-07-19 12:30:00,FORK LAKE,Ron Zurawell,54.48917,-111.58556,15.2,6.1,1.25,19.12,1715.0,42.0,0.005,24.9,0.07
210,2005-08-09 12:45:00,FORK LAKE,Ron Zurawell,54.48917,-111.58556,15.2,6.1,2.0,19.03,1700.0,48.0,0.01,28.6,0.07
211,2005-09-01 13:00:00,FORK LAKE,Ron Zurawell,54.48917,-111.58556,15.2,6.1,1.5,17.0,1806.0,46.0,0.006,25.2,0.08
212,2005-09-20 14:30:00,FORK LAKE,Ron Zurawell,54.48917,-111.58556,15.2,6.1,1.9,13.32,1789.0,48.0,0.009,24.7,0.07
213,2005-07-30 14:30:00,FROG LAKE,Ron Zurawell,53.89222,-110.34167,28.0,,3.5,20.15,1165.0,23.0,0.005,5.0,0.1
214,2005-08-29 09:30:00,FROG LAKE,Ron Zurawell,53.89222,-110.34167,28.0,,3.0,16.49,1425.0,43.0,0.005,6.4,0.08
215,2006-07-06 13:36:00,FROG LAKE,Ron Zurawell,53.89222,-110.34167,28.0,,2.25,22.4,1325.0,37.0,0.005,4.37,0.07
216,2006-09-07 08:55:00,FROG LAKE,Ron Zurawell,53.89222,-110.34167,28.0,,2.75,17.83,1245.0,35.0,0.005,3.37,0.07
217,2005-06-16 07:30:00,GARNIER LAKE - NORTH BASIN,Ron Zurawell,54.02072,-110.58181,9.0,,4.6,17.96,1585.0,20.0,0.005,3.9,0.1
218,2005-07-07 07:40:00,GARNIER LAKE - NORTH BASIN,Ron Zurawell,54.02072,-110.58181,9.0,,4.2,21.67,1615.0,19.0,0.005,2.9,0.13
219,2005-07-28 07:30:00,GARNIER LAKE - NORTH BASIN,Ron Zurawell,54.02072,-110.58181,9.0,,3.5,19.12,1475.0,18.0,0.005,3.0,0.12
220,2005-08-18 07:45:00,GARNIER LAKE - NORTH BASIN,Ron Zurawell,54.02072,-110.58181,9.0,,2.7,15.99,1565.0,22.0,0.005,5.1,0.14
221,2005-09-08 08:00:00,GARNIER LAKE - NORTH BASIN,Ron Zurawell,54.02072,-110.58181,9.0,,3.5,16.64,1485.0,21.0,0.005,3.6,0.09
222,2005-06-16 09:15:00,GARNIER LAKE (BLUET) - SOUTH BASIN,Ron Zurawell,53.51806,-114.22694,6.5,,1.4,18.26,2005.0,35.0,0.005,14.4,0.11
223,2005-07-07 09:00:00,GARNIER LAKE (BLUET) - SOUTH BASIN,Ron Zurawell,53.51806,-114.22694,6.5,,2.8,21.54,2025.0,25.0,0.005,6.5,0.07
224,2005-07-28 09:00:00,GARNIER LAKE (BLUET) - SOUTH BASIN,Ron Zurawell,53.51806,-114.22694,6.5,,3.2,18.9,1775.0,25.0,0.005,4.7,0.11
225,2005-08-18 09:00:00,GARNIER LAKE (BLUET) - SOUTH BASIN,Ron Zurawell,53.51806,-114.22694,6.5,,2.4,15.91,1935.0,34.0,0.005,10.2,0.1
226,2005-09-08 09:30:00,GARNIER LAKE (BLUET) - SOUTH BASIN,Ron Zurawell,53.51806,-114.22694,6.5,,2.0,16.81,1887.0,33.0,0.007,9.6,0.1
227,2007-07-12 16:30:00,GEORGE LAKE,Ron Zurawell,56.22306,-118.55056,,,0.9,24.54,,96.0,,16.0,1.09
228,2007-08-01 07:15:00,GEORGE LAKE,Ron Zurawell,56.22306,-118.55056,,,0.6,17.44,3125.0,197.0,0.005,153.0,45.98
229,2007-08-23 08:45:00,GEORGE LAKE,Ron Zurawell,56.22306,-118.55056,,,1.0,15.78,,134.0,,57.8,21.82
230,2007-09-18 17:00:00,GEORGE LAKE,Ron Zurawell,56.22306,-118.55056,,,0.65,11.21,2946.0,162.0,0.006,94.3,19.31
231,2006-07-27 12:00:00,GLENIFFER LAKE (DICKSON RESERVOIR) WHOLE LAKE COMP,Ron Zurawell,52.02944,-114.26417,33.0,11.6,3.95,22.32,201.0,4.0,0.021,0.77,0.08
232,2006-08-22 10:45:00,GLENIFFER LAKE (DICKSON RESERVOIR) WHOLE LAKE COMP,Ron Zurawell,52.02944,-114.26417,33.0,11.6,2.9,,222.0,4.0,0.022,0.91,0.16
233,2006-09-19 11:45:00,GLENIFFER LAKE (DICKSON RESERVOIR) WHOLE LAKE COMP,Ron Zurawell,52.02944,-114.26417,33.0,11.6,2.9,14.39,152.0,6.0,0.022,1.27,0.13
234,2005-07-03 10:40:00,GOOSE LAKE,Ron Zurawell,54.3175,-115.11417,7.5,4.5,2.1,17.33,1061.0,61.0,0.011,15.1,0.1
235,2005-08-06 09:50:00,GOOSE LAKE,Ron Zurawell,54.3175,-115.11417,7.5,4.5,0.7,19.44,1642.0,138.0,0.012,52.7,0.07
236,2005-08-27 09:05:00,GOOSE LAKE,Ron Zurawell,54.3175,-115.11417,7.5,4.5,0.75,18.55,1956.0,153.0,0.006,90.4,0.07
237,2005-09-25 10:00:00,GOOSE LAKE,Ron Zurawell,54.3175,-115.11417,7.5,4.5,1.8,11.98,1369.0,91.0,0.079,44.1,0.07
238,2008-06-24 09:35:00,GOOSE LAKE,Ron Zurawell,54.3175,-115.11417,7.5,4.5,2.55,19.3,965.0,54.0,0.005,10.2,0.13
239,2008-07-14 09:30:00,GOOSE LAKE,Ron Zurawell,54.3175,-115.11417,7.5,4.5,1.25,18.73,1144.0,116.0,0.014,19.2,0.07
240,2008-08-11 09:10:00,GOOSE LAKE,Ron Zurawell,54.3175,-115.11417,7.5,4.5,1.25,21.06,1496.0,100.0,0.006,47.7,0.07
241,2008-09-09 09:55:00,GOOSE LAKE,Ron Zurawell,54.3175,-115.11417,7.5,4.5,1.25,15.03,1385.0,155.0,0.025,38.8,0.14
242,2008-09-28 13:05:00,GOOSE LAKE,Ron Zurawell,54.3175,-115.11417,7.5,4.5,1.25,12.07,1155.0,100.0,0.005,33.7,0.07
243,2005-08-12 18:00:00,GREGG LAKE,Ron Zurawell,53.53333,-117.8,18.0,,5.5,,,9.6,,1.3,0.07
244,2006-07-24 15:45:00,GREGG LAKE,Ron Zurawell,53.53333,-117.8,18.0,,7.0,21.7,285.0,12.0,0.005,1.27,0.12
245,2006-08-14 13:30:00,GREGG LAKE,Ron Zurawell,53.53333,-117.8,18.0,,5.0,,235.0,9.0,0.005,1.42,0.07
246,2006-09-04 14:25:00,GREGG LAKE,Ron Zurawell,53.53333,-117.8,18.0,,5.5,15.8,315.0,17.0,0.005,1.6,0.13
247,2006-09-27 15:00:00,GREGG LAKE,Ron Zurawell,53.53333,-117.8,18.0,,5.4,10.76,235.0,10.0,0.005,2.42,0.09
248,2007-07-18 10:42:00,GREGG LAKE,Ron Zurawell,53.53333,-117.8,18.0,,7.25,,,13.0,,1.32,0.18
249,2007-08-09 16:00:00,GREGG LAKE,Ron Zurawell,53.53333,-117.8,18.0,,6.75,,,14.0,,1.6,0.63
250,2007-08-30 14:00:00,GREGG LAKE,Ron Zurawell,53.53333,-117.8,18.0,,5.25,,,14.0,,0.97,0.07
251,2008-06-09 12:35:00,GREGG LAKE,Ron Zurawell,53.53333,-117.8,18.0,,2.0,10.96,333.0,11.0,0.013,2.33,0.08
252,2008-07-07 12:56:00,GREGG LAKE,Ron Zurawell,53.53333,-117.8,18.0,,5.0,17.8,341.0,13.0,0.031,2.05,0.07
253,2008-08-05 11:25:00,GREGG LAKE,Ron Zurawell,53.53333,-117.8,18.0,,6.25,16.25,293.0,8.0,0.013,1.86,0.07
254,2008-08-25 11:40:00,GREGG LAKE,Ron Zurawell,53.53333,-117.8,18.0,,5.5,16.15,285.0,6.0,0.005,1.67,0.07
255,2008-09-16 12:10:00,GREGG LAKE,Ron Zurawell,53.53333,-117.8,18.0,,5.75,12.36,275.0,9.0,0.005,1.45,0.09
256,2005-06-28 15:30:00,GREGOIRE LAKE,Ron Zurawell,56.44444,-111.09722,7.2,3.9,2.5,,,22.1,,5.1,0.07
257,2005-07-12 14:25:00,GREGOIRE LAKE,Ron Zurawell,56.44444,-111.09722,7.2,3.9,2.25,,,25.8,,8.7,0.07
258,2005-07-28 08:45:00,GREGOIRE LAKE,Ron Zurawell,56.44444,-111.09722,7.2,3.9,1.75,,,31.0,,14.0,0.07
259,2005-08-08 16:53:00,GREGOIRE LAKE,Ron Zurawell,56.44444,-111.09722,7.2,3.9,1.75,,,,,18.6,0.08
260,2005-08-21 14:30:00,GREGOIRE LAKE,Ron Zurawell,56.44444,-111.09722,7.2,3.9,2.0,,,,,13.0,0.07
261,2005-09-05 13:15:00,GREGOIRE LAKE,Ron Zurawell,56.44444,-111.09722,7.2,3.9,1.75,,,34.3,,13.1,0.07
262,2006-07-25 12:06:00,GREGOIRE LAKE,Ron Zurawell,56.44444,-111.09722,7.2,3.9,1.25,21.58,615.0,33.0,0.005,10.4,0.56
263,2006-08-11 11:55:00,GREGOIRE LAKE,Ron Zurawell,56.44444,-111.09722,7.2,3.9,1.5,19.05,1045.0,39.0,0.005,10.9,0.09
264,2006-08-29 09:23:00,GREGOIRE LAKE,Ron Zurawell,56.44444,-111.09722,7.2,3.9,1.75,17.59,585.0,36.0,0.005,8.64,0.14
265,2006-09-20 07:56:00,GREGOIRE LAKE,Ron Zurawell,56.44444,-111.09722,7.2,3.9,1.5,11.35,575.0,37.0,0.005,7.33,0.07
266,2007-06-27 16:24:00,GREGOIRE LAKE,Ron Zurawell,56.44444,-111.09722,7.2,3.9,2.0,,,21.0,,8.24,0.07
267,2007-08-07 11:00:00,GREGOIRE LAKE,Ron Zurawell,56.44444,-111.09722,7.2,3.9,1.5,,,36.0,,14.6,1.01
268,2007-08-27 10:00:00,GREGOIRE LAKE,Ron Zurawell,56.44444,-111.09722,7.2,3.9,2.0,,,51.0,,19.7,0.07
269,2007-09-19 16:30:00,GREGOIRE LAKE,Ron Zurawell,56.44444,-111.09722,7.2,3.9,2.0,,,34.0,,12.0,0.07
270,2008-06-18 08:25:00,GREGOIRE LAKE,Ron Zurawell,56.44444,-111.09722,7.2,3.9,3.75,16.79,635.0,39.0,0.005,5.9,0.1
271,2008-07-14 09:45:00,GREGOIRE LAKE,Ron Zurawell,56.44444,-111.09722,7.2,3.9,1.75,18.39,833.0,40.0,0.013,11.9,0.27
272,2008-08-06 08:25:00,GREGOIRE LAKE,Ron Zurawell,56.44444,-111.09722,7.2,3.9,1.25,18.35,765.0,44.0,0.005,22.4,0.07
273,2008-09-04 10:00:00,GREGOIRE LAKE,Ron Zurawell,56.44444,-111.09722,7.2,3.9,1.5,14.16,915.0,57.0,0.005,26.1,0.1
274,2008-09-29 09:15:00,GREGOIRE LAKE,Ron Zurawell,56.44444,-111.09722,7.2,3.9,2.0,9.16,826.0,57.0,0.006,13.3,0.14
275,2006-07-18 11:00:00,GULL LAKE,Ron Zurawell,52.53333,-113.98333,8.0,5.4,1.75,20.37,1725.0,48.0,0.005,13.5,0.09
276,2006-07-26 12:00:00,GULL LAKE,Ron Zurawell,52.53333,-113.98333,8.0,5.4,2.0,22.7,1516.0,31.0,0.006,6.98,0.26
277,2006-08-19 10:45:00,GULL LAKE,Ron Zurawell,52.53333,-113.98333,8.0,5.4,1.75,18.75,1665.0,37.0,0.005,4.95,0.13
278,2006-09-02 12:00:00,GULL LAKE,Ron Zurawell,52.53333,-113.98333,8.0,5.4,1.6,17.03,1575.0,33.0,0.005,6.91,0.07
279,2006-09-06 12:30:00,GULL LAKE,Ron Zurawell,52.53333,-113.98333,8.0,5.4,2.25,17.99,1466.0,30.0,0.006,4.96,0.27
280,2006-09-27 11:00:00,GULL LAKE,Ron Zurawell,52.53333,-113.98333,8.0,5.4,2.0,11.12,1716.0,32.0,0.006,9.96,0.52
281,2008-07-23 10:15:00,GULL LAKE,Ron Zurawell,52.53333,-113.98333,8.0,5.4,1.7,19.84,1676.0,54.0,0.006,12.07,0.28
282,2008-08-20 12:00:00,GULL LAKE,Ron Zurawell,52.53333,-113.98333,8.0,5.4,2.0,20.43,1806.0,44.0,0.006,8.94,0.27
283,2008-09-17 10:30:00,GULL LAKE,Ron Zurawell,52.53333,-113.98333,7.3,2.4,2.3,14.51,1696.0,42.0,0.006,7.98,0.16
284,2008-06-21 09:42:00,HASTINGS LAKE,Ron Zurawell,53.425,-112.9,7.3,2.4,1.0,19.21,2915.0,70.0,0.005,18.4,0.36
285,2008-07-16 09:57:00,HASTINGS LAKE,Ron Zurawell,53.425,-112.9,7.3,2.4,0.75,18.71,3719.0,82.0,0.019,30.2,0.27
286,2008-09-01 13:05:00,HASTINGS LAKE,Ron Zurawell,53.425,-112.9,7.3,2.4,0.9,15.66,3705.0,70.0,0.005,27.7,0.13
287,2008-09-27 08:40:00,HASTINGS LAKE,Ron Zurawell,53.425,-112.9,7.3,2.4,0.75,10.84,4005.0,88.0,0.005,45.2,0.1
288,2005-06-27 07:45:00,HILDA LAKE,Ron Zurawell,54.52972,-110.42139,12.0,6.3,2.0,18.26,1317.0,20.0,0.017,3.3,0.12
289,2005-07-28 13:45:00,HILDA LAKE,Ron Zurawell,54.52972,-110.42139,12.0,6.3,3.2,18.79,1245.0,19.0,0.005,3.2,0.12
290,2005-08-28 11:25:00,HILDA LAKE,Ron Zurawell,54.52972,-110.42139,12.0,6.3,2.9,17.34,1251.0,16.0,0.011,4.3,0.09
291,2005-09-11 07:00:00,HILDA LAKE,Ron Zurawell,54.52972,-110.42139,12.0,6.3,2.9,15.51,1307.0,20.0,0.007,5.7,0.13
292,2006-07-15 05:30:00,HILDA LAKE,Ron Zurawell,54.52972,-110.42139,12.0,6.3,3.0,21.0,1314.0,21.0,0.014,2.94,0.08
293,2006-08-01 09:27:00,HILDA LAKE,Ron Zurawell,54.52972,-110.42139,12.0,6.3,2.5,20.83,1395.0,22.0,0.005,3.14,0.11
294,2006-08-21 07:35:00,HILDA LAKE,Ron Zurawell,54.52972,-110.42139,12.0,6.3,2.75,19.97,1295.0,21.0,0.005,2.69,0.09
295,2006-09-11 14:42:00,HILDA LAKE,Ron Zurawell,54.52972,-110.42139,12.0,6.3,2.5,18.62,1295.0,19.0,0.005,2.96,0.07
296,2007-07-10 10:15:00,HILDA LAKE,Ron Zurawell,54.52972,-110.42139,12.0,6.3,2.25,21.02,1355.0,32.0,0.005,2.6,0.07
297,2007-08-15 10:00:00,HILDA LAKE,Ron Zurawell,54.52972,-110.42139,12.0,6.3,2.5,18.42,1255.0,17.0,0.005,3.06,0.3
298,2007-08-29 09:45:00,HILDA LAKE,Ron Zurawell,54.52972,-110.42139,12.0,6.3,2.25,15.32,,21.0,,5.17,0.07
299,2007-09-20 10:00:00,HILDA LAKE,Ron Zurawell,54.52972,-110.42139,12.0,6.3,1.75,13.49,1195.0,22.0,0.005,4.4,0.17
300,2005-06-09 09:10:00,ISLAND LAKE,Ron Zurawell,54.83333,-113.51667,18.0,3.7,5.5,19.84,1240.0,23.0,0.01,2.2,0.07
301,2005-06-30 09:10:00,ISLAND LAKE,Ron Zurawell,54.83333,-113.51667,18.0,3.7,3.7,18.42,1225.0,20.0,0.005,4.5,0.07
302,2005-07-21 09:05:00,ISLAND LAKE,Ron Zurawell,54.83333,-113.51667,18.0,3.7,2.9,19.37,1265.0,27.0,0.005,6.5,0.08
303,2005-08-13 09:00:00,ISLAND LAKE,Ron Zurawell,54.83333,-113.51667,18.0,3.7,2.0,18.08,1305.0,30.0,0.005,11.1,0.07
304,2005-08-30 13:00:00,ISLAND LAKE,Ron Zurawell,54.83333,-113.51667,18.0,3.7,2.0,17.15,1116.0,64.0,0.006,10.3,0.07
305,2005-09-22 10:30:00,ISLAND LAKE,Ron Zurawell,54.83333,-113.51667,18.0,3.7,2.7,12.41,1479.0,40.0,0.009,15.6,0.07
306,2006-08-14 11:00:00,ISLAND LAKE,Ron Zurawell,54.83333,-113.51667,18.0,3.7,1.75,20.08,1396.0,35.0,0.006,10.3,0.33
307,2007-07-16 10:15:00,JACKFISH LAKE (NEAR CARVEL),Ron Zurawell,53.47917,-114.25556,9.0,3.4,1.75,24.91,1126.0,19.0,0.006,7.15,0.07
308,2007-08-15 11:00:00,JACKFISH LAKE (NEAR CARVEL),Ron Zurawell,53.47917,-114.25556,9.0,3.4,1.9,17.88,1016.0,23.0,0.006,10.3,0.44
309,2007-09-18 10:45:00,JACKFISH LAKE (NEAR CARVEL),Ron Zurawell,53.47917,-114.25556,9.0,3.4,1.75,14.81,1356.0,25.0,0.006,20.0,1.1
310,2005-08-12 20:00:00,JARVIS LAKE,Ron Zurawell,53.48333,-117.8,25.0,,5.5,,,7.6,,1.5,0.07
311,2006-07-24 10:30:00,JARVIS LAKE,Ron Zurawell,53.48333,-117.8,25.0,,8.0,21.6,255.0,14.0,0.005,1.42,0.07
312,2006-08-14 12:00:00,JARVIS LAKE,Ron Zurawell,53.48333,-117.8,25.0,,6.0,,315.0,23.0,0.005,1.39,0.07
313,2006-09-04 10:45:00,JARVIS LAKE,Ron Zurawell,53.48333,-117.8,25.0,,5.5,16.48,235.0,8.0,0.005,1.62,0.07
314,2006-09-27 11:45:00,JARVIS LAKE,Ron Zurawell,53.48333,-117.8,25.0,,5.8,11.34,255.0,11.0,0.005,1.61,0.12
315,2007-07-17 14:08:00,JARVIS LAKE,Ron Zurawell,53.48333,-117.8,25.0,,6.25,,,13.0,,1.01,0.07
316,2007-08-09 16:25:00,JARVIS LAKE,Ron Zurawell,53.48333,-117.8,25.0,,5.5,,,11.0,,1.45,1.41
317,2007-08-30 11:00:00,JARVIS LAKE,Ron Zurawell,53.48333,-117.8,25.0,,6.75,,,12.0,,1.12,0.07
318,2008-06-09 09:20:00,JARVIS LAKE,Ron Zurawell,53.48333,-117.8,25.0,,5.0,12.9,340.0,18.0,0.01,1.86,0.09
319,2008-07-07 09:46:00,JARVIS LAKE,Ron Zurawell,53.48333,-117.8,25.0,,6.25,18.77,345.0,8.0,0.005,1.92,0.07
320,2008-08-05 08:45:00,JARVIS LAKE,Ron Zurawell,53.48333,-117.8,25.0,,7.25,16.7,285.0,8.0,0.005,1.19,0.07
321,2008-08-25 08:40:00,JARVIS LAKE,Ron Zurawell,53.48333,-117.8,25.0,,5.0,17.31,307.0,9.0,0.007,1.42,0.07
322,2008-09-16 09:40:00,JARVIS LAKE,Ron Zurawell,53.48333,-117.8,25.0,,7.0,12.97,315.0,6.0,0.005,0.71,0.09
323,2004-09-02 16:30:00,KEHIWIN LAKE,Ron Zurawell,54.06389,-110.88611,11.6,6.7,2.25,16.11,1536.0,139.0,0.056,49.7,541.38
324,2005-06-25 18:30:00,KEHIWIN LAKE,Ron Zurawell,54.06389,-110.88611,11.6,6.7,1.8,18.36,1313.0,55.0,0.033,22.3,0.07
325,2005-07-17 17:20:00,KEHIWIN LAKE,Ron Zurawell,54.06389,-110.88611,11.6,6.7,1.8,20.25,1255.0,79.0,0.005,23.3,0.73
326,2005-08-21 16:45:00,KEHIWIN LAKE,Ron Zurawell,54.06389,-110.88611,11.6,6.7,2.2,17.0,1635.0,160.0,0.005,73.0,0.07
327,2007-06-30 16:15:00,KEHIWIN LAKE,Ron Zurawell,54.06389,-110.88611,11.6,6.7,2.0,18.35,1359.0,117.0,0.239,11.7,0.16
328,2007-07-18 16:00:00,KEHIWIN LAKE,Ron Zurawell,54.06389,-110.88611,11.6,6.7,0.5,25.45,2235.0,104.0,0.005,96.9,0.07
329,2007-08-31 17:00:00,KEHIWIN LAKE,Ron Zurawell,54.06389,-110.88611,11.6,6.7,1.25,17.83,,276.0,,32.0,0.74
330,2007-09-29 16:30:00,KEHIWIN LAKE,Ron Zurawell,54.06389,-110.88611,11.6,6.7,0.8,12.32,2089.0,186.0,0.059,62.1,1.21
331,2008-07-20 17:00:00,KEHIWIN LAKE,Ron Zurawell,54.06389,-110.88611,11.6,6.7,1.25,21.08,1218.0,80.0,0.018,18.2,0.17
332,2008-08-13 09:10:00,KEHIWIN LAKE,Ron Zurawell,54.06389,-110.88611,11.6,6.7,3.0,19.46,1816.0,182.0,0.016,33.8,0.42
333,2008-09-02 15:40:00,KEHIWIN LAKE,Ron Zurawell,54.06389,-110.88611,11.6,6.7,4.5,17.6,1882.0,225.0,0.022,6.75,1.08
334,2009-06-24 13:00:00,KEHIWIN LAKE,Ron Zurawell,54.06389,-110.88611,11.6,6.7,1.25,19.38,1385.0,86.0,0.005,32.9,0.67
335,2009-07-25 10:15:00,KEHIWIN LAKE,Ron Zurawell,54.06389,-110.88611,11.6,6.7,1.0,23.82,2225.0,174.0,0.005,,1.93
336,2009-06-09 09:30:00,KINOSIU LAKE,Ron Zurawell,54.73361,-112.32278,,,1.0,16.5,2605.0,71.0,0.005,14.0,0.16
337,2009-07-15 16:00:00,KINOSIU LAKE,Ron Zurawell,54.73361,-112.32278,,,1.0,20.65,2777.0,63.0,0.017,13.5,0.87
338,2009-07-28 11:00:00,KINOSIU LAKE,Ron Zurawell,54.73361,-112.32278,,,0.75,22.75,3225.0,78.0,0.005,21.1,0.6
339,2009-08-26 14:00:00,KINOSIU LAKE,Ron Zurawell,54.73361,-112.32278,,,1.0,17.61,3612.0,99.0,0.012,21.4,0.58
340,2008-06-12 11:24:00,LAC LA NONNE - WHOLE LAKE,Ron Zurawell,53.94278,-114.31444,19.8,7.8,2.75,16.28,1253.0,95.0,0.013,7.79,0.73
341,2008-07-04 10:35:00,LAC LA NONNE - WHOLE LAKE,Ron Zurawell,53.94278,-114.31444,19.8,7.8,2.0,22.82,1395.0,129.0,0.005,14.4,0.87
342,2008-07-25 11:04:00,LAC LA NONNE - WHOLE LAKE,Ron Zurawell,53.94278,-114.31444,19.8,7.8,1.4,20.33,2095.0,169.0,0.005,72.1,2.48
343,2008-08-18 09:15:00,LAC LA NONNE - WHOLE LAKE,Ron Zurawell,53.94278,-114.31444,19.8,7.8,0.75,21.36,2385.0,195.0,0.005,59.3,1.32
344,2008-09-12 09:00:00,LAC LA NONNE - WHOLE LAKE,Ron Zurawell,53.94278,-114.31444,19.8,7.8,2.0,15.61,2138.0,186.0,0.038,25.4,0.07
345,2006-07-07 10:45:00,LAC SANTE - WHOLE LAKE,Ron Zurawell,53.83694,-111.57861,24.4,,4.0,21.81,2345.0,67.0,0.005,14.6,0.42
346,2006-08-05 13:06:00,LAC SANTE - WHOLE LAKE,Ron Zurawell,53.83694,-111.57861,24.4,,4.0,19.62,2235.0,46.0,0.005,7.51,0.31
347,2006-08-27 09:48:00,LAC SANTE - WHOLE LAKE,Ron Zurawell,53.83694,-111.57861,24.4,,4.25,19.11,2345.0,41.0,0.005,4.43,0.74
348,2006-09-23 13:12:00,LAC SANTE - WHOLE LAKE,Ron Zurawell,53.83694,-111.57861,24.4,,4.5,12.67,2456.0,62.0,0.006,8.51,1.18
349,2007-07-01 12:30:00,LAC SANTE - WHOLE LAKE,Ron Zurawell,53.83694,-111.57861,24.4,,5.0,18.21,2432.0,52.0,0.402,5.41,0.1
350,2007-08-18 13:00:00,LAC SANTE - WHOLE LAKE,Ron Zurawell,53.83694,-111.57861,24.4,,1.5,18.27,1995.0,45.0,0.005,8.8,1.26
351,2008-07-12 09:45:00,LAC SANTE - WHOLE LAKE,Ron Zurawell,53.83694,-111.57861,24.4,,5.75,18.66,2144.0,56.0,0.014,2.59,0.25
352,2008-08-01 09:45:00,LAC SANTE - WHOLE LAKE,Ron Zurawell,53.83694,-111.57861,24.4,,4.5,19.38,2155.0,47.0,0.005,3.05,0.11
353,2008-08-23 09:45:00,LAC SANTE - WHOLE LAKE,Ron Zurawell,53.83694,-111.57861,24.4,,5.0,19.11,2357.0,54.0,0.007,3.63,0.17
354,2008-09-12 09:45:00,LAC SANTE - WHOLE LAKE,Ron Zurawell,53.83694,-111.57861,24.4,,4.0,15.5,2345.0,50.0,0.005,4.75,0.13
355,2009-06-07 09:20:00,LAC SANTE - WHOLE LAKE,Ron Zurawell,53.83694,-111.57861,24.4,,8.0,12.15,2407.0,77.0,0.017,0.6,0.09
356,2009-07-12 09:05:00,LAC SANTE - WHOLE LAKE,Ron Zurawell,53.83694,-111.57861,24.4,,6.0,16.52,1949.0,48.0,0.019,2.51,0.14
357,2009-07-27 09:10:00,LAC SANTE - WHOLE LAKE,Ron Zurawell,53.83694,-111.57861,24.4,,6.0,20.75,2385.0,60.0,0.005,,0.15
358,2009-08-16 09:25:00,LAC SANTE - WHOLE LAKE,Ron Zurawell,53.83694,-111.57861,24.4,,3.0,18.22,2645.0,59.0,0.005,19.9,0.15
359,2005-07-06 09:00:00,LAKE NEWELL,Ron Zurawell,50.43333,-111.91667,19.8,4.8,4.25,,375.0,14.1,0.005,1.5,0.13
360,2005-07-27 09:00:00,LAKE NEWELL,Ron Zurawell,50.43333,-111.91667,19.8,4.8,5.25,,405.0,16.8,0.005,7.4,0.07
361,2005-08-15 09:00:00,LAKE NEWELL,Ron Zurawell,50.43333,-111.91667,19.8,4.8,3.75,,376.0,15.8,0.016,7.5,0.07
362,2005-08-31 09:00:00,LAKE NEWELL,Ron Zurawell,50.43333,-111.91667,19.8,4.8,4.25,,505.0,15.6,0.005,5.4,0.07
363,2006-07-19 11:19:00,LAKE NEWELL,Ron Zurawell,50.43333,-111.91667,19.8,4.8,5.13,,,16.0,,2.97,0.07
364,2007-07-18 09:00:00,LAKE NEWELL,Ron Zurawell,50.43333,-111.91667,19.8,4.8,5.1,22.38,327.0,24.0,0.017,1.88,0.07
365,2007-06-29 10:15:00,LAURIER LAKE,Ron Zurawell,53.85889,-110.50917,9.1,,3.25,17.59,,44.0,,2.59,0.23
366,2007-07-18 09:00:00,LAURIER LAKE,Ron Zurawell,53.85889,-110.50917,9.1,,2.0,25.54,2185.0,34.0,0.005,4.66,0.07
367,2007-08-08 13:15:00,LAURIER LAKE,Ron Zurawell,53.85889,-110.50917,9.1,,1.75,22.08,,39.0,,6.75,1.21
368,2007-09-06 14:30:00,LAURIER LAKE,Ron Zurawell,53.85889,-110.50917,9.1,,1.5,16.96,2205.0,40.0,0.005,5.61,0.16
369,2008-06-24 16:20:00,LAURIER LAKE,Ron Zurawell,53.85889,-110.50917,9.1,,1.25,19.69,2365.0,50.0,0.005,13.1,0.36
370,2008-07-17 14:15:00,LAURIER LAKE,Ron Zurawell,53.85889,-110.50917,9.1,,1.25,21.89,2883.0,49.0,0.013,11.5,0.18
371,2008-08-08 14:10:00,LAURIER LAKE,Ron Zurawell,53.85889,-110.50917,9.1,,1.25,22.24,2666.0,51.0,0.006,9.92,0.25
372,2008-08-26 11:30:00,LAURIER LAKE,Ron Zurawell,53.85889,-110.50917,9.1,,1.25,19.04,2826.0,61.0,0.006,15.4,0.26
373,2008-09-15 12:10:00,LAURIER LAKE,Ron Zurawell,53.85889,-110.50917,9.1,,1.5,15.14,2865.0,45.0,0.005,9.75,0.13
374,2009-06-05 10:40:00,LAURIER LAKE,Ron Zurawell,53.85889,-110.50917,9.1,,1.25,15.66,2810.0,55.0,0.01,8.97,0.16
375,2009-07-02 14:00:00,LAURIER LAKE,Ron Zurawell,53.85889,-110.50917,9.1,,3.75,19.71,2438.0,37.0,0.008,2.54,0.22
376,2009-08-13 09:45:00,LAURIER LAKE,Ron Zurawell,53.85889,-110.50917,9.1,,1.25,20.48,2945.0,61.0,0.005,13.5,0.69
377,2009-06-10 09:15:00,LITTLE BEAVER LAKE,Ron Zurawell,52.7733,-112.98188,2.3,1.4,0.25,15.13,6000.0,390.0,0.02,69.6,0.76
378,2009-07-05 08:45:00,LITTLE BEAVER LAKE,Ron Zurawell,52.7733,-112.98188,2.3,1.4,0.2,19.21,8217.0,485.0,0.047,203.0,1.82
379,2009-07-25 08:30:00,LITTLE BEAVER LAKE,Ron Zurawell,52.7733,-112.98188,2.3,1.4,0.2,24.09,8177.0,508.0,0.027,188.0,10.93
380,2009-08-15 08:25:00,LITTLE BEAVER LAKE,Ron Zurawell,52.7733,-112.98188,2.3,1.4,0.15,16.18,9665.0,683.0,0.005,322.0,8.02
381,2007-07-25 09:30:00,LONG ISLAND LAKE - NORTH BASIN,Ron Zurawell,54.45,-113.8,14.0,7.4,3.9,23.58,,21.0,,3.18,1.01
382,2007-08-08 12:00:00,LONG ISLAND LAKE - NORTH BASIN,Ron Zurawell,54.45,-113.8,14.0,7.4,2.75,,855.0,21.0,0.005,4.99,0.07
383,2007-09-05 09:00:00,LONG ISLAND LAKE - NORTH BASIN,Ron Zurawell,54.45,-113.8,14.0,7.4,3.6,17.4,885.0,29.0,0.005,6.71,0.74
384,2007-07-25 12:00:00,LONG ISLAND LAKE - SOUTH BASIN,Ron Zurawell,54.43333,-113.76667,14.0,7.4,4.75,24.0,,25.0,,4.63,0.34
385,2007-08-08 11:00:00,LONG ISLAND LAKE - SOUTH BASIN,Ron Zurawell,54.43333,-113.76667,14.0,7.4,3.5,,905.0,22.0,0.005,4.98,0.07
386,2007-09-05 11:00:00,LONG ISLAND LAKE - SOUTH BASIN,Ron Zurawell,54.43333,-113.76667,14.0,7.4,4.2,17.7,1085.0,45.0,0.005,4.67,0.1
387,2004-08-31 14:15:00,LONG LAKE (NEAR BOYLE),Ron Zurawell,54.4256,-112.7634,9.0,4.3,1.25,16.78,1689.0,103.8,0.009,72.5,2.16
388,2005-06-07 09:30:00,LONG LAKE (NEAR BOYLE),Ron Zurawell,54.4256,-112.7634,9.0,4.3,4.6,17.24,1042.0,25.0,0.052,5.1,0.07
389,2005-06-28 08:35:00,LONG LAKE (NEAR BOYLE),Ron Zurawell,54.4256,-112.7634,9.0,4.3,2.5,17.06,1084.0,41.0,0.014,19.2,0.07
390,2005-07-19 08:35:00,LONG LAKE (NEAR BOYLE),Ron Zurawell,54.4256,-112.7634,9.0,4.3,2.8,19.91,1025.0,45.0,0.005,12.6,0.08
391,2005-07-26 09:52:00,LONG LAKE (NEAR BOYLE),Ron Zurawell,54.4256,-112.7634,9.0,4.3,2.25,,,62.5,,,0.07
392,2005-08-09 08:30:00,LONG LAKE (NEAR BOYLE),Ron Zurawell,54.4256,-112.7634,9.0,4.3,2.0,19.98,1014.9999999999999,58.0,0.005,18.6,0.46
393,2005-08-14 14:40:00,LONG LAKE (NEAR BOYLE),Ron Zurawell,54.4256,-112.7634,9.0,4.3,1.5,,,64.8,,13.4,0.09
394,2005-08-28 13:38:00,LONG LAKE (NEAR BOYLE),Ron Zurawell,54.4256,-112.7634,9.0,4.3,2.5,,,61.0,,19.4,0.42
395,2005-08-30 08:30:00,LONG LAKE (NEAR BOYLE),Ron Zurawell,54.4256,-112.7634,9.0,4.3,3.0,16.74,1457.0,34.0,0.007,16.8,1.06
396,2005-09-20 09:20:00,LONG LAKE (NEAR BOYLE),Ron Zurawell,54.4256,-112.7634,9.0,4.3,2.25,13.11,,63.9,,30.5,0.08
397,2005-09-20 09:30:00,LONG LAKE (NEAR BOYLE),Ron Zurawell,54.4256,-112.7634,9.0,4.3,2.2,,1125.0,68.0,0.005,28.0,1.12
398,2006-07-21 09:53:00,LONG LAKE (NEAR BOYLE),Ron Zurawell,54.4256,-112.7634,9.0,4.3,2.0,22.26,1095.0,45.0,0.005,28.0,0.22
399,2006-08-08 09:13:00,LONG LAKE (NEAR BOYLE),Ron Zurawell,54.4256,-112.7634,9.0,4.3,0.5,21.86,1995.0,170.0,0.005,91.2,0.61
400,2006-08-25 13:39:00,LONG LAKE (NEAR BOYLE),Ron Zurawell,54.4256,-112.7634,9.0,4.3,1.25,20.22,1578.0,115.0,0.018,42.4,0.41
401,2006-09-27 09:37:00,LONG LAKE (NEAR BOYLE),Ron Zurawell,54.4256,-112.7634,9.0,4.3,2.75,12.72,1276.0,73.0,0.096,23.5,0.44
402,2007-06-25 09:35:00,LONG LAKE (NEAR BOYLE),Ron Zurawell,54.4256,-112.7634,9.0,4.3,4.75,,,32.0,,4.63,0.31
403,2007-07-23 16:15:00,LONG LAKE (NEAR BOYLE),Ron Zurawell,54.4256,-112.7634,9.0,4.3,1.5,,,32.0,,19.0,1.09
404,2007-08-12 14:15:00,LONG LAKE (NEAR BOYLE),Ron Zurawell,54.4256,-112.7634,9.0,4.3,1.75,,,82.0,,26.0,1.33
405,2007-08-26 17:12:00,LONG LAKE (NEAR BOYLE),Ron Zurawell,54.4256,-112.7634,9.0,4.3,1.25,,,90.0,,51.1,2.52
406,2007-09-26 11:30:00,LONG LAKE (NEAR BOYLE),Ron Zurawell,54.4256,-112.7634,9.0,4.3,3.25,,,49.0,,9.45,1.39
407,2008-06-09 10:00:00,LONG LAKE (NEAR BOYLE),Ron Zurawell,54.4256,-112.7634,9.0,4.3,3.75,16.46,813.0,25.0,0.013,4.1,0.07
408,2008-07-08 09:15:00,LONG LAKE (NEAR BOYLE),Ron Zurawell,54.4256,-112.7634,9.0,4.3,4.0,21.03,835.0,32.0,0.005,5.38,0.07
409,2008-07-30 09:40:00,LONG LAKE (NEAR BOYLE),Ron Zurawell,54.4256,-112.7634,9.0,4.3,4.0,21.44,839.0,34.0,0.009,6.24,0.19
410,2008-08-19 09:15:00,LONG LAKE (NEAR BOYLE),Ron Zurawell,54.4256,-112.7634,9.0,4.3,1.75,21.83,995.0,38.0,0.005,20.0,0.21
411,2008-09-09 09:30:00,LONG LAKE (NEAR BOYLE),Ron Zurawell,54.4256,-112.7634,9.0,4.3,2.75,16.0,975.0,33.0,0.005,16.8,0.13
412,2005-06-29 13:00:00,LOWER KANANASKIS LAKE,Ron Zurawell,50.65,-115.13333,42.1,13.1,5.0,,,7.6,,2.0,0.07
413,2005-07-25 13:15:00,LOWER KANANASKIS LAKE,Ron Zurawell,50.65,-115.13333,42.1,13.1,5.63,,,5.0,,0.9,0.07
414,2005-09-21 11:45:00,LOWER KANANASKIS LAKE,Ron Zurawell,50.65,-115.13333,42.1,13.1,4.25,,,5.1000000000000005,,1.0,0.07
415,2006-07-22 16:22:00,LOWER KANANASKIS LAKE,Ron Zurawell,50.65,-115.13333,42.1,13.1,6.5,17.74,85.0,7.0,0.005,0.76,0.07
416,2006-08-18 16:18:00,LOWER KANANASKIS LAKE,Ron Zurawell,50.65,-115.13333,42.1,13.1,8.5,15.75,65.0,6.0,0.005,0.71,0.07
417,2006-09-07 16:07:00,LOWER KANANASKIS LAKE,Ron Zurawell,50.65,-115.13333,42.1,13.1,10.0,15.8,65.0,7.0,0.005,0.56,0.07
418,2006-09-26 11:26:00,LOWER KANANASKIS LAKE,Ron Zurawell,50.65,-115.13333,42.1,13.1,9.75,11.66,85.0,4.0,0.005,0.73,0.07
419,2007-07-12 11:00:00,MARIE LAKE,Ron Zurawell,54.60694,-110.29,26.0,29.0,4.25,19.58,,11.0,,2.42,0.07
420,2007-08-14 14:30:00,MARIE LAKE,Ron Zurawell,54.60694,-110.29,26.0,29.0,3.25,17.88,525.0,13.0,0.005,2.77,0.24
421,2007-09-19 10:00:00,MARIE LAKE,Ron Zurawell,54.60694,-110.29,26.0,29.0,3.5,13.12,495.0,20.0,0.005,2.9,0.1
422,2008-07-11 10:15:00,MARIE LAKE,Ron Zurawell,54.60694,-110.29,26.0,29.0,3.75,17.62,606.0,24.0,0.016,2.53,0.1
423,2008-08-09 10:00:00,MARIE LAKE,Ron Zurawell,54.60694,-110.29,26.0,29.0,3.75,18.98,535.0,14.0,0.005,2.65,0.07
424,2008-08-27 09:45:00,MARIE LAKE,Ron Zurawell,54.60694,-110.29,26.0,29.0,3.75,17.73,559.0,13.0,0.009,2.29,0.1
425,2008-09-22 09:30:00,MARIE LAKE,Ron Zurawell,54.60694,-110.29,26.0,29.0,3.75,13.57,555.0,14.0,0.005,1.99,0.1
426,2009-06-07 13:40:00,MARIE LAKE,Ron Zurawell,54.60694,-110.29,26.0,29.0,2.5,9.08,655.0,32.0,0.005,5.82,0.13
427,2009-07-27 08:45:00,MARIE LAKE,Ron Zurawell,54.60694,-110.29,26.0,29.0,4.0,20.28,565.0,14.0,0.005,2.22,0.1
428,2009-08-17 18:00:00,MARIE LAKE,Ron Zurawell,54.60694,-110.29,26.0,29.0,3.0,18.27,586.0,13.0,0.006,2.48,0.12
429,2009-08-30 08:30:00,MARIE LAKE,Ron Zurawell,54.60694,-110.29,26.0,29.0,4.0,17.89,689.0,20.0,0.009,2.52,0.11
430,2007-07-16 10:39:00,MATCHAYAW LAKE,Ron Zurawell,53.71139,-114.09778,10.0,4.35,0.8,24.46,1725.0,72.0,0.005,49.7,0.25
431,2007-08-07 10:30:00,MATCHAYAW LAKE,Ron Zurawell,53.71139,-114.09778,10.0,4.35,0.9,21.08,1725.0,86.0,0.005,65.7,0.07
432,2007-08-27 11:30:00,MATCHAYAW LAKE,Ron Zurawell,53.71139,-114.09778,10.0,4.35,1.4,16.39,,135.0,,27.0,2.8
433,2007-10-04 10:45:00,MATCHAYAW LAKE,Ron Zurawell,53.71139,-114.09778,10.0,4.35,1.8,10.26,1927.0,127.0,0.017,39.4,0.14
434,2005-06-26 09:45:00,MCLEOD LAKE - EAST,Ron Zurawell,54.29444,-115.65833,10.7,5.1,2.5,,,,,2.6,0.07
435,2005-07-17 12:30:00,MCLEOD LAKE - EAST,Ron Zurawell,54.29444,-115.65833,10.7,5.1,2.25,,695.0,29.5,0.005,7.7,0.07
436,2005-08-21 11:00:00,MCLEOD LAKE - EAST,Ron Zurawell,54.29444,-115.65833,10.7,5.1,2.0,,865.0,,0.005,10.1,0.1
437,2005-08-30 11:04:00,MCLEOD LAKE - EAST,Ron Zurawell,54.29444,-115.65833,10.7,5.1,2.5,16.05,756.0,29.5,0.066,8.2,0.07
438,2006-06-23 00:00:00,MCLEOD LAKE - EAST,Ron Zurawell,54.29444,-115.65833,10.7,5.1,2.5,,,26.0,,4.18,0.07
439,2006-07-24 08:00:00,MCLEOD LAKE - EAST,Ron Zurawell,54.29444,-115.65833,10.7,5.1,3.5,,,24.0,,3.34,0.07
440,2006-08-13 12:24:00,MCLEOD LAKE - EAST,Ron Zurawell,54.29444,-115.65833,10.7,5.1,2.5,,,24.0,,6.43,0.07
441,2006-08-28 09:15:00,MCLEOD LAKE - EAST,Ron Zurawell,54.29444,-115.65833,10.7,5.1,2.25,,,29.0,,14.8,0.07
442,2006-09-05 10:00:00,MCLEOD LAKE - EAST,Ron Zurawell,54.29444,-115.65833,10.7,5.1,1.5,,,38.0,,22.9,0.38
443,2007-07-26 08:30:00,MCLEOD LAKE - EAST,Ron Zurawell,54.29444,-115.65833,10.7,5.1,3.5,21.31,599.0,24.0,0.009,3.52,0.25
444,2007-08-16 10:05:00,MCLEOD LAKE - EAST,Ron Zurawell,54.29444,-115.65833,10.7,5.1,2.5,17.31,665.0,34.0,0.005,6.95,0.21
445,2008-06-29 09:30:00,MCLEOD LAKE - EAST,Ron Zurawell,54.29444,-115.65833,10.7,5.1,3.64,,,32.0,,3.16,0.07
446,2008-07-13 11:50:00,MCLEOD LAKE - EAST,Ron Zurawell,54.29444,-115.65833,10.7,5.1,5.0,,,23.0,,2.45,0.07
447,2008-07-27 16:00:00,MCLEOD LAKE - EAST,Ron Zurawell,54.29444,-115.65833,10.7,5.1,4.0,,,22.0,,3.14,0.07
448,2008-08-17 12:04:00,MCLEOD LAKE - EAST,Ron Zurawell,54.29444,-115.65833,10.7,5.1,3.0,,,29.0,,8.75,0.12
449,2008-08-31 12:00:00,MCLEOD LAKE - EAST,Ron Zurawell,54.29444,-115.65833,23.8,8.2,2.25,,,35.0,,10.1,0.12
450,2008-06-20 09:45:00,MINNIE LAKE,Ron Zurawell,54.27778,-111.1,23.8,8.2,8.0,18.27,1605.0,60.0,0.075,1.38,0.18
451,2008-07-16 09:20:00,MINNIE LAKE,Ron Zurawell,54.27778,-111.1,23.8,8.2,3.25,20.1,1540.0,37.0,0.02,7.89,0.07
452,2008-08-08 09:20:00,MINNIE LAKE,Ron Zurawell,54.27778,-111.1,23.8,8.2,4.5,21.02,1565.0,42.0,0.005,8.06,0.11
453,2008-09-01 09:15:00,MINNIE LAKE,Ron Zurawell,54.27778,-111.1,23.8,8.2,3.25,16.77,1445.0,32.0,0.005,5.42,0.13
454,2008-09-16 09:30:00,MINNIE LAKE,Ron Zurawell,54.27778,-111.1,23.8,8.2,3.5,15.15,1475.0,29.0,0.005,3.53,0.09
455,2009-06-25 09:30:00,MINNIE LAKE,Ron Zurawell,54.27778,-111.1,23.8,8.2,2.25,18.96,1440.0,49.0,0.01,3.48,0.08
456,2009-07-15 10:00:00,MINNIE LAKE,Ron Zurawell,54.27778,-111.1,23.8,8.2,2.25,18.23,1541.0,39.0,0.011,3.79,0.11
457,2009-08-05 10:15:00,MINNIE LAKE,Ron Zurawell,54.27778,-111.1,23.8,8.2,1.25,20.22,1695.0,47.0,0.005,7.02,0.12
458,2009-08-20 10:00:00,MINNIE LAKE,Ron Zurawell,54.27778,-111.1,23.8,8.2,3.0,18.36,1487.0,34.0,0.007,1.82,0.14
459,2005-08-03 19:30:00,MIQUELON LAKE,Ron Zurawell,53.25111,-112.90389,6.0,2.7,2.5,,,145.2,,6.3,0.08
460,2005-08-19 10:09:00,MIQUELON LAKE,Ron Zurawell,53.25111,-112.90389,6.0,2.7,2.5,,,131.8,,2.0,0.07
461,2005-09-15 10:24:00,MIQUELON LAKE,Ron Zurawell,53.25111,-112.90389,6.0,2.7,2.5,,,134.8,,5.0,0.82
462,2006-07-19 09:45:00,MIQUELON LAKE,Ron Zurawell,53.25111,-112.90389,6.0,2.7,1.15,19.15,8605.0,122.0,0.005,5.73,0.7
463,2006-08-17 09:45:00,MIQUELON LAKE,Ron Zurawell,53.25111,-112.90389,6.0,2.7,1.1,18.37,8445.0,143.0,0.005,4.89,0.42
464,2006-08-29 10:00:00,MIQUELON LAKE,Ron Zurawell,53.25111,-112.90389,6.0,2.7,0.75,17.59,9445.0,203.0,0.005,4.47,0.28
465,2006-09-21 12:30:00,MIQUELON LAKE,Ron Zurawell,53.25111,-112.90389,6.0,2.7,1.1,8.05,10360.0,300.0,0.06,3.62,0.45
466,2007-06-27 15:30:00,MIQUELON LAKE,Ron Zurawell,53.25111,-112.90389,6.0,2.7,1.0,,,74.0,,3.58,0.33
467,2007-07-25 09:44:00,MIQUELON LAKE,Ron Zurawell,53.25111,-112.90389,6.0,2.7,1.25,,,246.0,,3.79,0.07
468,2007-08-09 07:45:00,MIQUELON LAKE,Ron Zurawell,53.25111,-112.90389,6.0,2.7,1.5,,,211.0,,2.69,2.27
469,2007-08-30 13:00:00,MIQUELON LAKE,Ron Zurawell,53.25111,-112.90389,6.0,2.7,1.75,,,125.0,,2.37,2.4
470,2008-06-17 09:20:00,MIQUELON LAKE,Ron Zurawell,53.25111,-112.90389,6.0,2.7,2.0,17.38,9115.0,208.0,0.005,4.6,0.59
471,2008-07-17 14:15:00,MIQUELON LAKE,Ron Zurawell,53.25111,-112.90389,6.0,2.7,1.5,19.8,9131.0,210.0,0.021,3.9,0.69
472,2008-08-07 08:35:00,MIQUELON LAKE,Ron Zurawell,53.25111,-112.90389,6.0,2.7,1.2,19.34,9816.0,331.0,0.026,21.9,0.36
473,2008-09-05 15:15:00,MIQUELON LAKE,Ron Zurawell,53.25111,-112.90389,6.0,2.7,1.1,14.13,10675.0,433.0,0.075,4.0,0.5
474,2008-09-18 09:30:00,MIQUELON LAKE,Ron Zurawell,53.25111,-112.90389,6.0,2.7,1.1,14.45,11381.0,477.0,0.081,4.36,0.86
475,2006-07-19 10:29:00,MONS LAKE (NEAR SMOKY LAKE),Ron Zurawell,54.58139,-113.22111,7.0,,1.0,21.3,1855.0,48.0,0.005,33.6,0.11
476,2006-08-05 08:43:00,MONS LAKE (NEAR SMOKY LAKE),Ron Zurawell,54.58139,-113.22111,7.0,,1.0,19.88,1845.0,51.0,0.005,23.5,0.1
477,2006-08-26 11:25:00,MONS LAKE (NEAR SMOKY LAKE),Ron Zurawell,54.58139,-113.22111,7.0,,1.0,19.56,1845.0,50.0,0.005,30.4,0.4
478,2006-09-23 09:12:00,MONS LAKE (NEAR SMOKY LAKE),Ron Zurawell,54.58139,-113.22111,7.0,,1.25,11.24,2027.0000000000002,60.0,0.007,35.8,0.48
479,2005-06-27 09:30:00,MOONSHINE LAKE,Ron Zurawell,55.88333,-119.21667,3.5,1.3,2.75,,1616.0,134.6,0.016,3.4,0.08
480,2005-07-27 10:50:00,MOONSHINE LAKE,Ron Zurawell,55.88333,-119.21667,3.5,1.3,2.0,,1564.0,138.7,0.014,8.7,0.39
481,2005-08-09 09:45:00,MOONSHINE LAKE,Ron Zurawell,55.88333,-119.21667,3.5,1.3,1.8,,1425.0,108.60000000000001,0.005,8.2,0.34
482,2005-08-23 10:00:00,MOONSHINE LAKE,Ron Zurawell,55.88333,-119.21667,3.5,1.3,2.25,,1495.0,94.10000000000001,0.005,8.7,0.12
483,2005-09-26 12:00:00,MOONSHINE LAKE,Ron Zurawell,55.88333,-119.21667,3.5,1.3,2.25,,1445.0,80.0,0.005,6.2,0.07
484,2006-06-25 15:30:00,MOONSHINE LAKE,Ron Zurawell,55.88333,-119.21667,3.5,1.3,2.83,,,66.0,,9.55,0.07
485,2006-07-11 14:54:00,MOONSHINE LAKE,Ron Zurawell,55.88333,-119.21667,3.5,1.3,1.25,,,101.0,,42.2,0.07
486,2006-08-08 09:30:00,MOONSHINE LAKE,Ron Zurawell,55.88333,-119.21667,3.5,1.3,3.0,,,277.0,,1.02,0.07
487,2006-08-28 09:30:00,MOONSHINE LAKE,Ron Zurawell,55.88333,-119.21667,3.5,1.3,3.0,,,231.0,,3.34,0.07
488,2007-07-12 09:55:00,MOONSHINE LAKE,Ron Zurawell,55.88333,-119.21667,3.5,1.3,0.6,21.37,4915.0,368.0,0.005,235.0,0.07
489,2007-07-31 11:00:00,MOONSHINE LAKE,Ron Zurawell,55.88333,-119.21667,3.5,1.3,0.9,19.18,3549.0,438.0,0.009,85.3,1.28
490,2007-08-23 15:00:00,MOONSHINE LAKE,Ron Zurawell,55.88333,-119.21667,3.5,1.3,0.8,17.31,4610.0,613.0,0.01,61.2,0.33
491,2007-09-18 11:00:00,MOONSHINE LAKE,Ron Zurawell,55.88333,-119.21667,3.5,1.3,1.2,11.86,2960.0,286.0,0.04,89.8,0.07
492,2008-07-03 11:00:00,MOONSHINE LAKE,Ron Zurawell,55.88333,-119.21667,3.5,1.3,0.75,22.0,,112.0,,41.9,0.2
493,2008-07-17 12:00:00,MOONSHINE LAKE,Ron Zurawell,55.88333,-119.21667,3.5,1.3,0.85,19.0,,202.0,,127.0,1.56
494,2008-08-07 10:00:00,MOONSHINE LAKE,Ron Zurawell,55.88333,-119.21667,3.5,1.3,0.9,21.0,,409.0,,137.0,0.1
495,2008-08-25 09:10:00,MOONSHINE LAKE,Ron Zurawell,55.88333,-119.21667,3.5,1.3,1.45,17.0,,518.0,,34.5,0.89
496,2008-09-22 14:00:00,MOONSHINE LAKE,Ron Zurawell,55.88333,-119.21667,3.5,1.3,1.25,13.0,,519.0,,44.5,0.07
497,2005-06-11 11:00:00,MOORE (CRANE) LAKE,Ron Zurawell,54.52389,-110.49556,26.0,8.3,1.6,15.95,1065.0,28.0,0.005,10.0,0.19
498,2005-07-06 10:30:00,MOORE (CRANE) LAKE,Ron Zurawell,54.52389,-110.49556,26.0,8.3,4.5,20.67,981.0,22.0,0.011,6.0,0.29
499,2005-07-29 07:45:00,MOORE (CRANE) LAKE,Ron Zurawell,54.52389,-110.49556,26.0,8.3,3.5,18.62,945.0,22.0,0.005,5.1,0.1
500,2005-08-21 08:00:00,MOORE (CRANE) LAKE,Ron Zurawell,54.52389,-110.49556,26.0,8.3,3.2,16.31,965.0,25.0,0.005,5.9,0.09
501,2005-09-18 09:30:00,MOORE (CRANE) LAKE,Ron Zurawell,54.52389,-110.49556,26.0,8.3,3.3,14.01,989.0,23.0,0.009,8.3,0.14
502,2006-07-15 09:00:00,MOORE (CRANE) LAKE,Ron Zurawell,54.52389,-110.49556,26.0,8.3,3.25,20.31,986.0,23.0,0.016,3.7,0.14
503,2006-07-31 10:06:00,MOORE (CRANE) LAKE,Ron Zurawell,54.52389,-110.49556,26.0,8.3,3.0,21.0,1025.0,23.0,0.005,3.17,0.13
504,2006-08-21 10:42:00,MOORE (CRANE) LAKE,Ron Zurawell,54.52389,-110.49556,26.0,8.3,3.25,19.78,975.0,22.0,0.005,3.79,0.09
505,2007-07-10 14:45:00,MOORE (CRANE) LAKE,Ron Zurawell,54.52389,-110.49556,26.0,8.3,4.5,20.61,,19.0,,2.36,0.28
506,2007-08-03 14:45:00,MOORE (CRANE) LAKE,Ron Zurawell,54.52389,-110.49556,26.0,8.3,3.25,,855.0,20.0,0.005,2.72,0.07
507,2007-08-29 17:00:00,MOORE (CRANE) LAKE,Ron Zurawell,54.52389,-110.49556,26.0,8.3,3.25,16.63,,23.0,,5.02,0.1
508,2007-09-20 16:30:00,MOORE (CRANE) LAKE,Ron Zurawell,54.52389,-110.49556,26.0,8.3,2.25,14.12,805.0,27.0,0.005,4.66,0.13
509,2008-07-03 13:45:00,MOORE (CRANE) LAKE,Ron Zurawell,54.52389,-110.49556,26.0,8.3,5.0,21.7,945.0,27.0,0.005,2.06,0.1
510,2008-07-25 13:15:00,MOORE (CRANE) LAKE,Ron Zurawell,54.52389,-110.49556,26.0,8.3,4.5,,845.0,18.0,0.005,2.18,0.09
511,2008-08-09 14:00:00,MOORE (CRANE) LAKE,Ron Zurawell,54.52389,-110.49556,26.0,8.3,3.5,19.85,965.0,21.0,0.005,2.3,0.11
512,2008-09-06 10:00:00,MOORE (CRANE) LAKE,Ron Zurawell,54.52389,-110.49556,26.0,8.3,3.0,16.28,995.0,24.0,0.005,3.24,0.09
513,2009-06-15 08:30:00,MOORE (CRANE) LAKE,Ron Zurawell,54.52389,-110.49556,26.0,8.3,3.0,18.2,345.0,11.0,0.005,1.53,0.11
514,2009-07-10 08:15:00,MOORE (CRANE) LAKE,Ron Zurawell,54.52389,-110.49556,26.0,8.3,4.75,16.8,873.0,21.0,0.013,2.94,0.12
515,2009-08-04 06:00:00,MOORE (CRANE) LAKE,Ron Zurawell,54.52389,-110.49556,26.0,8.3,4.25,19.39,905.0,19.0,0.005,2.44,0.15
516,2009-08-18 06:00:00,MOORE (CRANE) LAKE,Ron Zurawell,54.52389,-110.49556,26.0,8.3,3.25,19.26,885.0,26.0,0.005,2.2,0.13
517,2005-06-20 09:37:00,MOOSE LAKE,Ron Zurawell,54.25,-110.91667,19.8,5.6,2.9,16.39,1445.0,45.0,0.005,10.9,0.29
518,2005-07-09 08:30:00,MOOSE LAKE,Ron Zurawell,54.25,-110.91667,19.8,5.6,2.9,20.25,1655.0,49.0,0.005,20.2,0.65
519,2005-08-04 12:30:00,MOOSE LAKE,Ron Zurawell,54.25,-110.91667,19.8,5.6,1.5,19.62,1625.0,53.0,0.005,40.7,0.5
520,2005-09-03 09:15:00,MOOSE LAKE,Ron Zurawell,54.25,-110.91667,19.8,5.6,1.3,16.86,1685.0,55.0,0.005,37.4,0.23
521,2006-07-10 11:09:00,MOOSE LAKE,Ron Zurawell,54.25,-110.91667,19.8,5.6,1.25,21.24,1875.0,55.0,0.005,39.6,0.07
522,2006-08-03 10:19:00,MOOSE LAKE,Ron Zurawell,54.25,-110.91667,19.8,5.6,0.75,20.52,2055.0,65.0,0.005,44.5,0.07
523,2006-08-18 10:41:00,MOOSE LAKE,Ron Zurawell,54.25,-110.91667,19.8,5.6,1.0,21.1,1875.0,65.0,0.005,42.5,0.08
524,2006-09-05 09:53:00,MOOSE LAKE,Ron Zurawell,54.25,-110.91667,19.8,5.6,1.25,18.19,1795.0,65.0,0.005,38.4,0.07
525,2009-06-30 12:50:00,MOOSE LAKE,Ron Zurawell,54.25,-110.91667,19.8,5.6,6.25,17.98,1397.0,41.0,0.007,3.94,0.17
526,2009-07-21 10:45:00,MOOSE LAKE,Ron Zurawell,54.25,-110.91667,19.8,5.6,2.75,18.85,1524.0,35.0,0.014,14.7,0.48
527,2009-08-06 11:00:00,MOOSE LAKE,Ron Zurawell,54.25,-110.91667,19.8,5.6,2.0,19.89,1665.0,39.0,0.005,16.6,1.09
528,2009-08-31 11:00:00,MOOSE LAKE,Ron Zurawell,54.25,-110.91667,19.8,5.6,1.25,19.54,1799.0,56.0,0.009,27.6,0.63
529,2006-08-14 11:47:00,MURIEL LAKE - WHOLE LAKE,Ron Zurawell,54.06667,-110.725,10.7,6.6,1.0,18.7,2825.0,61.0,0.005,13.5,0.18
530,2009-07-16 11:15:00,MURIEL LAKE - WHOLE LAKE,Ron Zurawell,54.06667,-110.725,10.7,6.6,1.25,17.55,3059.0,58.0,0.049,7.49,0.18
531,2009-08-13 13:00:00,MURIEL LAKE - WHOLE LAKE,Ron Zurawell,54.06667,-110.725,10.7,6.6,1.5,19.96,3485.0,58.0,0.005,7.78,0.22
532,2009-08-27 14:00:00,MURIEL LAKE - WHOLE LAKE,Ron Zurawell,54.06667,-110.725,10.7,6.6,0.5,,3758.0,77.0,0.018,13.5,0.25
533,2004-05-04 10:55:00,NAKAMUN LAKE,Ron Zurawell,53.88333,-114.2,8.0,4.5,1.3,10.47,1785.0,87.7,0.005,27.8,0.29
534,2004-07-06 10:00:00,NAKAMUN LAKE,Ron Zurawell,53.88333,-114.2,8.0,4.5,0.6,19.31,2145.0,100.6,0.005,58.5,1.62
535,2004-07-29 10:30:00,NAKAMUN LAKE,Ron Zurawell,53.88333,-114.2,8.0,4.5,0.5,19.52,3106.0,173.1,0.016,141.6,9.77
536,2004-08-16 11:00:00,NAKAMUN LAKE,Ron Zurawell,53.88333,-114.2,8.0,4.5,0.6,21.48,2510.0,109.89999999999999,0.01,88.7,1.83
537,2004-09-14 10:15:00,NAKAMUN LAKE,Ron Zurawell,53.88333,-114.2,8.0,4.5,0.6,11.75,2836.0,128.8,0.006,79.3,24.1
538,2004-10-14 11:00:00,NAKAMUN LAKE,Ron Zurawell,53.88333,-114.2,8.0,4.5,1.5,9.5,2811.0,111.9,0.021,50.3,5.05
539,2006-05-10 12:00:00,NAKAMUN LAKE,Ron Zurawell,53.88333,-114.2,8.0,4.5,0.5,10.48,2546.0,103.0,0.046,157.33,0.07
540,2006-06-07 12:00:00,NAKAMUN LAKE,Ron Zurawell,53.88333,-114.2,8.0,4.5,1.6,18.5,2295.0,115.0,0.005,15.75,0.07
541,2006-07-05 10:45:00,NAKAMUN LAKE,Ron Zurawell,53.88333,-114.2,8.0,4.5,0.6,25.51,2253.0,98.0,0.013,23.6,0.07
542,2006-07-25 11:15:00,NAKAMUN LAKE,Ron Zurawell,53.88333,-114.2,8.0,4.5,0.8,24.74,2295.0,105.0,0.005,24.4,0.14
543,2006-08-17 12:30:00,NAKAMUN LAKE,Ron Zurawell,53.88333,-114.2,8.0,4.5,0.6,19.64,2445.0,129.0,0.005,47.7,0.23
544,2006-09-20 11:15:00,NAKAMUN LAKE,Ron Zurawell,53.88333,-114.2,8.0,4.5,0.3,11.91,3185.0,121.0,0.005,107.0,0.25
545,2006-10-18 11:30:00,NAKAMUN LAKE,Ron Zurawell,53.88333,-114.2,8.0,4.5,0.72,6.48,2545.0,100.0,0.005,36.2,0.07
546,2008-05-26 12:45:00,NAKAMUN LAKE,Ron Zurawell,53.88333,-114.2,8.0,4.5,2.45,14.45,1515.0,44.0,0.005,6.73,0.16
547,2008-06-24 11:30:00,NAKAMUN LAKE,Ron Zurawell,53.88333,-114.2,8.0,4.5,1.5,21.39,1665.0,47.0,0.005,22.0,0.08
548,2008-07-14 10:00:00,NAKAMUN LAKE,Ron Zurawell,53.88333,-114.2,8.0,4.5,1.0,19.55,2410.0,103.0,0.02,70.3,0.51
549,2008-08-07 11:00:00,NAKAMUN LAKE,Ron Zurawell,53.88333,-114.2,8.0,4.5,0.5,21.73,3126.0,134.0,0.006,98.3,0.15
550,2008-08-26 10:30:00,NAKAMUN LAKE,Ron Zurawell,53.88333,-114.2,8.0,4.5,1.1,19.05,2621.0,116.0,0.011,39.3,2.46
551,2008-09-16 10:30:00,NAKAMUN LAKE,Ron Zurawell,53.88333,-114.2,8.0,4.5,1.1,15.09,2215.0,70.0,0.005,42.5,0.24
552,2008-10-22 10:30:00,NAKAMUN LAKE,Ron Zurawell,53.88333,-114.2,8.0,4.5,3.3,5.26,1893.0,41.0,0.043,4.94,0.12
553,2008-06-24 11:30:00,OSTER LAKE,Ron Zurawell,53.62664,-112.91225,8.43,2.95,1.77,20.73,3215.0,83.0,0.005,11.3,6.46
554,2008-07-21 12:00:00,OSTER LAKE,Ron Zurawell,53.62664,-112.91225,8.43,2.95,0.8,22.89,4659.0,138.0,0.019,41.7,8.31
555,2008-08-12 10:30:00,OSTER LAKE,Ron Zurawell,53.62664,-112.91225,8.43,2.95,0.5,19.13,5775.0,265.0,0.005,86.2,14.95
556,2008-09-10 10:15:00,OSTER LAKE,Ron Zurawell,53.62664,-112.91225,8.43,2.95,0.35,14.23,6785.0,335.0,0.005,97.9,0.07
557,2008-10-09 12:45:00,OSTER LAKE,Ron Zurawell,53.62664,-112.91225,8.43,2.95,0.3,6.3,7037.0,298.0,0.047,128.0,0.13
558,2006-07-20 12:00:00,PIGEON LAKE,Ron Zurawell,53.0,-114.01667,9.1,6.2,0.9,21.14,1066.0,58.0,0.006,35.4,0.63
559,2006-08-16 11:30:00,PIGEON LAKE,Ron Zurawell,53.0,-114.01667,9.1,6.2,2.1,,1344.0,62.0,0.034,26.3,0.28
560,2006-09-12 11:00:00,PIGEON LAKE,Ron Zurawell,53.0,-114.01667,9.1,6.2,5.1,17.69,980.0,61.0,0.05,3.99,2.62
561,2008-07-21 10:30:00,PIGEON LAKE,Ron Zurawell,53.0,-114.01667,9.1,6.2,3.25,20.35,796.0,29.0,0.006,15.0,0.07
562,2008-08-27 10:30:00,PIGEON LAKE,Ron Zurawell,53.0,-114.01667,9.1,6.2,4.6,18.04,563.0,25.0,0.033,6.43,1.15
563,2008-09-17 14:30:00,PIGEON LAKE,Ron Zurawell,53.0,-114.01667,9.1,6.2,5.4,15.65,696.0,25.0,0.006,6.29,0.07
564,2005-06-24 11:00:00,PINE LAKE,Ron Zurawell,52.10333,-113.45417,12.2,5.3,2.0,17.95,1665.0,65.0,0.005,12.8,0.56
565,2005-07-15 10:20:00,PINE LAKE,Ron Zurawell,52.10333,-113.45417,12.2,5.3,1.0,21.09,1955.0,70.0,0.005,35.1,0.62
566,2005-08-05 11:30:00,PINE LAKE,Ron Zurawell,52.10333,-113.45417,12.2,5.3,2.2,20.68,1665.0,64.0,0.005,27.3,1.2
567,2005-08-26 09:45:00,PINE LAKE,Ron Zurawell,52.10333,-113.45417,12.2,5.3,3.5,15.24,1953.0,96.0,0.023,14.6,0.56
568,2005-09-16 09:15:00,PINE LAKE,Ron Zurawell,52.10333,-113.45417,12.2,5.3,2.5,13.11,1775.0,82.0,0.025,22.3,1.44
569,2006-07-12 09:30:00,PINE LAKE,Ron Zurawell,52.10333,-113.45417,12.2,5.3,1.75,22.29,1565.0,56.0,0.005,17.8,0.14
570,2006-08-12 09:15:00,PINE LAKE,Ron Zurawell,52.10333,-113.45417,12.2,5.3,1.8,18.86,1815.0,79.0,0.005,26.3,0.37
571,2006-08-23 09:00:00,PINE LAKE,Ron Zurawell,52.10333,-113.45417,12.2,5.3,1.25,19.55,2195.0,97.0,0.005,62.0,0.44
572,2006-09-14 10:00:00,PINE LAKE,Ron Zurawell,52.10333,-113.45417,12.2,5.3,1.3,16.82,2095.0,101.0,0.005,48.4,0.22
573,2008-06-23 09:30:00,PINE LAKE,Ron Zurawell,52.10333,-113.45417,12.2,5.3,1.25,16.88,1765.0,69.0,0.015,19.0,0.17
574,2008-07-22 09:00:00,PINE LAKE,Ron Zurawell,52.10333,-113.45417,12.2,5.3,0.8,19.35,2025.0,87.0,0.005,54.1,0.3
575,2008-08-22 10:30:00,PINE LAKE,Ron Zurawell,52.10333,-113.45417,12.2,5.3,1.6,19.63,1856.0,67.0,0.006,24.5,0.43
576,2008-09-10 10:30:00,PINE LAKE,Ron Zurawell,52.10333,-113.45417,12.2,5.3,1.25,15.85,2028.0,92.0,0.018,51.0,0.81
577,2009-06-04 09:40:00,PINE LAKE,Ron Zurawell,52.10333,-113.45417,12.2,5.3,2.5,15.32,1517.0,54.0,0.007,8.53,0.05
578,2009-06-25 09:10:00,PINE LAKE,Ron Zurawell,52.10333,-113.45417,12.2,5.3,2.5,18.22,1556.0,54.0,0.016,7.77,0.15
579,2009-07-23 10:00:00,PINE LAKE,Ron Zurawell,52.10333,-113.45417,12.2,5.3,1.2,21.77,1845.0,64.0,0.005,24.8,0.4
580,2009-08-19 08:50:00,PINE LAKE,Ron Zurawell,52.10333,-113.45417,12.2,5.3,1.25,18.08,2159.0,100.0,0.009,49.0,4.16
581,2007-07-25 10:30:00,PINE LAKE - MIDDLE REGION,Ron Zurawell,52.06833,-113.40972,12.2,5.3,2.2,23.57,1555.0,43.0,0.005,11.9,0.4
582,2007-08-15 10:30:00,PINE LAKE - MIDDLE REGION,Ron Zurawell,52.06833,-113.40972,12.2,5.3,,18.96,2045.0,94.0,0.005,38.0,0.51
583,2006-07-27 13:00:00,RED DEER LAKE EUPHOTIC,Ron Zurawell,52.7265,-113.06556,3.048,,0.3,23.59,8326.0,796.0,0.006,48.8,0.97
584,2006-08-16 13:00:00,RED DEER LAKE EUPHOTIC,Ron Zurawell,52.7265,-113.06556,3.048,,0.3,18.11,7526.0,800.0,0.006,44.6,1.5
585,2006-09-22 10:00:00,RED DEER LAKE EUPHOTIC,Ron Zurawell,52.7265,-113.06556,3.048,,0.4,8.33,8186.0,744.0,0.006,50.7,2.24
586,2005-06-19 09:15:00,REESOR LAKE RESERVOIR,Ron Zurawell,49.66667,-110.11667,5.5,3.7,2.25,,605.0,30.200000000000003,0.005,3.4,0.07
587,2005-07-15 14:00:00,REESOR LAKE RESERVOIR,Ron Zurawell,49.66667,-110.11667,5.5,3.7,1.5,,665.0,46.5,0.005,5.2,0.09
588,2005-08-05 10:45:00,REESOR LAKE RESERVOIR,Ron Zurawell,49.66667,-110.11667,5.5,3.7,1.5,,755.0,52.5,0.005,14.1,0.1
589,2005-09-07 09:00:00,REESOR LAKE RESERVOIR,Ron Zurawell,49.66667,-110.11667,5.5,3.7,1.0,15.0,898.0,72.4,0.008,32.7,0.07
590,2005-09-28 09:00:00,REESOR LAKE RESERVOIR,Ron Zurawell,49.66667,-110.11667,5.5,3.7,0.75,,1105.0,85.9,0.005,40.2,0.13
591,2006-06-12 10:12:00,REESOR LAKE RESERVOIR,Ron Zurawell,49.66667,-110.11667,5.5,3.7,0.5,,,53.0,,19.0,0.08
592,2006-07-11 09:11:00,REESOR LAKE RESERVOIR,Ron Zurawell,49.66667,-110.11667,5.5,3.7,,,,48.0,,17.5,0.07
593,2006-08-01 09:01:00,REESOR LAKE RESERVOIR,Ron Zurawell,49.66667,-110.11667,5.5,3.7,,,,62.0,,45.0,0.11
594,2006-08-22 08:22:00,REESOR LAKE RESERVOIR,Ron Zurawell,49.66667,-110.11667,5.5,3.7,0.75,,,60.0,,31.2,0.07
595,2006-09-29 08:29:00,REESOR LAKE RESERVOIR,Ron Zurawell,49.66667,-110.11667,5.5,3.7,0.8,,,62.0,,55.9,0.11
596,2007-07-05 09:00:00,REESOR LAKE RESERVOIR,Ron Zurawell,49.66667,-110.11667,5.5,3.7,1.25,20.96,965.0,38.0,0.005,21.0,0.64
597,2007-08-12 08:00:00,REESOR LAKE RESERVOIR,Ron Zurawell,49.66667,-110.11667,5.5,3.7,0.6,18.45,875.0,71.0,0.005,37.6,0.97
598,2007-09-13 09:30:00,REESOR LAKE RESERVOIR,Ron Zurawell,49.66667,-110.11667,5.5,3.7,0.65,13.32,1057.0,73.0,0.007,54.3,0.08
599,2006-07-20 09:00:00,SANDY LAKE - SOUTH BASIN,Ron Zurawell,53.77222,-114.02972,4.4,2.9,0.9,21.13,6596.0,196.0,0.006,16.4,0.64
600,2006-08-10 09:15:00,SANDY LAKE - SOUTH BASIN,Ron Zurawell,53.77222,-114.02972,4.4,2.9,0.5,19.59,6357.0,237.0,0.017,76.0,1.89
601,2006-08-31 09:30:00,SANDY LAKE - SOUTH BASIN,Ron Zurawell,53.77222,-114.02972,4.4,2.9,0.5,15.7,6365.0,231.0,0.005,67.6,1.98
602,2006-09-20 09:30:00,SANDY LAKE - SOUTH BASIN,Ron Zurawell,53.77222,-114.02972,4.4,2.9,0.8,9.03,5675.0,205.0,0.005,66.5,1.7
603,2008-07-30 11:00:00,SANDY LAKE - SOUTH BASIN,Ron Zurawell,53.77222,-114.02972,4.4,2.9,0.5,20.69,6186.0,338.0,0.006,99.3,12.92
604,2008-08-27 11:00:00,SANDY LAKE - SOUTH BASIN,Ron Zurawell,53.77222,-114.02972,4.4,2.9,0.35,18.17,6116.0,359.0,0.006,107.6,13.58
605,2008-09-25 10:30:00,SANDY LAKE - SOUTH BASIN,Ron Zurawell,53.77222,-114.02972,4.4,2.9,0.4,9.96,7206.0,343.0,0.006,115.3,4.71
606,2005-07-25 09:40:00,SASKATOON LAKE,Ron Zurawell,55.21722,-119.08778,4.0,2.6,0.5,,5305.0,842.0,0.005,208.8,0.13
607,2005-08-08 09:30:00,SASKATOON LAKE,Ron Zurawell,55.21722,-119.08778,4.0,2.6,0.75,,5807.0,710.4,0.077,181.8,0.17
608,2005-08-25 08:45:00,SASKATOON LAKE,Ron Zurawell,55.21722,-119.08778,4.0,2.6,1.9,15.9,4735.0,709.8,0.345,3.5,0.15
609,2005-09-26 09:45:00,SASKATOON LAKE,Ron Zurawell,55.21722,-119.08778,4.0,2.6,0.5,,4947.0,695.9,0.657,8.6,0.09
610,2006-06-26 09:30:00,SASKATOON LAKE,Ron Zurawell,55.21722,-119.08778,4.0,2.6,2.5,,,1100.0,,6.48,0.07
611,2006-07-10 10:00:00,SASKATOON LAKE,Ron Zurawell,55.21722,-119.08778,4.0,2.6,0.75,,,1200.0,,18.2,0.34
612,2006-08-13 14:00:00,SASKATOON LAKE,Ron Zurawell,55.21722,-119.08778,4.0,2.6,0.75,,,1090.0,,188.0,0.14
613,2006-08-28 10:30:00,SASKATOON LAKE,Ron Zurawell,55.21722,-119.08778,4.0,2.6,1.0,,,1040.0,,13.1,0.2
614,2006-09-24 18:00:00,SASKATOON LAKE,Ron Zurawell,55.21722,-119.08778,4.0,2.6,0.5,,,969.0,,6.02,0.15
615,2007-07-13 15:10:00,SASKATOON LAKE,Ron Zurawell,55.21722,-119.08778,4.0,2.6,1.1,32.06,4305.0,1020.0,0.005,48.5,2.25
616,2007-08-02 10:30:00,SASKATOON LAKE,Ron Zurawell,55.21722,-119.08778,4.0,2.6,0.6,18.18,7025.0,1080.0,0.005,293.0,17.29
617,2007-08-22 14:00:00,SASKATOON LAKE,Ron Zurawell,55.21722,-119.08778,4.0,2.6,0.7,15.32,5200.0,959.0,0.23,44.8,13.6
618,2007-09-20 09:00:00,SASKATOON LAKE,Ron Zurawell,55.21722,-119.08778,4.0,2.6,0.5,,4789.0,890.0,0.039,45.4,9.53
619,2008-06-26 14:00:00,SASKATOON LAKE,Ron Zurawell,55.21722,-119.08778,4.0,2.6,0.75,13.0,,1090.0,,26.3,0.33
620,2008-07-27 19:00:00,SASKATOON LAKE,Ron Zurawell,55.21722,-119.08778,4.0,2.6,0.5,12.0,,1120.0,,129.0,1.74
621,2008-08-31 14:05:00,SASKATOON LAKE,Ron Zurawell,55.21722,-119.08778,4.0,2.6,0.2,11.0,,1090.0,,39.7,5.72
622,2008-09-14 14:00:00,SASKATOON LAKE,Ron Zurawell,55.21722,-119.08778,4.0,2.6,0.25,11.0,,1090.0,,98.9,0.37
623,2007-07-12 12:00:00,SHORNCLIFFE LAKE,Ron Zurawell,52.46944,-110.8675,4.0,2.0,0.9,22.04,3528.0,77.0,0.468,18.7,0.07
624,2007-08-15 11:00:00,SHORNCLIFFE LAKE,Ron Zurawell,52.46944,-110.8675,4.0,2.0,0.9,16.67,3106.0,56.0,0.006,22.4,3.77
625,2007-09-20 11:40:00,SHORNCLIFFE LAKE,Ron Zurawell,52.46944,-110.8675,4.0,2.0,1.3,11.02,2766.0,47.0,0.006,12.4,2.14
626,2009-07-08 10:00:00,SHORNCLIFFE LAKE,Ron Zurawell,52.46944,-110.8675,4.0,2.0,1.3,18.93,3183.5,34.4,0.0135,7.28,0.17
627,2009-08-11 11:30:00,SHORNCLIFFE LAKE,Ron Zurawell,52.46944,-110.8675,4.0,2.0,2.0,20.21,3706.0,35.5,0.006,3.54,0.16
628,2009-09-15 11:30:00,SHORNCLIFFE LAKE,Ron Zurawell,52.46944,-110.8675,4.0,2.0,2.0,16.4,3406.0,49.0,0.006,2.87,0.23
629,2007-06-28 10:45:00,SILER (STONEY) LAKE,Ron Zurawell,53.86667,-111.1,,,4.75,17.36,,109.0,,1.24,0.11
630,2007-07-16 17:00:00,SILER (STONEY) LAKE,Ron Zurawell,53.86667,-111.1,,,1.75,26.49,1825.0,89.0,0.005,18.8,3.57
631,2007-08-09 11:00:00,SILER (STONEY) LAKE,Ron Zurawell,53.86667,-111.1,,,1.5,20.88,,112.0,,35.7,2.16
632,2007-09-13 10:00:00,SILER (STONEY) LAKE,Ron Zurawell,53.86667,-111.1,,,0.9,15.03,2145.0,131.0,0.005,85.0,1.92
633,2008-06-03 10:00:00,SILER (STONEY) LAKE,Ron Zurawell,53.86667,-111.1,,,6.75,15.71,1682.0,39.0,0.062,1.6,0.11
634,2008-06-26 09:00:00,SILER (STONEY) LAKE,Ron Zurawell,53.86667,-111.1,,,5.5,19.12,1709.0,41.0,0.029,2.67,0.19
635,2008-07-21 08:00:00,SILER (STONEY) LAKE,Ron Zurawell,53.86667,-111.1,,,1.0,20.79,2565.0,84.0,0.015,56.6,0.18
636,2008-08-22 08:45:00,SILER (STONEY) LAKE,Ron Zurawell,53.86667,-111.1,,,1.0,19.57,2255.0,84.0,0.005,37.6,0.57
637,2008-09-17 09:00:00,SILER (STONEY) LAKE,Ron Zurawell,53.86667,-111.1,,,1.25,15.11,2584.0,107.0,0.014,51.3,0.1
638,2009-06-04 14:30:00,SILER (STONEY) LAKE,Ron Zurawell,53.86667,-111.1,,,2.0,15.02,1728.0,51.0,0.008,6.96,0.1
639,2009-07-02 09:15:00,SILER (STONEY) LAKE,Ron Zurawell,53.86667,-111.1,,,2.25,18.21,1910.0,52.0,0.01,8.98,0.2
640,2009-07-20 18:00:00,SILER (STONEY) LAKE,Ron Zurawell,53.86667,-111.1,,,1.25,18.94,2336.0,81.0,0.026,46.9,0.26
641,2009-08-17 13:00:00,SILER (STONEY) LAKE,Ron Zurawell,53.86667,-111.1,,,2.0,19.33,2285.0,82.0,0.005,7.72,0.45
642,2005-06-29 12:15:00,SKELETON LAKE - NORTH BASIN,Ron Zurawell,54.64389,-112.70528,17.0,6.5,3.9,17.25,1248.0,29.0,0.008,8.0,0.07
643,2005-07-23 08:00:00,SKELETON LAKE - NORTH BASIN,Ron Zurawell,54.64389,-112.70528,17.0,6.5,2.0,20.04,1285.0,30.0,0.005,8.6,0.07
644,2005-08-16 09:20:00,SKELETON LAKE - NORTH BASIN,Ron Zurawell,54.64389,-112.70528,17.0,6.5,2.0,16.91,1375.0,39.0,0.005,16.3,0.13
645,2005-06-10 10:30:00,SKELETON LAKE - SOUTH BASIN,Ron Zurawell,54.61472,-112.72806,11.0,6.5,2.7,17.73,1095.0,20.0,0.005,4.0,0.1
646,2005-06-29 09:10:00,SKELETON LAKE - SOUTH BASIN,Ron Zurawell,54.61472,-112.72806,11.0,6.5,2.1,16.58,1127.0,24.1,0.017,6.3,0.11
647,2005-07-31 15:55:00,SKELETON LAKE - SOUTH BASIN,Ron Zurawell,54.61472,-112.72806,11.0,6.5,2.5,20.8,1105.0,29.0,0.005,10.8,0.15
648,2005-08-16 12:55:00,SKELETON LAKE - SOUTH BASIN,Ron Zurawell,54.61472,-112.72806,11.0,6.5,2.2,16.87,1245.0,38.0,0.005,22.5,0.18
649,2005-09-02 08:30:00,SKELETON LAKE - SOUTH BASIN,Ron Zurawell,54.61472,-112.72806,11.0,6.5,1.9,16.81,1227.0,32.0,0.007,17.0,0.2
650,2006-07-21 13:59:00,SKELETON LAKE - SOUTH BASIN,Ron Zurawell,54.61472,-112.72806,11.0,6.5,1.25,21.45,1235.0,43.0,0.005,18.3,0.07
651,2006-08-08 13:23:00,SKELETON LAKE - SOUTH BASIN,Ron Zurawell,54.61472,-112.72806,11.0,6.5,1.5,21.09,1265.0,37.0,0.005,16.2,0.07
652,2006-08-28 14:19:00,SKELETON LAKE - SOUTH BASIN,Ron Zurawell,54.61472,-112.72806,11.0,6.5,1.25,19.76,1305.0,36.0,0.005,15.6,0.2
653,2006-09-19 13:22:00,SKELETON LAKE - SOUTH BASIN,Ron Zurawell,54.61472,-112.72806,11.0,6.5,1.5,12.91,1355.0,49.0,0.005,18.5,0.44
654,2008-06-08 11:25:00,SKELETON LAKE - SOUTH BASIN,Ron Zurawell,54.61472,-112.72806,11.0,6.5,1.5,16.93,1207.0,41.0,0.057,7.9,0.11
655,2008-07-06 09:00:00,SKELETON LAKE - SOUTH BASIN,Ron Zurawell,54.61472,-112.72806,11.0,6.5,1.75,21.44,1135.0,40.0,0.005,7.46,0.11
656,2008-07-27 16:00:00,SKELETON LAKE - SOUTH BASIN,Ron Zurawell,54.61472,-112.72806,11.0,6.5,2.0,22.46,1175.0,35.0,0.005,9.38,0.15
657,2008-08-22 16:00:00,SKELETON LAKE - SOUTH BASIN,Ron Zurawell,54.61472,-112.72806,11.0,6.5,1.25,19.91,1725.0,64.0,0.005,42.5,0.75
658,2008-09-27 09:15:00,SKELETON LAKE - SOUTH BASIN,Ron Zurawell,54.61472,-112.72806,11.0,6.5,1.75,11.85,1455.0,47.0,0.005,29.1,0.08
659,2009-06-12 14:00:00,SKELETON LAKE - SOUTH BASIN,Ron Zurawell,54.61472,-112.72806,11.0,6.5,2.25,16.2,496.0,17.0,0.006,7.72,0.19
660,2009-07-08 12:30:00,SKELETON LAKE - SOUTH BASIN,Ron Zurawell,54.61472,-112.72806,11.0,6.5,1.5,18.33,1152.0,35.0,0.012,6.91,0.3
661,2009-08-15 16:45:00,SKELETON LAKE - SOUTH BASIN,Ron Zurawell,54.61472,-112.72806,11.0,6.5,1.5,20.4,1397.0,48.0,0.017,13.2,0.42
662,2009-09-05 09:45:00,SKELETON LAKE - SOUTH BASIN,Ron Zurawell,54.61472,-112.72806,11.0,6.5,1.25,18.7,1545.0,61.0,0.015,21.8,0.45
663,2005-06-19 10:40:00,SPRUCE COULEE RESERVOIR,Ron Zurawell,49.68333,-110.18333,6.0,3.3,4.25,,375.0,18.2,0.005,3.4,0.08
664,2005-08-05 10:00:00,SPRUCE COULEE RESERVOIR,Ron Zurawell,49.68333,-110.18333,6.0,3.3,4.0,,395.0,13.799999999999999,0.005,2.9,0.21
665,2005-09-07 11:00:00,SPRUCE COULEE RESERVOIR,Ron Zurawell,49.68333,-110.18333,6.0,3.3,4.8,15.98,406.0,15.7,0.006,3.9,0.19
666,2005-09-28 10:30:00,SPRUCE COULEE RESERVOIR,Ron Zurawell,49.68333,-110.18333,6.0,3.3,2.5,,425.0,13.0,0.005,9.0,0.07
667,2006-06-12 12:12:00,SPRUCE COULEE RESERVOIR,Ron Zurawell,49.68333,-110.18333,6.0,3.3,3.75,,,24.0,,4.95,0.07
668,2006-07-11 10:11:00,SPRUCE COULEE RESERVOIR,Ron Zurawell,49.68333,-110.18333,6.0,3.3,3.0,,,19.0,,4.07,0.07
669,2006-08-01 09:01:00,SPRUCE COULEE RESERVOIR,Ron Zurawell,49.68333,-110.18333,6.0,3.3,,,,18.0,,4.99,0.07
670,2006-08-22 10:22:00,SPRUCE COULEE RESERVOIR,Ron Zurawell,49.68333,-110.18333,6.0,3.3,1.5,,,24.0,,10.3,0.07
671,2006-09-29 09:29:00,SPRUCE COULEE RESERVOIR,Ron Zurawell,49.68333,-110.18333,6.0,3.3,2.5,,,19.0,,10.8,0.07
672,2007-07-05 10:40:00,SPRUCE COULEE RESERVOIR,Ron Zurawell,49.68333,-110.18333,6.0,3.3,3.25,21.25,445.0,17.0,0.005,4.43,0.16
673,2007-08-12 10:00:00,SPRUCE COULEE RESERVOIR,Ron Zurawell,49.68333,-110.18333,6.0,3.3,2.6,,475.0,18.0,0.005,6.53,0.21
674,2007-09-13 12:00:00,SPRUCE COULEE RESERVOIR,Ron Zurawell,49.68333,-110.18333,6.0,3.3,3.15,13.83,475.0,22.0,0.005,6.04,0.15
675,2004-09-01 08:45:00,STEELE (CROSS) LAKE,Ron Zurawell,54.65,-113.76667,6.1,3.2,1.25,15.29,1825.0,274.2,0.065,61.2,0.11
676,2005-06-28 08:30:00,STEELE (CROSS) LAKE,Ron Zurawell,54.65,-113.76667,6.1,3.2,3.0,,,73.7,,13.5,0.07
677,2005-07-27 08:45:00,STEELE (CROSS) LAKE,Ron Zurawell,54.65,-113.76667,6.1,3.2,1.0,,,141.2,,145.5,0.07
678,2005-08-16 07:30:00,STEELE (CROSS) LAKE,Ron Zurawell,54.65,-113.76667,6.1,3.2,2.25,,,210.29999999999998,,10.7,0.35
679,2005-08-31 08:04:00,STEELE (CROSS) LAKE,Ron Zurawell,54.65,-113.76667,6.1,3.2,2.0,,,167.4,,16.5,0.07
680,2005-09-21 09:00:00,STEELE (CROSS) LAKE,Ron Zurawell,54.65,-113.76667,6.1,3.2,3.5,,,105.80000000000001,,15.1,0.07
681,2006-07-13 10:03:00,STEELE (CROSS) LAKE,Ron Zurawell,54.65,-113.76667,6.1,3.2,0.75,20.91,2075.0,111.0,0.005,91.2,0.34
682,2006-08-02 09:17:00,STEELE (CROSS) LAKE,Ron Zurawell,54.65,-113.76667,6.1,3.2,1.25,18.99,2205.0,240.0,0.005,54.6,0.17
683,2006-08-28 09:19:00,STEELE (CROSS) LAKE,Ron Zurawell,54.65,-113.76667,6.1,3.2,2.5,19.93,1946.0,279.0,0.066,8.53,1.55
684,2006-09-18 09:02:00,STEELE (CROSS) LAKE,Ron Zurawell,54.65,-113.76667,6.1,3.2,2.0,11.25,1366.0,174.0,0.136,13.8,1.0
685,2007-07-24 10:35:00,STEELE (CROSS) LAKE,Ron Zurawell,54.65,-113.76667,6.1,3.2,2.0,,,188.0,,19.6,0.6
686,2007-08-14 10:30:00,STEELE (CROSS) LAKE,Ron Zurawell,54.65,-113.76667,6.1,3.2,2.2,,,269.0,,23.7,10.25
687,2008-06-25 10:30:00,STEELE (CROSS) LAKE,Ron Zurawell,54.65,-113.76667,6.1,3.2,6.25,18.97,825.0,60.0,0.005,5.07,0.19
688,2008-07-23 09:30:00,STEELE (CROSS) LAKE,Ron Zurawell,54.65,-113.76667,6.1,3.2,3.25,20.04,1347.0,105.0,0.007,36.2,0.08
689,2008-08-14 09:00:00,STEELE (CROSS) LAKE,Ron Zurawell,54.65,-113.76667,6.1,3.2,3.25,19.5,1273.0,185.0,0.043,19.7,0.38
690,2008-09-04 09:40:00,STEELE (CROSS) LAKE,Ron Zurawell,54.65,-113.76667,6.1,3.2,2.75,15.48,1183.0,224.0,0.043,11.7,1.05
691,2008-09-25 08:35:00,STEELE (CROSS) LAKE,Ron Zurawell,54.65,-113.76667,6.1,3.2,4.1,11.84,1132.0,138.0,0.172,2.69,0.07
692,2005-07-28 08:45:00,STURGEON LAKE - MAIN BASIN,Ron Zurawell,55.10278,-117.5375,9.5,5.4,4.8,,1025.0,106.80000000000001,0.005,12.6,0.34
693,2005-08-25 13:30:00,STURGEON LAKE - MAIN BASIN,Ron Zurawell,55.10278,-117.5375,9.5,5.4,1.55,16.5,1641.0,143.3,0.011,67.0,1.12
694,2006-07-23 16:55:00,STURGEON LAKE - MAIN BASIN,Ron Zurawell,55.10278,-117.5375,9.5,5.4,2.0,,,218.0,,70.0,0.22
695,2006-08-13 20:07:00,STURGEON LAKE - MAIN BASIN,Ron Zurawell,55.10278,-117.5375,9.5,5.4,1.75,,,403.0,,69.8,0.17
696,2006-08-27 16:42:00,STURGEON LAKE - MAIN BASIN,Ron Zurawell,55.10278,-117.5375,9.5,5.4,0.75,,,758.0,,297.0,1.45
697,2007-07-11 10:00:00,STURGEON LAKE - MAIN BASIN,Ron Zurawell,55.10278,-117.5375,9.5,5.4,1.25,19.03,2115.0,104.0,0.005,75.9,0.85
698,2007-08-24 10:00:00,STURGEON LAKE - MAIN BASIN,Ron Zurawell,55.10278,-117.5375,9.5,5.4,0.8,16.5,2656.0,338.0,0.006,110.0,1.79
699,2007-09-21 08:30:00,STURGEON LAKE - MAIN BASIN,Ron Zurawell,55.10278,-117.5375,9.5,5.4,1.1,12.14,1840.0,162.0,0.07,82.3,0.22
700,2008-06-26 08:40:00,STURGEON LAKE - MAIN BASIN,Ron Zurawell,55.10278,-117.5375,9.5,5.4,4.0,13.0,,38.0,,6.08,0.07
701,2008-07-17 09:10:00,STURGEON LAKE - MAIN BASIN,Ron Zurawell,55.10278,-117.5375,9.5,5.4,1.0,15.0,,87.0,,58.1,0.18
702,2008-08-07 08:10:00,STURGEON LAKE - MAIN BASIN,Ron Zurawell,55.10278,-117.5375,9.5,5.4,0.07,19.0,,134.0,,73.0,0.07
703,2008-08-27 08:00:00,STURGEON LAKE - MAIN BASIN,Ron Zurawell,55.10278,-117.5375,9.5,5.4,1.25,15.0,,278.0,,57.4,0.55
704,2008-09-10 09:30:00,STURGEON LAKE - MAIN BASIN,Ron Zurawell,55.10278,-117.5375,9.5,5.4,1.5,11.0,,273.0,,46.5,1.03
705,2006-08-02 10:45:00,SYLVAN LAKE,Ron Zurawell,52.35,-114.16667,18.3,9.6,4.5,20.0,665.0,16.0,0.005,5.33,0.07
706,2006-08-28 16:00:00,SYLVAN LAKE,Ron Zurawell,52.35,-114.16667,18.3,9.6,3.5,19.53,735.0,27.0,0.005,6.8,0.07
707,2006-09-19 13:30:00,SYLVAN LAKE,Ron Zurawell,52.35,-114.16667,18.3,9.6,2.2,14.06,755.0,29.0,0.005,13.1,0.07
708,2008-07-08 11:00:00,SYLVAN LAKE,Ron Zurawell,52.35,-114.16667,18.3,9.6,7.3,18.93,576.0,12.0,0.006,1.48,0.07
709,2008-08-11 12:15:00,SYLVAN LAKE,Ron Zurawell,52.35,-114.16667,18.3,9.6,4.3,19.47,626.0,18.0,0.006,3.11,0.07
710,2008-09-15 12:00:00,SYLVAN LAKE,Ron Zurawell,52.35,-114.16667,18.3,9.6,4.6,16.09,586.0,16.0,0.006,5.04,0.08
711,2009-06-12 08:45:00,SYLVAN LAKE,Ron Zurawell,52.35,-114.16667,18.3,9.6,4.3,13.41,625.0,24.0,0.005,2.62,0.11
712,2009-07-03 09:10:00,SYLVAN LAKE,Ron Zurawell,52.35,-114.16667,18.3,9.6,5.75,15.94,632.0,21.0,0.012,1.79,0.09
713,2009-07-28 09:30:00,SYLVAN LAKE,Ron Zurawell,52.35,-114.16667,18.3,9.6,4.0,20.55,635.0,17.0,0.005,2.48,0.11
714,2009-08-20 09:15:00,SYLVAN LAKE,Ron Zurawell,52.35,-114.16667,18.3,9.6,4.75,18.13,655.0,18.0,0.005,3.44,0.13
715,2007-07-16 11:30:00,THUNDER LAKE,Ron Zurawell,54.15,-114.75,6.1,3.0,1.3,24.57,2458.0,71.0,0.008,43.0,0.07
716,2007-08-28 10:30:00,THUNDER LAKE,Ron Zurawell,54.15,-114.75,6.1,3.0,0.6,15.29,3356.0,491.0,0.006,95.8,14.74
717,2007-09-24 09:45:00,THUNDER LAKE,Ron Zurawell,54.15,-114.75,6.1,3.0,0.6,11.63,3406.0,136.0,0.006,80.9,8.81
718,2009-06-27 09:00:00,THUNDER LAKE,Ron Zurawell,54.15,-114.75,6.1,3.0,0.5,17.35,4081.0000000000005,119.0,0.011,28.1,5.72
719,2009-07-17 08:35:00,THUNDER LAKE,Ron Zurawell,54.15,-114.75,6.1,3.0,0.75,20.93,2869.0,73.0,0.039,48.6,8.46
720,2009-08-29 10:10:00,THUNDER LAKE,Ron Zurawell,54.15,-114.75,6.1,3.0,0.7,18.9,4165.0,143.0,0.005,42.9,6.82
721,2006-07-15 13:24:00,TUCKER LAKE,Ron Zurawell,54.53611,-110.63056,7.5,2.9,1.75,20.97,1045.0,50.0,0.005,15.0,0.07
722,2006-08-01 14:17:00,TUCKER LAKE,Ron Zurawell,54.53611,-110.63056,7.5,2.9,1.25,20.8,1225.0,75.0,0.005,29.5,0.07
723,2006-08-22 14:16:00,TUCKER LAKE,Ron Zurawell,54.53611,-110.63056,7.5,2.9,0.75,20.17,1605.0,95.0,0.005,46.7,0.07
724,2006-09-06 13:20:00,TUCKER LAKE,Ron Zurawell,54.53611,-110.63056,7.5,2.9,0.75,19.29,1695.0,106.0,0.005,43.8,0.07
725,2007-07-11 15:30:00,TUCKER LAKE,Ron Zurawell,54.53611,-110.63056,7.5,2.9,1.0,20.94,1155.0,49.0,0.005,17.1,0.07
726,2007-08-31 11:00:00,TUCKER LAKE,Ron Zurawell,54.53611,-110.63056,7.5,2.9,0.35,16.81,2015.0000000000002,104.0,0.005,98.3,0.07
727,2007-09-19 13:15:00,TUCKER LAKE,Ron Zurawell,54.53611,-110.63056,7.5,2.9,0.7,12.83,1611.0,108.0,0.021,63.1,0.1
728,2008-08-06 09:00:00,TYRRELL LAKE,Ron Zurawell,49.38333,-112.26667,6.1,3.8,1.3,19.83,1790.0,320.0,0.39,14.6,1.19
729,2005-06-29 10:30:00,UPPER KANANASKIS LAKE,Ron Zurawell,50.61667,-115.15,108.0,32.0,4.5,,,6.7,,1.9,0.07
730,2005-07-25 10:00:00,UPPER KANANASKIS LAKE,Ron Zurawell,50.61667,-115.15,108.0,32.0,5.0,,,4.8999999999999995,,1.3,0.07
731,2005-09-21 09:30:00,UPPER KANANASKIS LAKE,Ron Zurawell,50.61667,-115.15,108.0,32.0,6.75,,,4.2,,2.0,0.07
732,2006-07-22 12:22:00,UPPER KANANASKIS LAKE,Ron Zurawell,50.61667,-115.15,108.0,32.0,6.9,16.51,75.0,8.0,0.015,1.3,0.27
733,2006-08-18 14:18:00,UPPER KANANASKIS LAKE,Ron Zurawell,50.61667,-115.15,108.0,32.0,7.5,15.11,56.0,6.0,0.006,1.56,0.07
734,2006-09-07 14:07:00,UPPER KANANASKIS LAKE,Ron Zurawell,50.61667,-115.15,108.0,32.0,8.1,14.79,55.0,6.0,0.005,1.61,0.07
735,2006-09-26 14:26:00,UPPER KANANASKIS LAKE,Ron Zurawell,50.61667,-115.15,108.0,32.0,6.0,11.11,55.0,6.0,0.005,1.94,0.09
736,2007-07-24 14:20:00,UPPER KANANASKIS LAKE,Ron Zurawell,50.61667,-115.15,108.0,32.0,3.55,,,13.0,,1.87,0.07
737,2007-08-07 12:50:00,UPPER KANANASKIS LAKE,Ron Zurawell,50.61667,-115.15,108.0,32.0,5.0,,,9.0,,1.21,0.62
738,2007-08-21 16:00:00,UPPER KANANASKIS LAKE,Ron Zurawell,50.61667,-115.15,108.0,32.0,3.9,,,12.0,,1.99,0.13
739,2007-09-18 10:00:00,UPPER KANANASKIS LAKE,Ron Zurawell,50.61667,-115.15,108.0,32.0,5.25,,,8.0,,2.98,0.09
740,2005-07-21 11:15:00,WABAMUN LAKE - EAST BASIN,Ron Zurawell,53.54027,-114.53139,11.0,6.3,1.4,18.95,793.0,37.1,0.003,8.8,0.11
741,2005-08-16 14:00:00,WABAMUN LAKE - EAST BASIN,Ron Zurawell,53.54027,-114.53139,11.0,6.3,,,723.0,26.0,0.003,10.7,0.13
742,2005-09-15 13:30:00,WABAMUN LAKE - EAST BASIN,Ron Zurawell,53.54027,-114.53139,11.0,6.3,1.9,,1113.0,27.0,0.003,16.2,0.11
743,2005-07-21 13:00:00,WABAMUN LAKE - WEST BASIN,Ron Zurawell,53.55556,-114.68639,11.0,6.3,1.2,19.24,833.0,45.699999999999996,0.003,14.4,0.09
744,2005-08-16 11:00:00,WABAMUN LAKE - WEST BASIN,Ron Zurawell,53.55556,-114.68639,11.0,6.3,2.0,,855.0,35.0,0.005,16.9,0.3
745,2005-09-15 10:30:00,WABAMUN LAKE - WEST BASIN,Ron Zurawell,53.55556,-114.68639,11.0,6.3,2.0,,1173.0,35.0,0.003,27.0,0.12
746,2009-06-11 09:00:00,WAKOMOA LAKE,Ron Zurawell,54.16917,-113.55417,,,1.7,17.72,2958.0,128.0,0.418,2.47,0.13
747,2009-07-02 08:45:00,WAKOMOA LAKE,Ron Zurawell,54.16917,-113.55417,,,1.8,17.27,2336.0,126.0,0.016,2.52,0.24
748,2009-07-22 08:20:00,WAKOMOA LAKE,Ron Zurawell,54.16917,-113.55417,,,1.25,21.58,3519.0,138.0,0.039,68.2,0.27
749,2009-08-13 08:40:00,WAKOMOA LAKE,Ron Zurawell,54.16917,-113.55417,,,0.4,18.37,5885.0,323.0,0.005,156.0,1.82
750,2007-07-04 14:15:00,WAPASU LAKE,Ron Zurawell,53.35917,-111.61278,,,0.3,23.18,,1440.0,,1.89,0.4
751,2007-08-28 11:00:00,WAPASU LAKE,Ron Zurawell,53.35917,-111.61278,,,0.5,14.34,2151.0,1530.0,0.041,2.78,1.7
752,2007-09-27 15:00:00,WAPASU LAKE,Ron Zurawell,53.35917,-111.61278,,,0.5,9.95,2460.0,1690.0,0.06,6.37,0.68
753,2008-06-20 14:09:00,WAPASU LAKE,Ron Zurawell,53.35917,-111.61278,,,0.5,20.55,2763.0,1700.0,0.053,3.58,0.46
754,2008-07-17 09:51:00,WAPASU LAKE,Ron Zurawell,53.35917,-111.61278,,,0.3,18.19,2347.0,1750.0,0.067,17.6,1.71
755,2008-08-16 08:55:00,WAPASU LAKE,Ron Zurawell,53.35917,-111.61278,,,0.6,18.25,2369.0,1690.0,0.009,23.7,2.96
756,2008-09-13 08:45:00,WAPASU LAKE,Ron Zurawell,53.35917,-111.61278,,,0.4,13.53,3513.0,1850.0,0.033,85.6,0.34
757,2008-09-25 14:15:00,WAPASU LAKE,Ron Zurawell,53.35917,-111.61278,,,0.6,10.53,3344.0,1860.0,0.084,3.26,0.82
758,2005-06-19 14:05:00,WHITEFISH LAKE,Ron Zurawell,54.36667,-111.89167,42.7,13.3,7.4,,936.0,23.0,0.016,2.5,0.14
759,2005-07-10 08:35:00,WHITEFISH LAKE,Ron Zurawell,54.36667,-111.89167,42.7,13.3,6.6,18.58,995.0,22.0,0.005,2.6,0.08
760,2005-07-31 09:25:00,WHITEFISH LAKE,Ron Zurawell,54.36667,-111.89167,42.7,13.3,7.6,18.7,945.0,19.0,0.005,3.8,0.07
761,2005-08-20 14:30:00,WHITEFISH LAKE,Ron Zurawell,54.36667,-111.89167,42.7,13.3,4.0,15.59,975.0,27.0,0.005,7.0,0.11
762,2005-06-23 12:35:00,WINAGAMI LAKE,Ron Zurawell,55.61667,-116.73333,4.7,1.7,2.2,,1415.0,41.4,0.005,16.5,0.21
763,2005-07-21 12:05:00,WINAGAMI LAKE,Ron Zurawell,55.61667,-116.73333,4.7,1.7,1.75,,1390.0,53.699999999999996,0.01,15.5,0.5
764,2005-08-04 09:49:00,WINAGAMI LAKE,Ron Zurawell,55.61667,-116.73333,4.7,1.7,1.5,,1525.0,71.6,0.005,36.5,0.76
765,2005-08-24 10:00:00,WINAGAMI LAKE,Ron Zurawell,55.61667,-116.73333,4.7,1.7,1.0,15.49,1908.0,58.3,0.008,22.4,0.56
766,2005-09-01 10:00:00,WINAGAMI LAKE,Ron Zurawell,55.61667,-116.73333,4.7,1.7,1.4,,1935.0,64.10000000000001,0.005,42.0,0.29
767,2006-06-19 11:34:00,WINAGAMI LAKE,Ron Zurawell,55.61667,-116.73333,4.7,1.7,0.75,,,58.0,,58.5,0.07
768,2006-08-01 10:15:00,WINAGAMI LAKE,Ron Zurawell,55.61667,-116.73333,4.7,1.7,1.7,,,156.0,,28.1,0.59
769,2006-08-22 10:35:00,WINAGAMI LAKE,Ron Zurawell,55.61667,-116.73333,4.7,1.7,1.75,,,172.0,,119.0,1.12
770,2006-09-27 11:50:00,WINAGAMI LAKE,Ron Zurawell,55.61667,-116.73333,4.7,1.7,2.1,,,77.0,,14.2,0.25
771,2007-08-25 11:45:00,WINAGAMI LAKE,Ron Zurawell,55.61667,-116.73333,4.7,1.7,1.05,15.89,1605.0,100.0,0.005,20.8,9.1
772,2007-09-21 13:30:00,WINAGAMI LAKE,Ron Zurawell,55.61667,-116.73333,4.7,1.7,1.4,10.04,1513.0,98.0,0.013,35.4,0.17
773,2008-07-03 11:00:00,WINAGAMI LAKE,Ron Zurawell,55.61667,-116.73333,4.7,1.7,1.5,25.0,,112.0,,26.5,0.07
774,2008-08-06 11:30:00,WINAGAMI LAKE,Ron Zurawell,55.61667,-116.73333,4.7,1.7,1.0,19.0,,278.0,,60.0,0.37
775,2006-07-12 18:00:00,WIZARD LAKE,Ron Zurawell,53.11667,-113.85,11.0,6.2,0.8,22.9,1255.0,35.0,0.005,22.1,0.08
776,2006-07-31 11:00:00,WIZARD LAKE,Ron Zurawell,53.11667,-113.85,11.0,6.2,1.25,20.34,1285.0,58.0,0.005,19.9,0.07
777,2006-08-21 10:00:00,WIZARD LAKE,Ron Zurawell,53.11667,-113.85,11.0,6.2,0.75,19.37,1435.0,57.0,0.005,44.1,0.25
778,2006-09-13 19:00:00,WIZARD LAKE,Ron Zurawell,53.11667,-113.85,11.0,6.2,0.75,17.44,1495.0,58.0,0.005,68.1,0.16
779,2008-05-27 13:15:00,WIZARD LAKE,Ron Zurawell,53.11667,-113.85,11.0,6.2,1.6,12.99,1035.0,39.0,0.005,11.5,0.09
780,2008-06-16 10:17:00,WIZARD LAKE,Ron Zurawell,53.11667,-113.85,11.0,6.2,1.75,16.91,1115.0,48.0,0.005,7.78,0.09
781,2008-07-24 15:30:00,WIZARD LAKE,Ron Zurawell,53.11667,-113.85,11.0,6.2,1.25,22.15,1285.0,53.0,0.005,31.9,0.21
782,2008-08-13 09:55:00,WIZARD LAKE,Ron Zurawell,53.11667,-113.85,11.0,6.2,1.25,19.65,1305.0,52.0,0.005,34.2,0.13
783,2008-09-02 16:10:00,WIZARD LAKE,Ron Zurawell,53.11667,-113.85,11.0,6.2,1.3,18.11,1365.0,59.0,0.005,34.5,0.13
784,2009-05-26 12:30:00,WIZARD LAKE,Ron Zurawell,53.11667,-113.85,11.0,6.2,3.25,13.28,1163.0,40.0,0.153,6.07,0.05
785,2009-06-24 09:20:00,WIZARD LAKE,Ron Zurawell,53.11667,-113.85,11.0,6.2,2.25,17.97,1040.0,43.0,0.02,7.9,0.09
786,2009-07-23 14:35:00,WIZARD LAKE,Ron Zurawell,53.11667,-113.85,11.0,6.2,0.75,22.07,1545.0,54.0,0.005,54.5,0.23
787,2009-08-19 14:25:00,WIZARD LAKE,Ron Zurawell,53.11667,-113.85,11.0,6.2,1.0,19.55,1485.0,69.0,0.005,38.6,0.31
788,2005-06-15 15:40:00,WOLF LAKE,Ron Zurawell,54.7,-110.95,38.3,9.2,2.9,15.91,905.0,28.0,0.005,5.8,0.07
789,2005-08-04 08:20:00,WOLF LAKE,Ron Zurawell,54.7,-110.95,38.3,9.2,4.5,18.67,805.0,20.0,0.005,4.0,0.11
790,2005-08-20 06:30:00,WOLF LAKE,Ron Zurawell,54.7,-110.95,38.3,9.2,3.6,15.5,786.0,17.0,0.006,3.9,0.13
791,2006-07-17 10:17:00,WOLF LAKE,Ron Zurawell,54.7,-110.95,38.3,9.2,3.25,20.34,825.0,19.0,0.005,3.57,0.07
792,2006-08-10 12:41:00,WOLF LAKE,Ron Zurawell,54.7,-110.95,38.3,9.2,3.0,21.05,815.0,16.0,0.005,3.02,0.07
793,2006-09-11 09:55:00,WOLF LAKE,Ron Zurawell,54.7,-110.95,38.3,9.2,4.0,17.46,825.0,22.0,0.005,2.83,0.07
794,2007-08-02 10:00:00,WOLF LAKE,Ron Zurawell,54.7,-110.95,38.3,9.2,3.25,,765.0,16.0,0.005,2.92,0.17
795,2007-08-30 10:45:00,WOLF LAKE,Ron Zurawell,54.7,-110.95,38.3,9.2,3.5,15.46,,20.0,,2.59,0.07
796,2007-09-18 15:00:00,WOLF LAKE,Ron Zurawell,54.7,-110.95,38.3,9.2,3.5,14.11,697.0,17.0,0.007,2.36,0.07
